# parallel spread survey: 3000 configs (1000 words x 3 3-x3 masks), 8-wide, 75s wall, 6 workers each
UNSAT yoghurtcupjes mask=0,1,3,6,9,11,12 (7s)
UNSAT yoghurtkuipje mask=0,1,2,6,10,11,12 (8s)
UNSAT yoghurtkuipje mask=0,1,3,6,9,11,12 (8s)
UNSAT yuppiecultuur mask=0,1,2,6,10,11,12 (9s)
UNSAT yuppiecultuur mask=0,1,3,6,9,11,12 (9s)
UNSAT yuppiecultuur mask=0,1,5,6,7,11,12 (9s)
UNSAT yoghurtcupjes mask=0,1,2,6,10,11,12 (9s)
UNSAT yoghurtcupjes mask=0,1,5,6,7,11,12 (9s)
NOCAND campingcheque mask=0,1,2,6,10,11,12 (4s)
UNSAT campingcheque mask=0,1,3,6,9,11,12 (7s)
UNSAT yoghurtkuipje mask=0,1,5,6,7,11,12 (9s)
UNSAT hiphopchickje mask=0,1,5,6,7,11,12 (7s)
UNSAT campingcheque mask=0,1,5,6,7,11,12 (9s)
UNSAT yoghurtachtig mask=0,1,2,6,10,11,12 (10s)
UNSAT yoghurtachtig mask=0,1,3,6,9,11,12 (9s)
UNSAT yoghurtachtig mask=0,1,5,6,7,11,12 (7s)
UNSAT gehuighockeyd mask=0,1,3,6,9,11,12 (7s)
UNSAT gehuighockeyd mask=0,1,5,6,7,11,12 (6s)
UNSAT gehuighockeyd mask=0,1,2,6,10,11,12 (9s)
UNSAT natuurquizjes mask=0,1,2,6,10,11,12 (9s)
UNSAT varkenscyclus mask=0,1,2,6,10,11,12 (6s)
UNSAT natuurquizjes mask=0,1,3,6,9,11,12 (9s)
UNSAT varkenscyclus mask=0,1,3,6,9,11,12 (7s)
UNSAT natuurquizjes mask=0,1,5,6,7,11,12 (9s)
UNSAT varkenscyclus mask=0,1,5,6,7,11,12 (9s)
UNSAT jujubevormpje mask=0,1,2,6,10,11,12 (6s)
UNSAT jujubevormpje mask=0,1,3,6,9,11,12 (7s)
UNSAT countryclubje mask=0,1,2,6,10,11,12 (6s)
UNSAT jujubevormpje mask=0,1,5,6,7,11,12 (9s)
UNSAT countryclubje mask=0,1,3,6,9,11,12 (9s)
UNSAT struikcultuur mask=0,1,2,6,10,11,12 (7s)
UNSAT countryclubje mask=0,1,5,6,7,11,12 (8s)
UNSAT struikcultuur mask=0,1,3,6,9,11,12 (7s)
UNSAT struikcultuur mask=0,1,5,6,7,11,12 (7s)
UNSAT rubbercultuur mask=0,1,2,6,10,11,12 (9s)
UNSAT rubbercultuur mask=0,1,3,6,9,11,12 (8s)
UNSAT burgercultuur mask=0,1,3,6,9,11,12 (6s)
UNSAT rubbercultuur mask=0,1,5,6,7,11,12 (9s)
UNSAT burgercultuur mask=0,1,2,6,10,11,12 (10s)
UNSAT burgercultuur mask=0,1,5,6,7,11,12 (9s)
UNSAT burgerjurytje mask=0,1,2,6,10,11,12 (7s)
UNSAT burgerjurytje mask=0,1,5,6,7,11,12 (6s)
UNSAT yoghurtcakeje mask=0,1,2,6,10,11,12 (7s)
UNSAT burgerjurytje mask=0,1,3,6,9,11,12 (9s)
UNSAT yoghurtcakeje mask=0,1,5,6,7,11,12 (7s)
UNSAT yoghurtcakeje mask=0,1,3,6,9,11,12 (9s)
UNSAT yuppiewijkjes mask=0,1,3,6,9,11,12 (7s)
UNSAT yuppiewijkjes mask=0,1,5,6,7,11,12 (8s)
UNSAT yuppenwijkjes mask=0,1,3,6,9,11,12 (8s)
UNSAT natuurquizzen mask=0,1,2,6,10,11,12 (7s)
UNSAT yuppenwijkjes mask=0,1,5,6,7,11,12 (9s)
UNSAT natuurquizzen mask=0,1,3,6,9,11,12 (9s)
UNSAT natuurquizzen mask=0,1,5,6,7,11,12 (7s)
UNSAT campingvlucht mask=0,1,2,6,10,11,12 (8s)
UNSAT campingvlucht mask=0,1,3,6,9,11,12 (7s)
NOCAND quarkexpertje mask=0,1,2,6,10,11,12 (4s)
NOCAND quarkexpertje mask=0,1,3,6,9,11,12 (2s)
NOCAND quarkexpertje mask=0,1,5,6,7,11,12 (3s)
UNSAT campingvlucht mask=0,1,5,6,7,11,12 (9s)
TIMEOUT hiphopchickje mask=0,1,2,6,10,11,12 (75s)
TIMEOUT hiphopchickje mask=0,1,3,6,9,11,12 (75s)
UNSAT yoghurtsausje mask=0,1,5,6,7,11,12 (7s)
UNSAT yoghurtsausje mask=0,1,2,6,10,11,12 (9s)
UNSAT yoghurtsausje mask=0,1,3,6,9,11,12 (9s)
UNSAT yoghurtpakjes mask=0,1,2,6,10,11,12 (6s)
UNSAT yoghurtpakjes mask=0,1,3,6,9,11,12 (9s)
UNSAT yoghurtpakjes mask=0,1,5,6,7,11,12 (10s)
UNSAT yoghurtijsjes mask=0,1,2,6,10,11,12 (7s)
UNSAT yoghurtijsjes mask=0,1,3,6,9,11,12 (9s)
UNSAT yoghurtijsjes mask=0,1,5,6,7,11,12 (9s)
UNSAT natuuryoghurt mask=0,1,2,6,10,11,12 (9s)
UNSAT natuuryoghurt mask=0,1,5,6,7,11,12 (6s)
UNSAT computeraccus mask=0,1,2,6,10,11,12 (8s)
UNSAT natuuryoghurt mask=0,1,3,6,9,11,12 (10s)
UNSAT yoghurtsnacks mask=0,1,2,6,10,11,12 (6s)
UNSAT computeraccus mask=0,1,5,6,7,11,12 (8s)
UNSAT yoghurtsnacks mask=0,1,3,6,9,11,12 (8s)
UNSAT yoghurtsnacks mask=0,1,5,6,7,11,12 (9s)
UNSAT stuurplechtje mask=0,1,5,6,7,11,12 (6s)
UNSAT stuurplechtje mask=0,1,2,6,10,11,12 (9s)
UNSAT stuurplechtje mask=0,1,3,6,9,11,12 (9s)
UNSAT gebuikschuifd mask=0,1,2,6,10,11,12 (7s)
UNSAT gebuikschuifd mask=0,1,3,6,9,11,12 (9s)
UNSAT figuurzwemmer mask=0,1,3,6,9,11,12 (9s)
UNSAT figuurzwemmer mask=0,1,5,6,7,11,12 (8s)
UNSAT computerhypes mask=0,1,2,6,10,11,12 (9s)
UNSAT computerhypes mask=0,1,5,6,7,11,12 (7s)
TIMEOUT yuppiewijkjes mask=0,1,2,6,10,11,12 (75s)
UNSAT computerhypes mask=0,1,3,6,9,11,12 (9s)
TIMEOUT yuppenwijkjes mask=0,1,2,6,10,11,12 (75s)
NOCAND verkoopquotum mask=0,1,5,6,7,11,12 (4s)
UNSAT uitgeefcowboy mask=0,1,2,6,10,11,12 (6s)
UNSAT verkoopquotum mask=0,1,2,6,10,11,12 (9s)
UNSAT verkoopquotum mask=0,1,3,6,9,11,12 (9s)
UNSAT uitgeefcowboy mask=0,1,3,6,9,11,12 (9s)
UNSAT uitgeefcowboy mask=0,1,5,6,7,11,12 (9s)
UNSAT suikerquotums mask=0,1,2,6,10,11,12 (8s)
UNSAT suikerquotums mask=0,1,3,6,9,11,12 (9s)
UNSAT suikerquotums mask=0,1,5,6,7,11,12 (9s)
UNSAT krukgewichtje mask=0,1,3,6,9,11,12 (6s)
UNSAT krukgewichtje mask=0,1,2,6,10,11,12 (9s)
UNSAT krukgewichtje mask=0,1,5,6,7,11,12 (8s)
UNSAT jongejuffrouw mask=0,1,2,6,10,11,12 (9s)
UNSAT jongejuffrouw mask=0,1,3,6,9,11,12 (9s)
UNSAT jongejuffrouw mask=0,1,5,6,7,11,12 (9s)
UNSAT burgerchickje mask=0,1,5,6,7,11,12 (9s)
UNSAT houtrecycling mask=0,1,2,6,10,11,12 (9s)
UNSAT houtrecycling mask=0,1,3,6,9,11,12 (9s)
TIMEOUT computeraccus mask=0,1,3,6,9,11,12 (75s)
UNSAT houtrecycling mask=0,1,5,6,7,11,12 (8s)
UNSAT houtrecyclage mask=0,1,2,6,10,11,12 (8s)
UNSAT houtrecyclage mask=0,1,3,6,9,11,12 (9s)
UNSAT houtrecyclage mask=0,1,5,6,7,11,12 (9s)
UNSAT vuurgevechtje mask=0,1,2,6,10,11,12 (9s)
UNSAT vuurgevechtje mask=0,1,3,6,9,11,12 (9s)
UNSAT vuurgevechtje mask=0,1,5,6,7,11,12 (8s)
TIMEOUT gebuikschuifd mask=0,1,5,6,7,11,12 (76s)
TIMEOUT figuurzwemmer mask=0,1,2,6,10,11,12 (75s)
UNSAT chartervlucht mask=0,1,3,6,9,11,12 (7s)
UNSAT chartervlucht mask=0,1,2,6,10,11,12 (9s)
UNSAT chartervlucht mask=0,1,5,6,7,11,12 (9s)
UNSAT quebrachootje mask=0,1,2,6,10,11,12 (8s)
UNSAT quebrachootje mask=0,1,5,6,7,11,12 (6s)
UNSAT kajuitjachtje mask=0,1,3,6,9,11,12 (9s)
UNSAT chihuahuaatje mask=0,1,2,6,10,11,12 (8s)
UNSAT kajuitjachtje mask=0,1,5,6,7,11,12 (9s)
UNSAT chihuahuaatje mask=0,1,3,6,9,11,12 (9s)
UNSAT chihuahuaatje mask=0,1,5,6,7,11,12 (7s)
UNSAT yoghurtshakes mask=0,1,3,6,9,11,12 (7s)
UNSAT yoghurtshakes mask=0,1,2,6,10,11,12 (8s)
UNSAT yoghurtshakes mask=0,1,5,6,7,11,12 (8s)
UNSAT yoghurtsauzen mask=0,1,3,6,9,11,12 (6s)
UNSAT yoghurtsauzen mask=0,1,2,6,10,11,12 (9s)
UNSAT yoghurtsauzen mask=0,1,5,6,7,11,12 (8s)
UNSAT yoghurtfirmas mask=0,1,2,6,10,11,12 (9s)
UNSAT suikercultuur mask=0,1,2,6,10,11,12 (7s)
UNSAT yoghurtfirmas mask=0,1,3,6,9,11,12 (10s)
UNSAT yoghurtfirmas mask=0,1,5,6,7,11,12 (9s)
TIMEOUT burgerchickje mask=0,1,2,6,10,11,12 (75s)
UNSAT suikercultuur mask=0,1,3,6,9,11,12 (9s)
TIMEOUT burgerchickje mask=0,1,3,6,9,11,12 (75s)
UNSAT jujubevormigs mask=0,1,2,6,10,11,12 (7s)
UNSAT jujubevormigs mask=0,1,5,6,7,11,12 (7s)
UNSAT suikercultuur mask=0,1,5,6,7,11,12 (9s)
UNSAT jujubevormigs mask=0,1,3,6,9,11,12 (9s)
NOCAND steppelynxjes mask=0,1,3,6,9,11,12 (3s)
UNSAT figuurstukjes mask=0,1,3,6,9,11,12 (9s)
UNSAT steppelynxjes mask=0,1,2,6,10,11,12 (7s)
NOCAND zuigreflexjes mask=0,1,3,6,9,11,12 (3s)
UNSAT figuurstukjes mask=0,1,5,6,7,11,12 (9s)
UNSAT steppelynxjes mask=0,1,5,6,7,11,12 (8s)
UNSAT zuigreflexjes mask=0,1,2,6,10,11,12 (9s)
UNSAT kurkbuffertje mask=0,1,2,6,10,11,12 (6s)
UNSAT kurkbuffertje mask=0,1,3,6,9,11,12 (7s)
UNSAT kurkbuffertje mask=0,1,5,6,7,11,12 (7s)
UNSAT zuigreflexjes mask=0,1,5,6,7,11,12 (9s)
UNSAT hiphopchickie mask=0,1,5,6,7,11,12 (9s)
UNSAT zakuurwerkjes mask=0,1,2,6,10,11,12 (9s)
UNSAT zakuurwerkjes mask=0,1,3,6,9,11,12 (9s)
TIMEOUT quebrachootje mask=0,1,3,6,9,11,12 (75s)
TIMEOUT kajuitjachtje mask=0,1,2,6,10,11,12 (75s)
UNSAT zakuurwerkjes mask=0,1,5,6,7,11,12 (9s)
UNSAT verhaalschuld mask=0,1,2,6,10,11,12 (9s)
UNSAT verhaalschuld mask=0,1,3,6,9,11,12 (9s)
UNSAT verhaalschuld mask=0,1,5,6,7,11,12 (7s)
UNSAT subjunctiefje mask=0,1,2,6,10,11,12 (7s)
UNSAT subjunctiefje mask=0,1,3,6,9,11,12 (9s)
UNSAT subjunctiefje mask=0,1,5,6,7,11,12 (9s)
UNSAT hakhoutwoudje mask=0,1,3,6,9,11,12 (6s)
UNSAT hakhoutwoudje mask=0,1,5,6,7,11,12 (6s)
UNSAT grijpklauwtje mask=0,1,3,6,9,11,12 (6s)
UNSAT grijpklauwtje mask=0,1,5,6,7,11,12 (7s)
UNSAT grijpklauwtje mask=0,1,2,6,10,11,12 (9s)
UNSAT futurologisch mask=0,1,2,6,10,11,12 (7s)
UNSAT futurologisch mask=0,1,3,6,9,11,12 (8s)
UNSAT futurologisch mask=0,1,5,6,7,11,12 (9s)
UNSAT figuurzwemmen mask=0,1,3,6,9,11,12 (8s)
UNSAT figuurgedicht mask=0,1,2,6,10,11,12 (6s)
UNSAT figuurzwemmen mask=0,1,5,6,7,11,12 (10s)
UNSAT figuurgedicht mask=0,1,3,6,9,11,12 (9s)
TIMEOUT figuurstukjes mask=0,1,2,6,10,11,12 (75s)
UNSAT debuutmatchje mask=0,1,2,6,10,11,12 (6s)
UNSAT figuurgedicht mask=0,1,5,6,7,11,12 (8s)
UNSAT yuppieachtigs mask=0,1,2,6,10,11,12 (6s)
UNSAT debuutmatchje mask=0,1,5,6,7,11,12 (9s)
UNSAT yuppieachtigs mask=0,1,3,6,9,11,12 (10s)
TIMEOUT hiphopchickie mask=0,1,2,6,10,11,12 (75s)
UNSAT yuppieachtigs mask=0,1,5,6,7,11,12 (8s)
UNSAT trombolyticum mask=0,1,2,6,10,11,12 (9s)
TIMEOUT hiphopchickie mask=0,1,3,6,9,11,12 (76s)
UNSAT trombolyticum mask=0,1,3,6,9,11,12 (8s)
UNSAT huighockeyend mask=0,1,2,6,10,11,12 (7s)
UNSAT trombolyticum mask=0,1,5,6,7,11,12 (8s)
UNSAT huighockeyend mask=0,1,5,6,7,11,12 (8s)
UNSAT huighockeyend mask=0,1,3,6,9,11,12 (9s)
UNSAT huighockeyden mask=0,1,3,6,9,11,12 (6s)
UNSAT huighockeyden mask=0,1,2,6,10,11,12 (9s)
UNSAT huighockeyden mask=0,1,5,6,7,11,12 (9s)
UNSAT vorkheftrucks mask=0,1,5,6,7,11,12 (7s)
UNSAT vorkheftrucks mask=0,1,2,6,10,11,12 (9s)
UNSAT hoogbouwbuurt mask=0,1,2,6,10,11,12 (8s)
UNSAT vorkheftrucks mask=0,1,3,6,9,11,12 (10s)
TIMEOUT hakhoutwoudje mask=0,1,2,6,10,11,12 (75s)
UNSAT hoogbouwbuurt mask=0,1,5,6,7,11,12 (6s)
UNSAT hoogbouwbuurt mask=0,1,3,6,9,11,12 (9s)
UNSAT hippiecultuur mask=0,1,3,6,9,11,12 (6s)
UNSAT hippiecultuur mask=0,1,2,6,10,11,12 (9s)
UNSAT hippiecultuur mask=0,1,5,6,7,11,12 (9s)
UNSAT houtparenchym mask=0,1,2,6,10,11,12 (9s)
UNSAT houtparenchym mask=0,1,5,6,7,11,12 (9s)
UNSAT natuurwachtje mask=0,1,3,6,9,11,12 (9s)
UNSAT natuurwachtje mask=0,1,5,6,7,11,12 (9s)
TIMEOUT figuurzwemmen mask=0,1,2,6,10,11,12 (75s)
UNSAT hiphopcircuit mask=0,1,2,6,10,11,12 (9s)
NOCAND minimumquotum mask=0,1,5,6,7,11,12 (4s)
UNSAT hiphopcircuit mask=0,1,3,6,9,11,12 (9s)
UNSAT hiphopcircuit mask=0,1,5,6,7,11,12 (6s)
UNSAT minimumquotum mask=0,1,3,6,9,11,12 (6s)
UNSAT minimumquotum mask=0,1,2,6,10,11,12 (7s)
UNSAT wijkgebouwtje mask=0,1,5,6,7,11,12 (7s)
UNSAT wijkgebouwtje mask=0,1,2,6,10,11,12 (8s)
UNSAT wijkgebouwtje mask=0,1,3,6,9,11,12 (9s)
UNSAT mutahhuwelijk mask=0,1,2,6,10,11,12 (9s)
UNSAT mutahhuwelijk mask=0,1,3,6,9,11,12 (9s)
TIMEOUT debuutmatchje mask=0,1,3,6,9,11,12 (75s)
UNSAT mutahhuwelijk mask=0,1,5,6,7,11,12 (7s)
UNSAT chipmolochjes mask=0,1,2,6,10,11,12 (7s)
UNSAT chipmolochjes mask=0,1,3,6,9,11,12 (7s)
UNSAT chipmolochjes mask=0,1,5,6,7,11,12 (8s)
NOCAND quarkexpertes mask=0,1,2,6,10,11,12 (4s)
NOCAND quarkexpertes mask=0,1,3,6,9,11,12 (4s)
NOCAND quarkexpertes mask=0,1,5,6,7,11,12 (4s)
UNSAT burgerwachtje mask=0,1,5,6,7,11,12 (8s)
UNSAT burgerwachtje mask=0,1,3,6,9,11,12 (9s)
NOCAND voetbalquizje mask=0,1,5,6,7,11,12 (3s)
UNSAT voetbalquizje mask=0,1,2,6,10,11,12 (7s)
UNSAT voetbalquizje mask=0,1,3,6,9,11,12 (9s)
UNSAT barbituurzuur mask=0,1,2,6,10,11,12 (8s)
NOCAND parkeercheque mask=0,1,2,6,10,11,12 (4s)
UNSAT barbituurzuur mask=0,1,3,6,9,11,12 (9s)
UNSAT barbituurzuur mask=0,1,5,6,7,11,12 (10s)
UNSAT parkeercheque mask=0,1,3,6,9,11,12 (9s)
UNSAT parkeercheque mask=0,1,5,6,7,11,12 (9s)
UNSAT hiphopshowtje mask=0,1,2,6,10,11,12 (9s)
UNSAT hiphopshowtje mask=0,1,5,6,7,11,12 (9s)
UNSAT quarterbackje mask=0,1,3,6,9,11,12 (6s)
UNSAT quarterbackje mask=0,1,2,6,10,11,12 (9s)
UNSAT quarterbackje mask=0,1,5,6,7,11,12 (9s)
UNSAT yoghurtpakken mask=0,1,3,6,9,11,12 (6s)
UNSAT yoghurtpakken mask=0,1,2,6,10,11,12 (9s)
UNSAT yoghurtpakken mask=0,1,5,6,7,11,12 (9s)
TIMEOUT houtparenchym mask=0,1,3,6,9,11,12 (75s)
UNSAT yoghurtketels mask=0,1,2,6,10,11,12 (9s)
TIMEOUT natuurwachtje mask=0,1,2,6,10,11,12 (75s)
UNSAT yoghurtketels mask=0,1,3,6,9,11,12 (9s)
UNSAT yoghurtketels mask=0,1,5,6,7,11,12 (8s)
UNSAT inburgerbuddy mask=0,1,3,6,9,11,12 (7s)
UNSAT inburgerbuddy mask=0,1,2,6,10,11,12 (9s)
UNSAT inburgerbuddy mask=0,1,5,6,7,11,12 (9s)
UNSAT verhuurtijdje mask=0,1,2,6,10,11,12 (9s)
UNSAT verhuurtijdje mask=0,1,5,6,7,11,12 (6s)
UNSAT verhuurtijdje mask=0,1,3,6,9,11,12 (8s)
UNSAT stuurimpulsje mask=0,1,2,6,10,11,12 (6s)
UNSAT stuurimpulsje mask=0,1,5,6,7,11,12 (9s)
UNSAT jujubevormige mask=0,1,2,6,10,11,12 (8s)
UNSAT jujubevormige mask=0,1,3,6,9,11,12 (9s)
UNSAT jujubevormige mask=0,1,5,6,7,11,12 (9s)
UNSAT hiphopclipjes mask=0,1,5,6,7,11,12 (7s)
UNSAT debuutfilmpje mask=0,1,2,6,10,11,12 (6s)
UNSAT debuutfilmpje mask=0,1,3,6,9,11,12 (7s)
TIMEOUT burgerwachtje mask=0,1,2,6,10,11,12 (75s)
UNSAT debuutfilmpje mask=0,1,5,6,7,11,12 (8s)
UNSAT yuppenflatjes mask=0,1,5,6,7,11,12 (9s)
NOCAND buikreflexjes mask=0,1,3,6,9,11,12 (2s)
UNSAT buikreflexjes mask=0,1,2,6,10,11,12 (8s)
UNSAT ruhmkorffklos mask=0,1,2,6,10,11,12 (6s)
TIMEOUT hiphopshowtje mask=0,1,3,6,9,11,12 (75s)
UNSAT buikreflexjes mask=0,1,5,6,7,11,12 (9s)
UNSAT ruhmkorffklos mask=0,1,3,6,9,11,12 (6s)
UNSAT ruhmkorffklos mask=0,1,5,6,7,11,12 (9s)
UNSAT jukbruggetjes mask=0,1,2,6,10,11,12 (9s)
UNSAT jukbruggetjes mask=0,1,3,6,9,11,12 (6s)
UNSAT chemotactisch mask=0,1,3,6,9,11,12 (6s)
UNSAT jukbruggetjes mask=0,1,5,6,7,11,12 (9s)
UNSAT chemotactisch mask=0,1,2,6,10,11,12 (9s)
UNSAT spruithyacint mask=0,1,2,6,10,11,12 (9s)
UNSAT spruithyacint mask=0,1,3,6,9,11,12 (9s)
TIMEOUT stuurimpulsje mask=0,1,3,6,9,11,12 (75s)
UNSAT spruithyacint mask=0,1,5,6,7,11,12 (9s)
UNSAT butterflytjes mask=0,1,2,6,10,11,12 (9s)
TIMEOUT hiphopclipjes mask=0,1,2,6,10,11,12 (75s)
UNSAT butterflytjes mask=0,1,3,6,9,11,12 (9s)
TIMEOUT hiphopclipjes mask=0,1,3,6,9,11,12 (75s)
UNSAT butterflytjes mask=0,1,5,6,7,11,12 (9s)
UNSAT zuurpruimpjes mask=0,1,2,6,10,11,12 (9s)
UNSAT zuurpruimpjes mask=0,1,3,6,9,11,12 (8s)
TIMEOUT yuppenflatjes mask=0,1,2,6,10,11,12 (76s)
UNSAT zuurpruimpjes mask=0,1,5,6,7,11,12 (9s)
UNSAT zuurpakhuisje mask=0,1,2,6,10,11,12 (9s)
TIMEOUT yuppenflatjes mask=0,1,3,6,9,11,12 (75s)
UNSAT zuurpakhuisje mask=0,1,5,6,7,11,12 (9s)
UNSAT vuurpijlbokje mask=0,1,2,6,10,11,12 (8s)
UNSAT vuurpijlbokje mask=0,1,5,6,7,11,12 (7s)
UNSAT vuurpijlbokje mask=0,1,3,6,9,11,12 (8s)
UNSAT vuurbruggetje mask=0,1,2,6,10,11,12 (9s)
UNSAT vuurbruggetje mask=0,1,3,6,9,11,12 (10s)
UNSAT vuurbruggetje mask=0,1,5,6,7,11,12 (9s)
UNSAT verhuiswijzer mask=0,1,3,6,9,11,12 (9s)
UNSAT stuurtouwtjes mask=0,1,3,6,9,11,12 (6s)
UNSAT verhuiswijzer mask=0,1,5,6,7,11,12 (9s)
UNSAT stuurtouwtjes mask=0,1,2,6,10,11,12 (8s)
UNSAT stuurtouwtjes mask=0,1,5,6,7,11,12 (8s)
UNSAT struikculture mask=0,1,5,6,7,11,12 (7s)
UNSAT struikculture mask=0,1,2,6,10,11,12 (8s)
UNSAT lemuurachtigs mask=0,1,2,6,10,11,12 (8s)
UNSAT struikculture mask=0,1,3,6,9,11,12 (9s)
UNSAT lemuurachtigs mask=0,1,3,6,9,11,12 (9s)
UNSAT lemuurachtigs mask=0,1,5,6,7,11,12 (6s)
UNSAT futuristischt mask=0,1,2,6,10,11,12 (9s)
UNSAT debuutclipjes mask=0,1,2,6,10,11,12 (7s)
UNSAT futuristischt mask=0,1,5,6,7,11,12 (10s)
TIMEOUT chemotactisch mask=0,1,5,6,7,11,12 (75s)
UNSAT augurkachtigs mask=0,1,2,6,10,11,12 (6s)
UNSAT debuutclipjes mask=0,1,5,6,7,11,12 (9s)
UNSAT augurkachtigs mask=0,1,3,6,9,11,12 (8s)
UNSAT augurkachtigs mask=0,1,5,6,7,11,12 (9s)
UNSAT yuppieachtige mask=0,1,2,6,10,11,12 (9s)
UNSAT yuppieachtige mask=0,1,3,6,9,11,12 (9s)
UNSAT yuppieachtige mask=0,1,5,6,7,11,12 (9s)
UNSAT yuppendochter mask=0,1,3,6,9,11,12 (8s)
UNSAT yuppendochter mask=0,1,5,6,7,11,12 (9s)
UNSAT tribrachysjes mask=0,1,2,6,10,11,12 (8s)
UNSAT tribrachysjes mask=0,1,3,6,9,11,12 (9s)
TIMEOUT zuurpakhuisje mask=0,1,3,6,9,11,12 (75s)
UNSAT tribrachysjes mask=0,1,5,6,7,11,12 (8s)
UNSAT communitytjes mask=0,1,2,6,10,11,12 (8s)
UNSAT communitytjes mask=0,1,3,6,9,11,12 (7s)
UNSAT carpoolbuddys mask=0,1,3,6,9,11,12 (7s)
UNSAT communitytjes mask=0,1,5,6,7,11,12 (9s)
UNSAT carpoolbuddys mask=0,1,2,6,10,11,12 (9s)
TIMEOUT verhuiswijzer mask=0,1,2,6,10,11,12 (75s)
UNSAT carpoolbuddys mask=0,1,5,6,7,11,12 (6s)
UNSAT vermagerzucht mask=0,1,2,6,10,11,12 (6s)
UNSAT vermagerzucht mask=0,1,5,6,7,11,12 (9s)
UNSAT vermagerzucht mask=0,1,3,6,9,11,12 (9s)
UNSAT rubberculture mask=0,1,3,6,9,11,12 (6s)
UNSAT rubberculture mask=0,1,2,6,10,11,12 (9s)
UNSAT rubberculture mask=0,1,5,6,7,11,12 (9s)
UNSAT puikjuweeltje mask=0,1,5,6,7,11,12 (6s)
UNSAT puikjuweeltje mask=0,1,2,6,10,11,12 (9s)
UNSAT puikjuweeltje mask=0,1,3,6,9,11,12 (10s)
UNSAT muggenjachtje mask=0,1,3,6,9,11,12 (8s)
UNSAT muggenjachtje mask=0,1,5,6,7,11,12 (9s)
TIMEOUT futuristischt mask=0,1,3,6,9,11,12 (75s)
UNSAT lumberjackjes mask=0,1,3,6,9,11,12 (8s)
UNSAT lumberjackjes mask=0,1,2,6,10,11,12 (9s)
TIMEOUT debuutclipjes mask=0,1,3,6,9,11,12 (76s)
UNSAT lumberjackjes mask=0,1,5,6,7,11,12 (10s)
UNSAT laagbouwbuurt mask=0,1,5,6,7,11,12 (6s)
UNSAT laagbouwbuurt mask=0,1,2,6,10,11,12 (9s)
UNSAT laagbouwbuurt mask=0,1,3,6,9,11,12 (10s)
UNSAT keukenluchtje mask=0,1,2,6,10,11,12 (9s)
UNSAT keukenluchtje mask=0,1,3,6,9,11,12 (9s)
UNSAT keukenluchtje mask=0,1,5,6,7,11,12 (6s)
UNSAT kerkburchtjes mask=0,1,3,6,9,11,12 (7s)
UNSAT kerkburchtjes mask=0,1,5,6,7,11,12 (7s)
UNSAT kerkburchtjes mask=0,1,2,6,10,11,12 (8s)
UNSAT kerkbaljuwtje mask=0,1,2,6,10,11,12 (9s)
UNSAT kerkbaljuwtje mask=0,1,5,6,7,11,12 (7s)
TIMEOUT yuppendochter mask=0,1,2,6,10,11,12 (75s)
UNSAT kerkbaljuwtje mask=0,1,3,6,9,11,12 (9s)
UNSAT joggingclubje mask=0,1,2,6,10,11,12 (8s)
UNSAT joggingclubje mask=0,1,3,6,9,11,12 (7s)
UNSAT joggingclubje mask=0,1,5,6,7,11,12 (8s)
UNSAT honkbalclubje mask=0,1,5,6,7,11,12 (7s)
UNSAT dunbekwulpjes mask=0,1,2,6,10,11,12 (6s)
UNSAT honkbalclubje mask=0,1,2,6,10,11,12 (9s)
UNSAT dunbekwulpjes mask=0,1,3,6,9,11,12 (7s)
UNSAT honkbalclubje mask=0,1,3,6,9,11,12 (9s)
UNSAT dunbekwulpjes mask=0,1,5,6,7,11,12 (8s)
UNSAT chemokuurtjes mask=0,1,5,6,7,11,12 (7s)
UNSAT chemokuurtjes mask=0,1,3,6,9,11,12 (9s)
UNSAT watjekouwtjes mask=0,1,2,6,10,11,12 (7s)
UNSAT bruggebouwtje mask=0,1,2,6,10,11,12 (9s)
UNSAT bruggebouwtje mask=0,1,3,6,9,11,12 (8s)
UNSAT bruggebouwtje mask=0,1,5,6,7,11,12 (9s)
UNSAT watjekouwtjes mask=0,1,3,6,9,11,12 (6s)
UNSAT voorbuurvrouw mask=0,1,5,6,7,11,12 (7s)
UNSAT watjekouwtjes mask=0,1,5,6,7,11,12 (9s)
UNSAT voorbuurvrouw mask=0,1,2,6,10,11,12 (8s)
UNSAT verhaalcliche mask=0,1,3,6,9,11,12 (6s)
UNSAT voorbuurvrouw mask=0,1,3,6,9,11,12 (9s)
UNSAT verhaalcliche mask=0,1,2,6,10,11,12 (9s)
UNSAT verhaalcliche mask=0,1,5,6,7,11,12 (6s)
UNSAT buurthuiswerk mask=0,1,5,6,7,11,12 (6s)
UNSAT quakerskerkje mask=0,1,2,6,10,11,12 (7s)
UNSAT quakerskerkje mask=0,1,3,6,9,11,12 (6s)
UNSAT buurthuiswerk mask=0,1,2,6,10,11,12 (8s)
UNSAT buurthuiswerk mask=0,1,3,6,9,11,12 (9s)
UNSAT quakerskerkje mask=0,1,5,6,7,11,12 (7s)
TIMEOUT muggenjachtje mask=0,1,2,6,10,11,12 (75s)
UNSAT countrymuziek mask=0,1,3,6,9,11,12 (7s)
UNSAT countrymuziek mask=0,1,2,6,10,11,12 (9s)
UNSAT countrymuziek mask=0,1,5,6,7,11,12 (9s)
UNSAT yuppenkoppels mask=0,1,2,6,10,11,12 (10s)
UNSAT yuppenkoppels mask=0,1,5,6,7,11,12 (7s)
UNSAT wurggezwellen mask=0,1,2,6,10,11,12 (9s)
UNSAT wurggezwellen mask=0,1,5,6,7,11,12 (8s)
UNSAT wijkteamchefs mask=0,1,3,6,9,11,12 (8s)
UNSAT wijkteamchefs mask=0,1,2,6,10,11,12 (9s)
UNSAT wijkteamchefs mask=0,1,5,6,7,11,12 (9s)
UNSAT wijgoochempje mask=0,1,2,6,10,11,12 (9s)
UNSAT wijgoochempje mask=0,1,5,6,7,11,12 (6s)
UNSAT wijgoochempje mask=0,1,3,6,9,11,12 (10s)
UNSAT rubbercliches mask=0,1,2,6,10,11,12 (9s)
UNSAT rubbercliches mask=0,1,5,6,7,11,12 (6s)
UNSAT hubertusklauw mask=0,1,2,6,10,11,12 (9s)
UNSAT hubertusklauw mask=0,1,3,6,9,11,12 (9s)
UNSAT hubertusklauw mask=0,1,5,6,7,11,12 (9s)
UNSAT druktechnisch mask=0,1,2,6,10,11,12 (9s)
UNSAT druktechnisch mask=0,1,3,6,9,11,12 (8s)
UNSAT druktechnisch mask=0,1,5,6,7,11,12 (8s)
UNSAT computerchips mask=0,1,2,6,10,11,12 (9s)
TIMEOUT chemokuurtjes mask=0,1,2,6,10,11,12 (76s)
UNSAT computerchips mask=0,1,3,6,9,11,12 (9s)
UNSAT computerchips mask=0,1,5,6,7,11,12 (9s)
UNSAT chemigrafisch mask=0,1,3,6,9,11,12 (6s)
NOCAND quarkexperten mask=0,1,2,6,10,11,12 (4s)
UNSAT chemigrafisch mask=0,1,2,6,10,11,12 (9s)
NOCAND quarkexperten mask=0,1,3,6,9,11,12 (3s)
UNSAT chemigrafisch mask=0,1,5,6,7,11,12 (9s)
NOCAND quarkexperten mask=0,1,5,6,7,11,12 (4s)
UNSAT countryachtig mask=0,1,5,6,7,11,12 (6s)
UNSAT countryachtig mask=0,1,3,6,9,11,12 (8s)
UNSAT chromatocytje mask=0,1,3,6,9,11,12 (6s)
UNSAT countryachtig mask=0,1,2,6,10,11,12 (9s)
UNSAT chromatocytje mask=0,1,2,6,10,11,12 (8s)
NOCAND boekencheques mask=0,1,3,6,9,11,12 (3s)
UNSAT chromatocytje mask=0,1,5,6,7,11,12 (6s)
UNSAT boekencheques mask=0,1,2,6,10,11,12 (7s)
UNSAT boekencheques mask=0,1,5,6,7,11,12 (7s)
UNSAT weightwatcher mask=0,1,5,6,7,11,12 (6s)
UNSAT weightwatcher mask=0,1,2,6,10,11,12 (9s)
UNSAT weightwatcher mask=0,1,3,6,9,11,12 (9s)
UNSAT waaggewichtje mask=0,1,2,6,10,11,12 (6s)
UNSAT waaggewichtje mask=0,1,3,6,9,11,12 (8s)
TIMEOUT yuppenkoppels mask=0,1,3,6,9,11,12 (75s)
UNSAT waaggewichtje mask=0,1,5,6,7,11,12 (6s)
UNSAT carbonschaduw mask=0,1,3,6,9,11,12 (7s)
UNSAT carbonschaduw mask=0,1,2,6,10,11,12 (9s)
TIMEOUT wurggezwellen mask=0,1,3,6,9,11,12 (75s)
UNSAT carbonschaduw mask=0,1,5,6,7,11,12 (9s)
UNSAT vrijbewijsjes mask=0,1,2,6,10,11,12 (9s)
UNSAT vrijbewijsjes mask=0,1,3,6,9,11,12 (9s)
UNSAT spijkerjackje mask=0,1,2,6,10,11,12 (7s)
UNSAT vrijbewijsjes mask=0,1,5,6,7,11,12 (10s)
UNSAT spijkerjackje mask=0,1,3,6,9,11,12 (9s)
UNSAT spijkerjackje mask=0,1,5,6,7,11,12 (9s)
UNSAT hiphopachtigs mask=0,1,2,6,10,11,12 (9s)
UNSAT hiphopachtigs mask=0,1,3,6,9,11,12 (9s)
UNSAT hiphopachtigs mask=0,1,5,6,7,11,12 (10s)
TIMEOUT rubbercliches mask=0,1,3,6,9,11,12 (75s)
UNSAT hightechfonds mask=0,1,2,6,10,11,12 (9s)
UNSAT hightechfonds mask=0,1,3,6,9,11,12 (9s)
UNSAT winterquizjes mask=0,1,2,6,10,11,12 (7s)
UNSAT hightechfonds mask=0,1,5,6,7,11,12 (10s)
UNSAT winterquizjes mask=0,1,5,6,7,11,12 (6s)
UNSAT yoghurtsausen mask=0,1,2,6,10,11,12 (7s)
UNSAT yoghurttekort mask=0,1,5,6,7,11,12 (7s)
UNSAT yoghurttekort mask=0,1,2,6,10,11,12 (8s)
UNSAT yoghurttekort mask=0,1,3,6,9,11,12 (9s)
UNSAT yoghurtsausen mask=0,1,3,6,9,11,12 (9s)
UNSAT yoghurtsausen mask=0,1,5,6,7,11,12 (8s)
UNSAT lithoglyptiek mask=0,1,2,6,10,11,12 (9s)
UNSAT immuunsysteem mask=0,1,2,6,10,11,12 (7s)
UNSAT lithoglyptiek mask=0,1,3,6,9,11,12 (9s)
UNSAT lithoglyptiek mask=0,1,5,6,7,11,12 (9s)
UNSAT immuunsysteem mask=0,1,3,6,9,11,12 (9s)
UNSAT immuunsysteem mask=0,1,5,6,7,11,12 (9s)
UNSAT erejurylidjes mask=0,1,3,6,9,11,12 (7s)
UNSAT erejurylidjes mask=0,1,2,6,10,11,12 (9s)
UNSAT erejurylidjes mask=0,1,5,6,7,11,12 (7s)
UNSAT verhuurstopje mask=0,1,3,6,9,11,12 (7s)
UNSAT verhuurstopje mask=0,1,2,6,10,11,12 (8s)
UNSAT verhuurstopje mask=0,1,5,6,7,11,12 (9s)
UNSAT verhuurfirmas mask=0,1,2,6,10,11,12 (7s)
UNSAT verhuurbordje mask=0,1,2,6,10,11,12 (8s)
UNSAT verhuurfirmas mask=0,1,3,6,9,11,12 (9s)
UNSAT verhuurfirmas mask=0,1,5,6,7,11,12 (9s)
UNSAT verhuurbordje mask=0,1,3,6,9,11,12 (9s)
UNSAT verhuurbordje mask=0,1,5,6,7,11,12 (9s)
UNSAT verhuisbusjes mask=0,1,3,6,9,11,12 (9s)
UNSAT verhaalfiguur mask=0,1,5,6,7,11,12 (6s)
UNSAT verhaalfiguur mask=0,1,2,6,10,11,12 (9s)
UNSAT verhuisbusjes mask=0,1,5,6,7,11,12 (9s)
UNSAT verhaalfiguur mask=0,1,3,6,9,11,12 (9s)
UNSAT stuurknuppels mask=0,1,2,6,10,11,12 (8s)
UNSAT stuurknuppels mask=0,1,3,6,9,11,12 (8s)
UNSAT gebumpersurfd mask=0,1,2,6,10,11,12 (6s)
UNSAT gebumpersurft mask=0,1,2,6,10,11,12 (9s)
UNSAT gebumpersurft mask=0,1,3,6,9,11,12 (9s)
UNSAT stuurknuppels mask=0,1,5,6,7,11,12 (9s)
UNSAT gebumpersurft mask=0,1,5,6,7,11,12 (8s)
UNSAT gebumpersurfd mask=0,1,3,6,9,11,12 (9s)
UNSAT gebumpersurfd mask=0,1,5,6,7,11,12 (6s)
UNSAT figuurzaagjes mask=0,1,2,6,10,11,12 (9s)
UNSAT figuurzaagjes mask=0,1,3,6,9,11,12 (9s)
UNSAT figuurzaagjes mask=0,1,5,6,7,11,12 (10s)
UNSAT figuurstukken mask=0,1,5,6,7,11,12 (8s)
UNSAT figuurstukken mask=0,1,3,6,9,11,12 (9s)
UNSAT figuursleutel mask=0,1,3,6,9,11,12 (9s)
UNSAT figuursleutel mask=0,1,5,6,7,11,12 (9s)
TIMEOUT winterquizjes mask=0,1,3,6,9,11,12 (76s)
UNSAT figuurlijkste mask=0,1,3,6,9,11,12 (9s)
UNSAT figuurlijkste mask=0,1,5,6,7,11,12 (9s)
UNSAT figuurlijkers mask=0,1,3,6,9,11,12 (9s)
UNSAT figuurlijkers mask=0,1,5,6,7,11,12 (9s)
UNSAT augurkkleurig mask=0,1,2,6,10,11,12 (9s)
UNSAT augurkkleurig mask=0,1,3,6,9,11,12 (9s)
UNSAT augurkkleurig mask=0,1,5,6,7,11,12 (9s)
UNSAT zorgreflexjes mask=0,1,2,6,10,11,12 (8s)
NOCAND zorgreflexjes mask=0,1,3,6,9,11,12 (3s)
NOCAND duikreflexjes mask=0,1,3,6,9,11,12 (4s)
UNSAT zorgreflexjes mask=0,1,5,6,7,11,12 (9s)
UNSAT duikreflexjes mask=0,1,2,6,10,11,12 (9s)
TIMEOUT verhuisbusjes mask=0,1,2,6,10,11,12 (75s)
UNSAT werkbubbeltje mask=0,1,3,6,9,11,12 (6s)
UNSAT duikreflexjes mask=0,1,5,6,7,11,12 (10s)
UNSAT werkbubbeltje mask=0,1,2,6,10,11,12 (8s)
UNSAT werkbubbeltje mask=0,1,5,6,7,11,12 (7s)
UNSAT knuppelbrugje mask=0,1,2,6,10,11,12 (6s)
UNSAT wenkbrauwwenk mask=0,1,2,6,10,11,12 (9s)
UNSAT wenkbrauwwenk mask=0,1,5,6,7,11,12 (10s)
UNSAT knuppelbrugje mask=0,1,5,6,7,11,12 (6s)
TIMEOUT figuurstukken mask=0,1,2,6,10,11,12 (75s)
UNSAT knuppelbrugje mask=0,1,3,6,9,11,12 (9s)
UNSAT brugmuggetjes mask=0,1,2,6,10,11,12 (8s)
NOCAND zoutjesmixjes mask=0,1,3,6,9,11,12 (4s)
UNSAT zoutjesmixjes mask=0,1,2,6,10,11,12 (6s)
UNSAT brugmuggetjes mask=0,1,5,6,7,11,12 (7s)
TIMEOUT figuursleutel mask=0,1,2,6,10,11,12 (75s)
NOCAND kettingfluxje mask=0,1,2,6,10,11,12 (4s)
UNSAT zoutjesmixjes mask=0,1,5,6,7,11,12 (6s)
TIMEOUT figuurlijkste mask=0,1,2,6,10,11,12 (75s)
UNSAT kettingfluxje mask=0,1,3,6,9,11,12 (9s)
UNSAT zuurtjeskleur mask=0,1,2,6,10,11,12 (7s)
UNSAT kettingfluxje mask=0,1,5,6,7,11,12 (9s)
TIMEOUT figuurlijkers mask=0,1,2,6,10,11,12 (75s)
UNSAT zuurtjeskleur mask=0,1,3,6,9,11,12 (7s)
UNSAT zuurtjeskleur mask=0,1,5,6,7,11,12 (7s)
UNSAT zeeuitzichtje mask=0,1,2,6,10,11,12 (6s)
UNSAT zuurpakhuizen mask=0,1,2,6,10,11,12 (9s)
UNSAT zuurpakhuizen mask=0,1,5,6,7,11,12 (9s)
UNSAT zeeuitzichtje mask=0,1,3,6,9,11,12 (8s)
UNSAT zeeuitzichtje mask=0,1,5,6,7,11,12 (8s)
UNSAT vuurpauzetjes mask=0,1,2,6,10,11,12 (7s)
UNSAT vuurmuizertje mask=0,1,2,6,10,11,12 (8s)
UNSAT vuurpauzetjes mask=0,1,5,6,7,11,12 (9s)
UNSAT vuurbuikpadje mask=0,1,2,6,10,11,12 (6s)
UNSAT vuurmuizertje mask=0,1,5,6,7,11,12 (9s)
UNSAT vuurbuikpadje mask=0,1,3,6,9,11,12 (9s)
UNSAT vrijheerschap mask=0,1,2,6,10,11,12 (9s)
UNSAT vuurbuikpadje mask=0,1,5,6,7,11,12 (9s)
UNSAT vrijheerschap mask=0,1,3,6,9,11,12 (8s)
UNSAT vrijheerschap mask=0,1,5,6,7,11,12 (6s)
TIMEOUT wenkbrauwwenk mask=0,1,3,6,9,11,12 (75s)
UNSAT verhuursector mask=0,1,2,6,10,11,12 (9s)
UNSAT verhuursector mask=0,1,3,6,9,11,12 (9s)
UNSAT verhuursector mask=0,1,5,6,7,11,12 (7s)
UNSAT verhaalplicht mask=0,1,3,6,9,11,12 (8s)
UNSAT verhaalplicht mask=0,1,2,6,10,11,12 (9s)
UNSAT traumachirurg mask=0,1,2,6,10,11,12 (8s)
UNSAT verhaalplicht mask=0,1,5,6,7,11,12 (9s)
TIMEOUT brugmuggetjes mask=0,1,3,6,9,11,12 (75s)
UNSAT terugmatchjes mask=0,1,2,6,10,11,12 (6s)
UNSAT traumachirurg mask=0,1,5,6,7,11,12 (9s)
UNSAT terugmatchjes mask=0,1,3,6,9,11,12 (9s)
UNSAT stuurplechten mask=0,1,2,6,10,11,12 (6s)
UNSAT terugmatchjes mask=0,1,5,6,7,11,12 (9s)
UNSAT stuurplechten mask=0,1,3,6,9,11,12 (8s)
UNSAT stuurplechten mask=0,1,5,6,7,11,12 (8s)
UNSAT stuurmanschap mask=0,1,3,6,9,11,12 (7s)
UNSAT stuurmanschap mask=0,1,2,6,10,11,12 (9s)
UNSAT stuurmanschap mask=0,1,5,6,7,11,12 (8s)
TIMEOUT zuurpakhuizen mask=0,1,3,6,9,11,12 (75s)
UNSAT stijgkrachtje mask=0,1,3,6,9,11,12 (7s)
UNSAT stijgkrachtje mask=0,1,2,6,10,11,12 (9s)
TIMEOUT vuurpauzetjes mask=0,1,3,6,9,11,12 (75s)
UNSAT pakhuisknecht mask=0,1,3,6,9,11,12 (8s)
UNSAT stijgkrachtje mask=0,1,5,6,7,11,12 (9s)
UNSAT pakhuisknecht mask=0,1,2,6,10,11,12 (9s)
TIMEOUT vuurmuizertje mask=0,1,3,6,9,11,12 (75s)
UNSAT pakhuisknecht mask=0,1,5,6,7,11,12 (8s)
UNSAT pakhuisachtig mask=0,1,5,6,7,11,12 (7s)
UNSAT pakhuisachtig mask=0,1,3,6,9,11,12 (9s)
UNSAT opiumpachtjes mask=0,1,2,6,10,11,12 (9s)
UNSAT opiumpachtjes mask=0,1,3,6,9,11,12 (9s)
UNSAT natuurwellust mask=0,1,2,6,10,11,12 (7s)
UNSAT opiumpachtjes mask=0,1,5,6,7,11,12 (9s)
UNSAT natuurwellust mask=0,1,3,6,9,11,12 (8s)
UNSAT natuurwellust mask=0,1,5,6,7,11,12 (9s)
UNSAT natuurmachtje mask=0,1,5,6,7,11,12 (8s)
UNSAT natuurmachtje mask=0,1,3,6,9,11,12 (9s)
UNSAT natuurlijkweg mask=0,1,3,6,9,11,12 (9s)
UNSAT natuurgezicht mask=0,1,2,6,10,11,12 (6s)
UNSAT natuurgezicht mask=0,1,3,6,9,11,12 (6s)
UNSAT natuurlijkweg mask=0,1,5,6,7,11,12 (9s)
UNSAT motherfuckers mask=0,1,2,6,10,11,12 (6s)
UNSAT natuurgezicht mask=0,1,5,6,7,11,12 (9s)
UNSAT motherfuckers mask=0,1,3,6,9,11,12 (9s)
UNSAT motherfuckers mask=0,1,5,6,7,11,12 (9s)
UNSAT minuutwijzers mask=0,1,2,6,10,11,12 (7s)
TIMEOUT traumachirurg mask=0,1,3,6,9,11,12 (75s)
UNSAT minuutwijzers mask=0,1,3,6,9,11,12 (9s)
UNSAT minuutwijzers mask=0,1,5,6,7,11,12 (9s)
UNSAT lemuurachtige mask=0,1,2,6,10,11,12 (9s)
UNSAT lemuurachtige mask=0,1,3,6,9,11,12 (9s)
UNSAT lemuurachtige mask=0,1,5,6,7,11,12 (9s)
UNSAT jaguarwelpjes mask=0,1,2,6,10,11,12 (9s)
UNSAT jaguarwelpjes mask=0,1,5,6,7,11,12 (8s)
UNSAT huurrijtuigje mask=0,1,2,6,10,11,12 (9s)
UNSAT huurbijslagje mask=0,1,2,6,10,11,12 (7s)
UNSAT huurrijtuigje mask=0,1,5,6,7,11,12 (9s)
UNSAT huurbijslagje mask=0,1,3,6,9,11,12 (9s)
UNSAT huurbijslagje mask=0,1,5,6,7,11,12 (8s)
UNSAT getuigschrift mask=0,1,2,6,10,11,12 (9s)
TIMEOUT pakhuisachtig mask=0,1,2,6,10,11,12 (75s)
UNSAT getuigschrift mask=0,1,3,6,9,11,12 (9s)
UNSAT getuigschrift mask=0,1,5,6,7,11,12 (9s)
UNSAT futuristische mask=0,1,2,6,10,11,12 (9s)
UNSAT futuristische mask=0,1,5,6,7,11,12 (9s)
TIMEOUT natuurmachtje mask=0,1,2,6,10,11,12 (75s)
UNSAT dekhuisopbouw mask=0,1,2,6,10,11,12 (10s)
TIMEOUT natuurlijkweg mask=0,1,2,6,10,11,12 (75s)
UNSAT debuutmatches mask=0,1,2,6,10,11,12 (7s)
UNSAT dekhuisopbouw mask=0,1,5,6,7,11,12 (9s)
UNSAT debuutmatches mask=0,1,5,6,7,11,12 (9s)
UNSAT augurkachtige mask=0,1,2,6,10,11,12 (9s)
UNSAT augurkachtige mask=0,1,3,6,9,11,12 (9s)
UNSAT augurkachtige mask=0,1,5,6,7,11,12 (9s)
UNSAT augurenlachje mask=0,1,2,6,10,11,12 (8s)
UNSAT augurenlachje mask=0,1,5,6,7,11,12 (8s)
UNSAT pompoencurrys mask=0,1,2,6,10,11,12 (9s)
TIMEOUT jaguarwelpjes mask=0,1,3,6,9,11,12 (75s)
UNSAT pompoencurrys mask=0,1,3,6,9,11,12 (9s)
TIMEOUT huurrijtuigje mask=0,1,3,6,9,11,12 (75s)
UNSAT pompoencurrys mask=0,1,5,6,7,11,12 (9s)
UNSAT zijgebouwtjes mask=0,1,2,6,10,11,12 (9s)
UNSAT zijgebouwtjes mask=0,1,5,6,7,11,12 (9s)
UNSAT wurghoudinkje mask=0,1,2,6,10,11,12 (9s)
UNSAT wurghoudinkje mask=0,1,3,6,9,11,12 (9s)
UNSAT werpheuveltje mask=0,1,2,6,10,11,12 (6s)
UNSAT wurghoudinkje mask=0,1,5,6,7,11,12 (9s)
UNSAT werpheuveltje mask=0,1,3,6,9,11,12 (9s)
TIMEOUT futuristische mask=0,1,3,6,9,11,12 (76s)
UNSAT werpheuveltje mask=0,1,5,6,7,11,12 (6s)
UNSAT verbeterzucht mask=0,1,2,6,10,11,12 (9s)
TIMEOUT dekhuisopbouw mask=0,1,3,6,9,11,12 (75s)
UNSAT verbeterzucht mask=0,1,3,6,9,11,12 (9s)
UNSAT verbeterzucht mask=0,1,5,6,7,11,12 (8s)
UNSAT varkensschuur mask=0,1,2,6,10,11,12 (8s)
UNSAT varkensschuur mask=0,1,3,6,9,11,12 (9s)
UNSAT trappenvlucht mask=0,1,3,6,9,11,12 (7s)
UNSAT trappenvlucht mask=0,1,5,6,7,11,12 (7s)
TIMEOUT debuutmatches mask=0,1,3,6,9,11,12 (75s)
UNSAT varkensschuur mask=0,1,5,6,7,11,12 (9s)
UNSAT trappenvlucht mask=0,1,2,6,10,11,12 (9s)
UNSAT tijgerwurmpje mask=0,1,3,6,9,11,12 (6s)
UNSAT stukgescheurd mask=0,1,3,6,9,11,12 (6s)
UNSAT tijgerwurmpje mask=0,1,5,6,7,11,12 (8s)
UNSAT stukgescheurd mask=0,1,2,6,10,11,12 (9s)
UNSAT stukgescheurd mask=0,1,5,6,7,11,12 (8s)
UNSAT kerkmusicusje mask=0,1,2,6,10,11,12 (6s)
TIMEOUT augurenlachje mask=0,1,3,6,9,11,12 (75s)
UNSAT kerkmusicusje mask=0,1,3,6,9,11,12 (9s)
UNSAT kampgevechtje mask=0,1,2,6,10,11,12 (8s)
UNSAT kerkmusicusje mask=0,1,5,6,7,11,12 (9s)
UNSAT kampgevechtje mask=0,1,3,6,9,11,12 (9s)
UNSAT hongerschurft mask=0,1,2,6,10,11,12 (6s)
UNSAT kampgevechtje mask=0,1,5,6,7,11,12 (9s)
UNSAT hongerschurft mask=0,1,3,6,9,11,12 (8s)
UNSAT hongerschurft mask=0,1,5,6,7,11,12 (7s)
UNSAT hempjelichtop mask=0,1,3,6,9,11,12 (7s)
UNSAT hempjelichtop mask=0,1,2,6,10,11,12 (9s)
UNSAT hangbuikzwijn mask=0,1,2,6,10,11,12 (6s)
UNSAT hempjelichtop mask=0,1,5,6,7,11,12 (9s)
UNSAT hamburgerwalm mask=0,1,2,6,10,11,12 (6s)
UNSAT hangbuikzwijn mask=0,1,5,6,7,11,12 (7s)
UNSAT hangbuikzwijn mask=0,1,3,6,9,11,12 (9s)
UNSAT hamburgerwalm mask=0,1,3,6,9,11,12 (9s)
TIMEOUT zijgebouwtjes mask=0,1,3,6,9,11,12 (75s)
UNSAT hamburgerwalm mask=0,1,5,6,7,11,12 (10s)
UNSAT druppeleffect mask=0,1,3,6,9,11,12 (6s)
UNSAT druppeleffect mask=0,1,2,6,10,11,12 (9s)
UNSAT drukhouwertje mask=0,1,2,6,10,11,12 (8s)
UNSAT druppeleffect mask=0,1,5,6,7,11,12 (9s)
UNSAT drukhouwertje mask=0,1,5,6,7,11,12 (7s)
UNSAT cummerbundjes mask=0,1,2,6,10,11,12 (7s)
UNSAT cummerbundjes mask=0,1,3,6,9,11,12 (10s)
UNSAT computerjunks mask=0,1,2,6,10,11,12 (7s)
UNSAT cummerbundjes mask=0,1,5,6,7,11,12 (9s)
UNSAT computerjunks mask=0,1,3,6,9,11,12 (9s)
UNSAT computerjunks mask=0,1,5,6,7,11,12 (8s)
UNSAT burgerwijkjes mask=0,1,3,6,9,11,12 (7s)
UNSAT burgermachtje mask=0,1,3,6,9,11,12 (6s)
UNSAT burgerwijkjes mask=0,1,5,6,7,11,12 (9s)
UNSAT burgermachtje mask=0,1,5,6,7,11,12 (7s)
UNSAT burgergezicht mask=0,1,3,6,9,11,12 (6s)
UNSAT burgergezicht mask=0,1,2,6,10,11,12 (7s)
UNSAT burgergezicht mask=0,1,5,6,7,11,12 (6s)
UNSAT brugmolecules mask=0,1,2,6,10,11,12 (8s)
UNSAT brugmolecules mask=0,1,3,6,9,11,12 (6s)
UNSAT brugmolecules mask=0,1,5,6,7,11,12 (7s)
UNSAT brugbouwertje mask=0,1,2,6,10,11,12 (9s)
TIMEOUT tijgerwurmpje mask=0,1,2,6,10,11,12 (75s)
UNSAT brugbouwertje mask=0,1,5,6,7,11,12 (8s)
UNSAT bramencultuur mask=0,1,2,6,10,11,12 (9s)
UNSAT bramencultuur mask=0,1,3,6,9,11,12 (8s)
UNSAT bramencultuur mask=0,1,5,6,7,11,12 (9s)
UNSAT zuurimpactjes mask=0,1,3,6,9,11,12 (6s)
UNSAT zuurimpactjes mask=0,1,5,6,7,11,12 (9s)
UNSAT vuurgevechten mask=0,1,3,6,9,11,12 (6s)
UNSAT vuurgevechten mask=0,1,2,6,10,11,12 (9s)
UNSAT vuurgevechten mask=0,1,5,6,7,11,12 (7s)
UNSAT voortgevlucht mask=0,1,2,6,10,11,12 (8s)
UNSAT voortgevlucht mask=0,1,3,6,9,11,12 (7s)
UNSAT voortgevlucht mask=0,1,5,6,7,11,12 (9s)
UNSAT voorbijschuif mask=0,1,3,6,9,11,12 (6s)
UNSAT voorbijschuif mask=0,1,2,6,10,11,12 (9s)
TIMEOUT drukhouwertje mask=0,1,3,6,9,11,12 (75s)
UNSAT snijpracticum mask=0,1,2,6,10,11,12 (6s)
UNSAT voorbijschuif mask=0,1,5,6,7,11,12 (9s)
UNSAT snijpracticum mask=0,1,3,6,9,11,12 (6s)
UNSAT snijpracticum mask=0,1,5,6,7,11,12 (9s)
TIMEOUT burgerwijkjes mask=0,1,2,6,10,11,12 (76s)
UNSAT partijzuchtig mask=0,1,2,6,10,11,12 (9s)
UNSAT partijzuchtig mask=0,1,3,6,9,11,12 (8s)
UNSAT partijzuchtig mask=0,1,5,6,7,11,12 (9s)
TIMEOUT burgermachtje mask=0,1,2,6,10,11,12 (75s)
UNSAT natuurwachter mask=0,1,3,6,9,11,12 (8s)
UNSAT natuurwachter mask=0,1,5,6,7,11,12 (9s)
UNSAT muurgedichtje mask=0,1,2,6,10,11,12 (9s)
UNSAT muurgedichtje mask=0,1,3,6,9,11,12 (9s)
UNSAT muurgedichtje mask=0,1,5,6,7,11,12 (9s)
UNSAT houtbouwkunst mask=0,1,2,6,10,11,12 (7s)
UNSAT houtbouwkunst mask=0,1,3,6,9,11,12 (8s)
UNSAT houtbouwkunst mask=0,1,5,6,7,11,12 (9s)
UNSAT conjuncturele mask=0,1,2,6,10,11,12 (9s)
UNSAT conjuncturele mask=0,1,3,6,9,11,12 (9s)
TIMEOUT brugbouwertje mask=0,1,3,6,9,11,12 (75s)
UNSAT conjuncturele mask=0,1,5,6,7,11,12 (6s)
UNSAT conjunctureel mask=0,1,5,6,7,11,12 (6s)
UNSAT conjunctureel mask=0,1,2,6,10,11,12 (9s)
UNSAT conjunctiefje mask=0,1,2,6,10,11,12 (6s)
UNSAT conjunctiefje mask=0,1,5,6,7,11,12 (6s)
UNSAT conjunctureel mask=0,1,3,6,9,11,12 (9s)
UNSAT conjunctiefje mask=0,1,3,6,9,11,12 (10s)
TIMEOUT zuurimpactjes mask=0,1,2,6,10,11,12 (75s)
UNSAT chatmodulusje mask=0,1,2,6,10,11,12 (7s)
UNSAT centrumfiguur mask=0,1,3,6,9,11,12 (7s)
UNSAT chatmodulusje mask=0,1,3,6,9,11,12 (9s)
UNSAT centrumfiguur mask=0,1,2,6,10,11,12 (8s)
UNSAT chatmodulusje mask=0,1,5,6,7,11,12 (10s)
UNSAT centrumfiguur mask=0,1,5,6,7,11,12 (9s)
UNSAT quakershoedje mask=0,1,2,6,10,11,12 (9s)
UNSAT quaggamossels mask=0,1,2,6,10,11,12 (9s)
UNSAT quakershoedje mask=0,1,5,6,7,11,12 (9s)
UNSAT quaggamossels mask=0,1,5,6,7,11,12 (9s)
UNSAT boekenquizjes mask=0,1,2,6,10,11,12 (9s)
UNSAT wijkgerichtst mask=0,1,2,6,10,11,12 (7s)
UNSAT boekenquizjes mask=0,1,5,6,7,11,12 (9s)
UNSAT wijkgerichtst mask=0,1,3,6,9,11,12 (9s)
UNSAT wijkgerichtst mask=0,1,5,6,7,11,12 (9s)
UNSAT werkkrachtjes mask=0,1,2,6,10,11,12 (9s)
UNSAT werkkrachtjes mask=0,1,3,6,9,11,12 (8s)
UNSAT werkkrachtjes mask=0,1,5,6,7,11,12 (9s)
UNSAT wenkbrauwlift mask=0,1,2,6,10,11,12 (9s)
UNSAT wenkbrauwlift mask=0,1,5,6,7,11,12 (9s)
UNSAT veemgewichtje mask=0,1,2,6,10,11,12 (9s)
TIMEOUT natuurwachter mask=0,1,2,6,10,11,12 (75s)
UNSAT veemgewichtje mask=0,1,3,6,9,11,12 (9s)
UNSAT marmerschacht mask=0,1,2,6,10,11,12 (6s)
UNSAT veemgewichtje mask=0,1,5,6,7,11,12 (9s)
UNSAT marmerschacht mask=0,1,3,6,9,11,12 (9s)
UNSAT marmerschacht mask=0,1,5,6,7,11,12 (9s)
UNSAT krukgewichten mask=0,1,2,6,10,11,12 (6s)
UNSAT krukgewichten mask=0,1,3,6,9,11,12 (9s)
UNSAT grootjuffrouw mask=0,1,2,6,10,11,12 (6s)
UNSAT krukgewichten mask=0,1,5,6,7,11,12 (8s)
UNSAT grootjuffrouw mask=0,1,3,6,9,11,12 (8s)
UNSAT grootjuffrouw mask=0,1,5,6,7,11,12 (9s)
UNSAT fruitpunchjes mask=0,1,2,6,10,11,12 (7s)
UNSAT fruitpunchjes mask=0,1,3,6,9,11,12 (9s)
UNSAT fruitpunchjes mask=0,1,5,6,7,11,12 (9s)
UNSAT computercrash mask=0,1,2,6,10,11,12 (8s)
UNSAT computercrash mask=0,1,3,6,9,11,12 (8s)
TIMEOUT quakershoedje mask=0,1,3,6,9,11,12 (75s)
UNSAT burgercircuit mask=0,1,2,6,10,11,12 (8s)
UNSAT computercrash mask=0,1,5,6,7,11,12 (9s)
TIMEOUT quaggamossels mask=0,1,3,6,9,11,12 (75s)
UNSAT burgercircuit mask=0,1,3,6,9,11,12 (9s)
UNSAT burgercircuit mask=0,1,5,6,7,11,12 (9s)
TIMEOUT boekenquizjes mask=0,1,3,6,9,11,12 (76s)
UNSAT natuurmuseums mask=0,1,2,6,10,11,12 (8s)
UNSAT burgerchickie mask=0,1,5,6,7,11,12 (9s)
UNSAT quotumafnames mask=0,1,2,6,10,11,12 (7s)
UNSAT natuurmuseums mask=0,1,3,6,9,11,12 (9s)
UNSAT natuurmuseums mask=0,1,5,6,7,11,12 (10s)
UNSAT quotumafnames mask=0,1,3,6,9,11,12 (8s)
UNSAT quotumafnames mask=0,1,5,6,7,11,12 (9s)
UNSAT keurgewichtje mask=0,1,2,6,10,11,12 (7s)
UNSAT keurgewichtje mask=0,1,3,6,9,11,12 (10s)
UNSAT contracultuur mask=0,1,2,6,10,11,12 (7s)
UNSAT keurgewichtje mask=0,1,5,6,7,11,12 (9s)
UNSAT contracultuur mask=0,1,5,6,7,11,12 (6s)
TIMEOUT wenkbrauwlift mask=0,1,3,6,9,11,12 (76s)
UNSAT contracultuur mask=0,1,3,6,9,11,12 (9s)
UNSAT queenmummetje mask=0,1,2,6,10,11,12 (7s)
UNSAT pijpjesmutsje mask=0,1,2,6,10,11,12 (9s)
UNSAT pijpjesmutsje mask=0,1,5,6,7,11,12 (9s)
UNSAT queenmummetje mask=0,1,3,6,9,11,12 (8s)
UNSAT haringquotums mask=0,1,3,6,9,11,12 (6s)
UNSAT haringquotums mask=0,1,2,6,10,11,12 (7s)
UNSAT countrycovers mask=0,1,2,6,10,11,12 (6s)
UNSAT haringquotums mask=0,1,5,6,7,11,12 (9s)
UNSAT yuppenstepjes mask=0,1,2,6,10,11,12 (6s)
UNSAT countrycovers mask=0,1,3,6,9,11,12 (9s)
UNSAT countrycovers mask=0,1,5,6,7,11,12 (9s)
UNSAT yuppenstepjes mask=0,1,5,6,7,11,12 (7s)
UNSAT kappershulpje mask=0,1,5,6,7,11,12 (6s)
UNSAT hiphopscholen mask=0,1,2,6,10,11,12 (6s)
UNSAT hiphopscholen mask=0,1,3,6,9,11,12 (8s)
TIMEOUT burgerchickie mask=0,1,2,6,10,11,12 (76s)
TIMEOUT burgerchickie mask=0,1,3,6,9,11,12 (75s)
UNSAT hiphopachtige mask=0,1,2,6,10,11,12 (9s)
UNSAT hiphopachtige mask=0,1,3,6,9,11,12 (9s)
UNSAT duurhuursters mask=0,1,2,6,10,11,12 (9s)
UNSAT hiphopachtige mask=0,1,5,6,7,11,12 (9s)
TIMEOUT pijpjesmutsje mask=0,1,3,6,9,11,12 (75s)
UNSAT duurhuursters mask=0,1,3,6,9,11,12 (9s)
UNSAT duurhuursters mask=0,1,5,6,7,11,12 (9s)
TIMEOUT queenmummetje mask=0,1,5,6,7,11,12 (75s)
UNSAT winterquizzen mask=0,1,2,6,10,11,12 (7s)
UNSAT winterquizzen mask=0,1,5,6,7,11,12 (7s)
UNSAT yoghurtsalade mask=0,1,2,6,10,11,12 (8s)
UNSAT yoghurtsalade mask=0,1,3,6,9,11,12 (7s)
UNSAT yoghurtsalade mask=0,1,5,6,7,11,12 (7s)
UNSAT natuurmystiek mask=0,1,2,6,10,11,12 (6s)
TIMEOUT yuppenstepjes mask=0,1,3,6,9,11,12 (75s)
UNSAT natuurmystiek mask=0,1,5,6,7,11,12 (6s)
UNSAT natuurmystiek mask=0,1,3,6,9,11,12 (9s)
UNSAT emojibabytjes mask=0,1,2,6,10,11,12 (7s)
TIMEOUT kappershulpje mask=0,1,2,6,10,11,12 (76s)
TIMEOUT kappershulpje mask=0,1,3,6,9,11,12 (75s)
UNSAT emojibabytjes mask=0,1,3,6,9,11,12 (8s)
UNSAT vrijburgertje mask=0,1,2,6,10,11,12 (6s)
UNSAT emojibabytjes mask=0,1,5,6,7,11,12 (8s)
UNSAT vrijburgertje mask=0,1,5,6,7,11,12 (7s)
UNSAT vrijburgertje mask=0,1,3,6,9,11,12 (9s)
UNSAT vijgentwijgje mask=0,1,3,6,9,11,12 (9s)
UNSAT vijgentwijgje mask=0,1,5,6,7,11,12 (7s)
UNSAT verhuurklaars mask=0,1,2,6,10,11,12 (6s)
UNSAT verhuurklaars mask=0,1,3,6,9,11,12 (7s)
UNSAT verhuurgedrag mask=0,1,2,6,10,11,12 (7s)
UNSAT verhuurklaars mask=0,1,5,6,7,11,12 (9s)
UNSAT verhuurgedrag mask=0,1,3,6,9,11,12 (6s)
UNSAT verhuurgedrag mask=0,1,5,6,7,11,12 (8s)
UNSAT verhuurdertje mask=0,1,2,6,10,11,12 (9s)
TIMEOUT hiphopscholen mask=0,1,5,6,7,11,12 (76s)
UNSAT verhuurdertje mask=0,1,3,6,9,11,12 (9s)
UNSAT verhuurdertje mask=0,1,5,6,7,11,12 (9s)
UNSAT verhuisliftje mask=0,1,2,6,10,11,12 (10s)
UNSAT verhuisliftje mask=0,1,5,6,7,11,12 (9s)
UNSAT thaumaturgjes mask=0,1,5,6,7,11,12 (6s)
UNSAT thaumaturgjes mask=0,1,2,6,10,11,12 (8s)
UNSAT thaumaturgjes mask=0,1,3,6,9,11,12 (9s)
UNSAT spijbelbusjes mask=0,1,2,6,10,11,12 (7s)
UNSAT spijbelbusjes mask=0,1,5,6,7,11,12 (7s)
UNSAT spijbelbusjes mask=0,1,3,6,9,11,12 (9s)
UNSAT natuurfilmpje mask=0,1,3,6,9,11,12 (6s)
UNSAT natuurfilmpje mask=0,1,5,6,7,11,12 (8s)
UNSAT natuurfilmpje mask=0,1,2,6,10,11,12 (9s)
UNSAT natuurbrugjes mask=0,1,5,6,7,11,12 (7s)
UNSAT natuurbrugjes mask=0,1,3,6,9,11,12 (8s)
UNSAT minuutvolumes mask=0,1,2,6,10,11,12 (9s)
UNSAT minuutvolumes mask=0,1,3,6,9,11,12 (9s)
TIMEOUT winterquizzen mask=0,1,3,6,9,11,12 (75s)
UNSAT minuutmijltje mask=0,1,2,6,10,11,12 (7s)
UNSAT minuutvolumes mask=0,1,5,6,7,11,12 (9s)
UNSAT minuutmijltje mask=0,1,3,6,9,11,12 (8s)
UNSAT minuutmijltje mask=0,1,5,6,7,11,12 (9s)
UNSAT hiphopbijbels mask=0,1,2,6,10,11,12 (9s)
UNSAT hiphopbijbels mask=0,1,3,6,9,11,12 (9s)
UNSAT hiphopbijbels mask=0,1,5,6,7,11,12 (9s)
UNSAT gebungeejumpt mask=0,1,2,6,10,11,12 (8s)
UNSAT gebungeejumpt mask=0,1,3,6,9,11,12 (9s)
UNSAT gebungeejumpt mask=0,1,5,6,7,11,12 (9s)
UNSAT fruitbuffetje mask=0,1,2,6,10,11,12 (9s)
UNSAT fruitbuffetje mask=0,1,3,6,9,11,12 (9s)
TIMEOUT vijgentwijgje mask=0,1,2,6,10,11,12 (75s)
UNSAT fruitbuffetje mask=0,1,5,6,7,11,12 (9s)
UNSAT figuurlijkere mask=0,1,3,6,9,11,12 (7s)
UNSAT figuurlijkere mask=0,1,5,6,7,11,12 (8s)
UNSAT figuurglaasje mask=0,1,3,6,9,11,12 (7s)
UNSAT figuurglaasje mask=0,1,2,6,10,11,12 (9s)
UNSAT figuurglaasje mask=0,1,5,6,7,11,12 (9s)
UNSAT debuutprijsje mask=0,1,2,6,10,11,12 (9s)
UNSAT debuutprijsje mask=0,1,5,6,7,11,12 (6s)
NOCAND theatercheque mask=0,1,2,6,10,11,12 (4s)
UNSAT bonheurdujour mask=0,1,2,6,10,11,12 (9s)
UNSAT bonheurdujour mask=0,1,3,6,9,11,12 (9s)
TIMEOUT verhuisliftje mask=0,1,3,6,9,11,12 (75s)
UNSAT bonheurdujour mask=0,1,5,6,7,11,12 (9s)
UNSAT theatercheque mask=0,1,5,6,7,11,12 (7s)
UNSAT quintuplicere mask=0,1,2,6,10,11,12 (6s)
UNSAT theatercheque mask=0,1,3,6,9,11,12 (9s)
UNSAT quintupliceer mask=0,1,2,6,10,11,12 (6s)
UNSAT megabecquerel mask=0,1,2,6,10,11,12 (6s)
TIMEOUT natuurbrugjes mask=0,1,2,6,10,11,12 (75s)
UNSAT megabecquerel mask=0,1,3,6,9,11,12 (6s)
NOCAND megabecquerel mask=0,1,5,6,7,11,12 (4s)
UNSAT gigabecquerel mask=0,1,3,6,9,11,12 (9s)
UNSAT gigabecquerel mask=0,1,2,6,10,11,12 (9s)
NOCAND gigabecquerel mask=0,1,5,6,7,11,12 (4s)
UNSAT yorkhammetjes mask=0,1,2,6,10,11,12 (9s)
UNSAT yorkhammetjes mask=0,1,5,6,7,11,12 (9s)
TIMEOUT figuurlijkere mask=0,1,2,6,10,11,12 (75s)
UNSAT woningcheckup mask=0,1,2,6,10,11,12 (7s)
UNSAT woningcheckup mask=0,1,3,6,9,11,12 (9s)
TIMEOUT debuutprijsje mask=0,1,3,6,9,11,12 (75s)
UNSAT woningcheckup mask=0,1,5,6,7,11,12 (8s)
UNSAT maagenzympjes mask=0,1,2,6,10,11,12 (8s)
UNSAT maagenzympjes mask=0,1,3,6,9,11,12 (6s)
UNSAT maagenzympjes mask=0,1,5,6,7,11,12 (7s)
TIMEOUT quintuplicere mask=0,1,3,6,9,11,12 (75s)
TIMEOUT quintuplicere mask=0,1,5,6,7,11,12 (75s)
UNSAT knipenzympjes mask=0,1,3,6,9,11,12 (9s)
UNSAT knipenzympjes mask=0,1,2,6,10,11,12 (10s)
UNSAT knipenzympjes mask=0,1,5,6,7,11,12 (7s)
NOCAND jumbotaxietje mask=0,1,5,6,7,11,12 (4s)
TIMEOUT quintupliceer mask=0,1,3,6,9,11,12 (75s)
TIMEOUT quintupliceer mask=0,1,5,6,7,11,12 (75s)
UNSAT jumbotaxietje mask=0,1,2,6,10,11,12 (7s)
UNSAT jumbotaxietje mask=0,1,3,6,9,11,12 (7s)
UNSAT darmenzympjes mask=0,1,2,6,10,11,12 (9s)
UNSAT bramenyoghurt mask=0,1,2,6,10,11,12 (7s)
UNSAT darmenzympjes mask=0,1,3,6,9,11,12 (10s)
UNSAT darmenzympjes mask=0,1,5,6,7,11,12 (8s)
UNSAT bramenyoghurt mask=0,1,5,6,7,11,12 (8s)
UNSAT bramenyoghurt mask=0,1,3,6,9,11,12 (9s)
UNSAT suikerzuurtje mask=0,1,2,6,10,11,12 (9s)
UNSAT suikerzuurtje mask=0,1,3,6,9,11,12 (8s)
UNSAT suikerzuurtje mask=0,1,5,6,7,11,12 (7s)
UNSAT suikerglazuur mask=0,1,5,6,7,11,12 (7s)
UNSAT suikerglazuur mask=0,1,2,6,10,11,12 (8s)
UNSAT stagjuffertje mask=0,1,3,6,9,11,12 (6s)
UNSAT stagjuffertje mask=0,1,2,6,10,11,12 (10s)
UNSAT stagjuffertje mask=0,1,5,6,7,11,12 (7s)
UNSAT rubbervijgjes mask=0,1,2,6,10,11,12 (7s)
UNSAT rubbervijgjes mask=0,1,5,6,7,11,12 (6s)
UNSAT rubbervijgjes mask=0,1,3,6,9,11,12 (9s)
UNSAT purgeerjurkje mask=0,1,5,6,7,11,12 (6s)
UNSAT purgeerjurkje mask=0,1,2,6,10,11,12 (9s)
UNSAT pijpkrulletje mask=0,1,2,6,10,11,12 (7s)
UNSAT purgeerjurkje mask=0,1,3,6,9,11,12 (9s)
UNSAT pijpkrulletje mask=0,1,3,6,9,11,12 (8s)
TIMEOUT yorkhammetjes mask=0,1,3,6,9,11,12 (75s)
UNSAT pijpkrulletje mask=0,1,5,6,7,11,12 (7s)
UNSAT pijphouvastje mask=0,1,2,6,10,11,12 (6s)
UNSAT pijphouvastje mask=0,1,5,6,7,11,12 (7s)
UNSAT pauperbuurtje mask=0,1,5,6,7,11,12 (6s)
UNSAT pauperbuurtje mask=0,1,3,6,9,11,12 (9s)
UNSAT muggenvleugel mask=0,1,3,6,9,11,12 (7s)
UNSAT muggenvleugel mask=0,1,5,6,7,11,12 (6s)
UNSAT muggenbultjes mask=0,1,2,6,10,11,12 (8s)
UNSAT muggenbultjes mask=0,1,3,6,9,11,12 (6s)
UNSAT muggenbultjes mask=0,1,5,6,7,11,12 (9s)
UNSAT lummerstukjes mask=0,1,2,6,10,11,12 (8s)
UNSAT krukkenbrugje mask=0,1,2,6,10,11,12 (6s)
UNSAT lummerstukjes mask=0,1,5,6,7,11,12 (9s)
UNSAT krukkenbrugje mask=0,1,3,6,9,11,12 (6s)
UNSAT krukkenbrugje mask=0,1,5,6,7,11,12 (9s)
UNSAT krimpmuurtjes mask=0,1,2,6,10,11,12 (9s)
UNSAT krimpmuurtjes mask=0,1,3,6,9,11,12 (9s)
UNSAT knuppelhoutje mask=0,1,2,6,10,11,12 (7s)
UNSAT krimpmuurtjes mask=0,1,5,6,7,11,12 (9s)
UNSAT knuppelhoutje mask=0,1,3,6,9,11,12 (9s)
UNSAT knuppelhoutje mask=0,1,5,6,7,11,12 (6s)
UNSAT keukenhulpjes mask=0,1,2,6,10,11,12 (7s)
UNSAT keukenhulpjes mask=0,1,3,6,9,11,12 (9s)
UNSAT keukenhulpjes mask=0,1,5,6,7,11,12 (6s)
TIMEOUT suikerglazuur mask=0,1,3,6,9,11,12 (75s)
UNSAT junkenbuurtje mask=0,1,3,6,9,11,12 (6s)
UNSAT junkenbuurtje mask=0,1,5,6,7,11,12 (8s)
UNSAT hurkhoudinkje mask=0,1,2,6,10,11,12 (9s)
UNSAT hurkhoudinkje mask=0,1,5,6,7,11,12 (6s)
UNSAT hurkhoudinkje mask=0,1,3,6,9,11,12 (9s)
UNSAT hoekbuffetjes mask=0,1,2,6,10,11,12 (6s)
TIMEOUT pijphouvastje mask=0,1,3,6,9,11,12 (75s)
TIMEOUT pauperbuurtje mask=0,1,2,6,10,11,12 (75s)
UNSAT hoekbuffetjes mask=0,1,3,6,9,11,12 (8s)
UNSAT hoekbuffetjes mask=0,1,5,6,7,11,12 (9s)
TIMEOUT muggenvleugel mask=0,1,2,6,10,11,12 (75s)
UNSAT gummiknuppels mask=0,1,2,6,10,11,12 (9s)
UNSAT druppelinfuus mask=0,1,2,6,10,11,12 (7s)
UNSAT gummiknuppels mask=0,1,5,6,7,11,12 (9s)
UNSAT druppelinfuus mask=0,1,3,6,9,11,12 (9s)
UNSAT druppelinfuus mask=0,1,5,6,7,11,12 (9s)
UNSAT chipoppervlak mask=0,1,2,6,10,11,12 (9s)
UNSAT chipoppervlak mask=0,1,5,6,7,11,12 (6s)
TIMEOUT lummerstukjes mask=0,1,3,6,9,11,12 (75s)
UNSAT burggrafelijk mask=0,1,5,6,7,11,12 (6s)
UNSAT burggrafelijk mask=0,1,2,6,10,11,12 (9s)
UNSAT burggrafelijk mask=0,1,3,6,9,11,12 (8s)
UNSAT burggraaflijk mask=0,1,2,6,10,11,12 (8s)
UNSAT burggraaflijk mask=0,1,3,6,9,11,12 (9s)
UNSAT burggraaflijk mask=0,1,5,6,7,11,12 (10s)
UNSAT burgerkostuum mask=0,1,5,6,7,11,12 (7s)
UNSAT burgerkostuum mask=0,1,2,6,10,11,12 (9s)
UNSAT beekjuffertje mask=0,1,2,6,10,11,12 (9s)
UNSAT beekjuffertje mask=0,1,3,6,9,11,12 (6s)
UNSAT beekjuffertje mask=0,1,5,6,7,11,12 (8s)
UNSAT bakkershulpje mask=0,1,2,6,10,11,12 (9s)
UNSAT bakkershulpje mask=0,1,5,6,7,11,12 (6s)
UNSAT zuuranhydride mask=0,1,2,6,10,11,12 (6s)
UNSAT zuuranhydride mask=0,1,5,6,7,11,12 (6s)
UNSAT zuuranhydride mask=0,1,3,6,9,11,12 (9s)
UNSAT zuurkijkertje mask=0,1,2,6,10,11,12 (6s)
TIMEOUT junkenbuurtje mask=0,1,2,6,10,11,12 (75s)
UNSAT zuurkijkertje mask=0,1,3,6,9,11,12 (8s)
UNSAT zuurkijkertje mask=0,1,5,6,7,11,12 (9s)
UNSAT vuurijzertjes mask=0,1,2,6,10,11,12 (8s)
UNSAT vuurijzertjes mask=0,1,3,6,9,11,12 (8s)
UNSAT vuurijzertjes mask=0,1,5,6,7,11,12 (10s)
UNSAT vuurhoudinkje mask=0,1,2,6,10,11,12 (9s)
UNSAT vuurhoudinkje mask=0,1,3,6,9,11,12 (9s)
UNSAT vuurhoudinkje mask=0,1,5,6,7,11,12 (9s)
TIMEOUT gummiknuppels mask=0,1,3,6,9,11,12 (75s)
UNSAT vuurgeheimpje mask=0,1,2,6,10,11,12 (9s)
UNSAT vuurgeheimpje mask=0,1,5,6,7,11,12 (9s)
UNSAT vrijgevochten mask=0,1,2,6,10,11,12 (9s)
UNSAT vrijgevochten mask=0,1,3,6,9,11,12 (9s)
UNSAT vrijgevochten mask=0,1,5,6,7,11,12 (9s)
TIMEOUT chipoppervlak mask=0,1,3,6,9,11,12 (75s)
UNSAT verhuurrisico mask=0,1,2,6,10,11,12 (9s)
UNSAT verhuurrisico mask=0,1,3,6,9,11,12 (8s)
UNSAT vakhogeschool mask=0,1,3,6,9,11,12 (6s)
UNSAT vakhogeschool mask=0,1,2,6,10,11,12 (7s)
UNSAT verhuurrisico mask=0,1,5,6,7,11,12 (9s)
UNSAT vakhogeschool mask=0,1,5,6,7,11,12 (7s)
UNSAT uitjouwinkjes mask=0,1,3,6,9,11,12 (7s)
UNSAT uitjouwinkjes mask=0,1,5,6,7,11,12 (7s)
TIMEOUT burgerkostuum mask=0,1,3,6,9,11,12 (76s)
UNSAT uithouwinkjes mask=0,1,3,6,9,11,12 (8s)
UNSAT terugtochtjes mask=0,1,2,6,10,11,12 (8s)
UNSAT terugtochtjes mask=0,1,3,6,9,11,12 (9s)
UNSAT uithouwinkjes mask=0,1,5,6,7,11,12 (10s)
UNSAT terugtochtjes mask=0,1,5,6,7,11,12 (7s)
TIMEOUT bakkershulpje mask=0,1,3,6,9,11,12 (75s)
UNSAT teruggezochte mask=0,1,2,6,10,11,12 (8s)
UNSAT teruggeschopt mask=0,1,2,6,10,11,12 (6s)
UNSAT teruggezochte mask=0,1,3,6,9,11,12 (9s)
UNSAT teruggeschopt mask=0,1,3,6,9,11,12 (9s)
UNSAT teruggeschopt mask=0,1,5,6,7,11,12 (6s)
UNSAT teruggebracht mask=0,1,3,6,9,11,12 (8s)
UNSAT teruggebracht mask=0,1,5,6,7,11,12 (9s)
UNSAT subjunctieven mask=0,1,2,6,10,11,12 (9s)
UNSAT subjunctieven mask=0,1,3,6,9,11,12 (9s)
UNSAT subjunctieven mask=0,1,5,6,7,11,12 (6s)
TIMEOUT vuurgeheimpje mask=0,1,3,6,9,11,12 (75s)
UNSAT subjonctiefje mask=0,1,5,6,7,11,12 (9s)
UNSAT stuurmansrecu mask=0,1,2,6,10,11,12 (9s)
UNSAT stuurmansrecu mask=0,1,3,6,9,11,12 (9s)
UNSAT stuurmansrecu mask=0,1,5,6,7,11,12 (9s)
UNSAT spruitjeswalm mask=0,1,2,6,10,11,12 (8s)
TIMEOUT uitjouwinkjes mask=0,1,2,6,10,11,12 (75s)
TIMEOUT uithouwinkjes mask=0,1,2,6,10,11,12 (75s)
UNSAT spijkerclipje mask=0,1,2,6,10,11,12 (8s)
UNSAT spijkerclipje mask=0,1,3,6,9,11,12 (9s)
TIMEOUT teruggezochte mask=0,1,5,6,7,11,12 (75s)
UNSAT speurtochtjes mask=0,1,2,6,10,11,12 (9s)
TIMEOUT teruggebracht mask=0,1,2,6,10,11,12 (75s)
UNSAT speurtochtjes mask=0,1,3,6,9,11,12 (9s)
UNSAT speurtochtjes mask=0,1,5,6,7,11,12 (9s)
UNSAT pikhouweeltje mask=0,1,3,6,9,11,12 (9s)
UNSAT pikhouweeltje mask=0,1,5,6,7,11,12 (9s)
TIMEOUT subjonctiefje mask=0,1,2,6,10,11,12 (75s)
TIMEOUT subjonctiefje mask=0,1,3,6,9,11,12 (75s)
UNSAT opiumtinctuur mask=0,1,2,6,10,11,12 (8s)
UNSAT opiumtinctuur mask=0,1,3,6,9,11,12 (9s)
UNSAT opiumtinctuur mask=0,1,5,6,7,11,12 (10s)
UNSAT natuurwoudjes mask=0,1,3,6,9,11,12 (8s)
UNSAT natuurwoudjes mask=0,1,5,6,7,11,12 (9s)
UNSAT natuurproduct mask=0,1,2,6,10,11,12 (9s)
UNSAT natuurproduct mask=0,1,3,6,9,11,12 (7s)
UNSAT natuurproduct mask=0,1,5,6,7,11,12 (7s)
UNSAT natuurcolumns mask=0,1,3,6,9,11,12 (8s)
UNSAT natuurcolumns mask=0,1,2,6,10,11,12 (8s)
TIMEOUT spruitjeswalm mask=0,1,3,6,9,11,12 (75s)
TIMEOUT spruitjeswalm mask=0,1,5,6,7,11,12 (75s)
UNSAT natuurcolumns mask=0,1,5,6,7,11,12 (9s)
UNSAT natuurbewusts mask=0,1,3,6,9,11,12 (7s)
UNSAT natuurbewusts mask=0,1,2,6,10,11,12 (8s)
UNSAT natuurbewusts mask=0,1,5,6,7,11,12 (9s)
UNSAT muurbeugeltje mask=0,1,2,6,10,11,12 (9s)
TIMEOUT spijkerclipje mask=0,1,5,6,7,11,12 (75s)
UNSAT lithografisch mask=0,1,2,6,10,11,12 (8s)
UNSAT muurbeugeltje mask=0,1,5,6,7,11,12 (9s)
UNSAT kajuitjachten mask=0,1,3,6,9,11,12 (6s)
UNSAT lithografisch mask=0,1,3,6,9,11,12 (9s)
UNSAT lithografisch mask=0,1,5,6,7,11,12 (9s)
UNSAT kajuitjachten mask=0,1,5,6,7,11,12 (9s)
UNSAT kajuitcomfort mask=0,1,2,6,10,11,12 (6s)
UNSAT kajuitcomfort mask=0,1,5,6,7,11,12 (9s)
TIMEOUT pikhouweeltje mask=0,1,2,6,10,11,12 (75s)
UNSAT huurruzietjes mask=0,1,2,6,10,11,12 (9s)
UNSAT huurruzietjes mask=0,1,3,6,9,11,12 (9s)
UNSAT huurruzietjes mask=0,1,5,6,7,11,12 (9s)
UNSAT huurhoudertje mask=0,1,5,6,7,11,12 (7s)
UNSAT hakhoutwouden mask=0,1,3,6,9,11,12 (6s)
TIMEOUT natuurwoudjes mask=0,1,2,6,10,11,12 (75s)
UNSAT hakhoutwouden mask=0,1,5,6,7,11,12 (9s)
UNSAT grijpachtigst mask=0,1,2,6,10,11,12 (9s)
UNSAT grijpachtigst mask=0,1,3,6,9,11,12 (9s)
UNSAT grijpachtigst mask=0,1,5,6,7,11,12 (9s)
UNSAT debuutmatchen mask=0,1,2,6,10,11,12 (9s)
TIMEOUT muurbeugeltje mask=0,1,3,6,9,11,12 (75s)
UNSAT debuutmatchen mask=0,1,5,6,7,11,12 (6s)
TIMEOUT kajuitjachten mask=0,1,2,6,10,11,12 (76s)
UNSAT dakuitbouwtje mask=0,1,3,6,9,11,12 (6s)
UNSAT dakuitbouwtje mask=0,1,2,6,10,11,12 (9s)
UNSAT buurtbudgetje mask=0,1,2,6,10,11,12 (6s)
TIMEOUT kajuitcomfort mask=0,1,3,6,9,11,12 (75s)
UNSAT dakuitbouwtje mask=0,1,5,6,7,11,12 (8s)
UNSAT buurtbudgetje mask=0,1,3,6,9,11,12 (8s)
NOCAND wijktaxietjes mask=0,1,2,6,10,11,12 (3s)
NOCAND wijktaxietjes mask=0,1,3,6,9,11,12 (4s)
NOCAND wijktaxietjes mask=0,1,5,6,7,11,12 (4s)
UNSAT prokaryotisch mask=0,1,2,6,10,11,12 (6s)
TIMEOUT huurhoudertje mask=0,1,2,6,10,11,12 (75s)
TIMEOUT huurhoudertje mask=0,1,3,6,9,11,12 (75s)
UNSAT prokaryotisch mask=0,1,3,6,9,11,12 (9s)
UNSAT prokaryotisch mask=0,1,5,6,7,11,12 (9s)
UNSAT zorgmolochjes mask=0,1,2,6,10,11,12 (7s)
TIMEOUT hakhoutwouden mask=0,1,2,6,10,11,12 (75s)
UNSAT zorgmolochjes mask=0,1,5,6,7,11,12 (7s)
UNSAT zorgmolochjes mask=0,1,3,6,9,11,12 (9s)
UNSAT zorgkrachtjes mask=0,1,3,6,9,11,12 (7s)
UNSAT zorgkrachtjes mask=0,1,2,6,10,11,12 (9s)
UNSAT zorgkrachtjes mask=0,1,5,6,7,11,12 (9s)
UNSAT woekerhuurtje mask=0,1,2,6,10,11,12 (9s)
UNSAT woekerhuurtje mask=0,1,3,6,9,11,12 (8s)
UNSAT wipbruggetjes mask=0,1,2,6,10,11,12 (6s)
UNSAT wipbruggetjes mask=0,1,3,6,9,11,12 (9s)
UNSAT wipbruggetjes mask=0,1,5,6,7,11,12 (9s)
UNSAT werktuiglijks mask=0,1,5,6,7,11,12 (9s)
UNSAT werktuiglijks mask=0,1,3,6,9,11,12 (9s)
UNSAT werktuiglijks mask=0,1,2,6,10,11,12 (9s)
UNSAT weggehuppelde mask=0,1,2,6,10,11,12 (8s)
UNSAT wegbruggetjes mask=0,1,2,6,10,11,12 (6s)
UNSAT weggehuppelde mask=0,1,3,6,9,11,12 (9s)
UNSAT weggehuppelde mask=0,1,5,6,7,11,12 (7s)
UNSAT wegbruggetjes mask=0,1,3,6,9,11,12 (9s)
UNSAT wegbruggetjes mask=0,1,5,6,7,11,12 (8s)
TIMEOUT debuutmatchen mask=0,1,3,6,9,11,12 (75s)
UNSAT warmtemuurtje mask=0,1,5,6,7,11,12 (8s)
UNSAT warmtemuurtje mask=0,1,2,6,10,11,12 (9s)
UNSAT warmtemuurtje mask=0,1,3,6,9,11,12 (8s)
UNSAT vormkrachtjes mask=0,1,2,6,10,11,12 (7s)
UNSAT vormkrachtjes mask=0,1,3,6,9,11,12 (8s)
UNSAT vormkrachtjes mask=0,1,5,6,7,11,12 (8s)
UNSAT vijggezwellen mask=0,1,5,6,7,11,12 (9s)
UNSAT vijggezwellen mask=0,1,2,6,10,11,12 (9s)
UNSAT vijgetouwtjes mask=0,1,2,6,10,11,12 (10s)
UNSAT vijgetouwtjes mask=0,1,5,6,7,11,12 (6s)
UNSAT trekkerschuif mask=0,1,2,6,10,11,12 (6s)
UNSAT verkoopchefje mask=0,1,2,6,10,11,12 (9s)
UNSAT verkoopchefje mask=0,1,3,6,9,11,12 (9s)
UNSAT verkoopchefje mask=0,1,5,6,7,11,12 (9s)
TIMEOUT buurtbudgetje mask=0,1,5,6,7,11,12 (75s)
UNSAT trekkerschuif mask=0,1,3,6,9,11,12 (8s)
UNSAT trekkerschuif mask=0,1,5,6,7,11,12 (9s)
UNSAT tijgervachtje mask=0,1,3,6,9,11,12 (7s)
UNSAT tijgervachtje mask=0,1,5,6,7,11,12 (9s)
UNSAT terpencultuur mask=0,1,5,6,7,11,12 (6s)
UNSAT terpencultuur mask=0,1,2,6,10,11,12 (9s)
UNSAT terpencultuur mask=0,1,3,6,9,11,12 (8s)
UNSAT termijnschuld mask=0,1,3,6,9,11,12 (7s)
UNSAT termijnschuld mask=0,1,2,6,10,11,12 (9s)
UNSAT suikerculture mask=0,1,2,6,10,11,12 (6s)
UNSAT termijnschuld mask=0,1,5,6,7,11,12 (9s)
TIMEOUT woekerhuurtje mask=0,1,5,6,7,11,12 (75s)
UNSAT suikerculture mask=0,1,3,6,9,11,12 (7s)
UNSAT sjabbatsvrouw mask=0,1,2,6,10,11,12 (6s)
UNSAT suikerculture mask=0,1,5,6,7,11,12 (9s)
UNSAT sjabbatsvrouw mask=0,1,3,6,9,11,12 (7s)
UNSAT sjabbatsvrouw mask=0,1,5,6,7,11,12 (7s)
UNSAT rubberproduct mask=0,1,3,6,9,11,12 (6s)
UNSAT rubberproduct mask=0,1,2,6,10,11,12 (7s)
UNSAT rubberproduct mask=0,1,5,6,7,11,12 (9s)
UNSAT ringburchtjes mask=0,1,2,6,10,11,12 (9s)
UNSAT ringburchtjes mask=0,1,5,6,7,11,12 (6s)
UNSAT purperwilgjes mask=0,1,2,6,10,11,12 (6s)
UNSAT ringburchtjes mask=0,1,3,6,9,11,12 (10s)
UNSAT purperwilgjes mask=0,1,3,6,9,11,12 (9s)
UNSAT purperwilgjes mask=0,1,5,6,7,11,12 (9s)
UNSAT pauperwijkjes mask=0,1,3,6,9,11,12 (9s)
UNSAT pauperwijkjes mask=0,1,5,6,7,11,12 (8s)
TIMEOUT vijggezwellen mask=0,1,3,6,9,11,12 (75s)
UNSAT morgenluchtje mask=0,1,2,6,10,11,12 (7s)
UNSAT muggenwolkjes mask=0,1,2,6,10,11,12 (9s)
UNSAT muggenwolkjes mask=0,1,3,6,9,11,12 (9s)
UNSAT muggenwolkjes mask=0,1,5,6,7,11,12 (9s)
TIMEOUT vijgetouwtjes mask=0,1,3,6,9,11,12 (75s)
UNSAT morgenluchtje mask=0,1,3,6,9,11,12 (7s)
UNSAT lumberjackets mask=0,1,2,6,10,11,12 (6s)
UNSAT morgenluchtje mask=0,1,5,6,7,11,12 (8s)
UNSAT lumberjackets mask=0,1,3,6,9,11,12 (9s)
UNSAT lumberjackets mask=0,1,5,6,7,11,12 (8s)
UNSAT lijmknechtjes mask=0,1,2,6,10,11,12 (9s)
UNSAT lijmknechtjes mask=0,1,5,6,7,11,12 (7s)
UNSAT lijmknechtjes mask=0,1,3,6,9,11,12 (8s)
UNSAT lemmerjachtje mask=0,1,2,6,10,11,12 (7s)
UNSAT lemmerjachtje mask=0,1,5,6,7,11,12 (6s)
TIMEOUT tijgervachtje mask=0,1,2,6,10,11,12 (75s)
UNSAT lemmerjachtje mask=0,1,3,6,9,11,12 (9s)
UNSAT lampionvrucht mask=0,1,3,6,9,11,12 (7s)
UNSAT lampionvrucht mask=0,1,2,6,10,11,12 (8s)
UNSAT lampionvrucht mask=0,1,5,6,7,11,12 (6s)
UNSAT kurkumawortel mask=0,1,2,6,10,11,12 (8s)
UNSAT kurkumawortel mask=0,1,3,6,9,11,12 (8s)
UNSAT kurkumawortel mask=0,1,5,6,7,11,12 (9s)
UNSAT knuppelwegjes mask=0,1,3,6,9,11,12 (6s)
UNSAT knuppelwegjes mask=0,1,2,6,10,11,12 (9s)
UNSAT knuppelwegjes mask=0,1,5,6,7,11,12 (9s)
UNSAT keukenchefjes mask=0,1,5,6,7,11,12 (7s)
UNSAT kerkjuridisch mask=0,1,2,6,10,11,12 (9s)
UNSAT kerkjuridisch mask=0,1,5,6,7,11,12 (8s)
UNSAT kerkhofachtig mask=0,1,2,6,10,11,12 (9s)
UNSAT kerkhofachtig mask=0,1,3,6,9,11,12 (9s)
UNSAT kerkhofachtig mask=0,1,5,6,7,11,12 (9s)
UNSAT kerkgezichtje mask=0,1,2,6,10,11,12 (9s)
UNSAT kerkgezichtje mask=0,1,3,6,9,11,12 (9s)
UNSAT kerkgezichtje mask=0,1,5,6,7,11,12 (9s)
UNSAT honkbaljackje mask=0,1,2,6,10,11,12 (9s)
UNSAT honkbaljackje mask=0,1,3,6,9,11,12 (9s)
UNSAT honkbaljackje mask=0,1,5,6,7,11,12 (8s)
UNSAT gummiachtigst mask=0,1,2,6,10,11,12 (9s)
TIMEOUT pauperwijkjes mask=0,1,2,6,10,11,12 (76s)
UNSAT gummiachtigst mask=0,1,3,6,9,11,12 (7s)
UNSAT gummiachtigst mask=0,1,5,6,7,11,12 (9s)
UNSAT fokproductjes mask=0,1,2,6,10,11,12 (9s)
UNSAT fokproductjes mask=0,1,3,6,9,11,12 (7s)
UNSAT fokproductjes mask=0,1,5,6,7,11,12 (8s)
UNSAT druppelachtig mask=0,1,3,6,9,11,12 (6s)
UNSAT druppelachtig mask=0,1,2,6,10,11,12 (9s)
UNSAT computervrijs mask=0,1,2,6,10,11,12 (7s)
UNSAT druppelachtig mask=0,1,5,6,7,11,12 (9s)
UNSAT computervrijs mask=0,1,5,6,7,11,12 (6s)
UNSAT computervrijs mask=0,1,3,6,9,11,12 (9s)
UNSAT computervirus mask=0,1,2,6,10,11,12 (10s)
UNSAT computervirus mask=0,1,5,6,7,11,12 (9s)
UNSAT computervirus mask=0,1,3,6,9,11,12 (10s)
UNSAT champagnekurk mask=0,1,2,6,10,11,12 (9s)
UNSAT champagnekurk mask=0,1,3,6,9,11,12 (9s)
UNSAT champagnekurk mask=0,1,5,6,7,11,12 (9s)
UNSAT carbonzuurtje mask=0,1,3,6,9,11,12 (9s)
UNSAT carbonzuurtje mask=0,1,5,6,7,11,12 (9s)
TIMEOUT keukenchefjes mask=0,1,2,6,10,11,12 (75s)
TIMEOUT keukenchefjes mask=0,1,3,6,9,11,12 (76s)
UNSAT campinghufter mask=0,1,5,6,7,11,12 (9s)
TIMEOUT kerkjuridisch mask=0,1,3,6,9,11,12 (76s)
UNSAT burgerwelzijn mask=0,1,2,6,10,11,12 (9s)
UNSAT burgerwelzijn mask=0,1,5,6,7,11,12 (8s)
UNSAT burgerrechtje mask=0,1,2,6,10,11,12 (8s)
UNSAT burgerrechtje mask=0,1,3,6,9,11,12 (8s)
UNSAT burgerrechtje mask=0,1,5,6,7,11,12 (9s)
UNSAT brugmoleculen mask=0,1,2,6,10,11,12 (9s)
UNSAT brugmoleculen mask=0,1,5,6,7,11,12 (7s)
UNSAT brugmoleculen mask=0,1,3,6,9,11,12 (9s)
UNSAT brugbouwsters mask=0,1,2,6,10,11,12 (9s)
UNSAT brugbouwsters mask=0,1,3,6,9,11,12 (9s)
UNSAT brugbouwsters mask=0,1,5,6,7,11,12 (9s)
UNSAT boekhoudwijze mask=0,1,3,6,9,11,12 (6s)
UNSAT boekhoudwijze mask=0,1,2,6,10,11,12 (10s)
UNSAT boekhoudtrucs mask=0,1,3,6,9,11,12 (6s)
UNSAT boekhoudwijze mask=0,1,5,6,7,11,12 (9s)
UNSAT boekhoudtrucs mask=0,1,2,6,10,11,12 (9s)
UNSAT boekhoudtrucs mask=0,1,5,6,7,11,12 (9s)
UNSAT bijproductjes mask=0,1,2,6,10,11,12 (10s)
UNSAT bijgoochempje mask=0,1,2,6,10,11,12 (6s)
UNSAT bijproductjes mask=0,1,3,6,9,11,12 (9s)
UNSAT bijproductjes mask=0,1,5,6,7,11,12 (9s)
UNSAT bijgoochempje mask=0,1,5,6,7,11,12 (6s)
UNSAT bijgoochempje mask=0,1,3,6,9,11,12 (9s)
UNSAT bijgebouwtjes mask=0,1,2,6,10,11,12 (9s)
UNSAT bijgebouwtjes mask=0,1,5,6,7,11,12 (6s)
TIMEOUT carbonzuurtje mask=0,1,2,6,10,11,12 (75s)
UNSAT bijbouwseltje mask=0,1,2,6,10,11,12 (9s)
TIMEOUT campinghufter mask=0,1,2,6,10,11,12 (75s)
UNSAT bijbouwseltje mask=0,1,3,6,9,11,12 (8s)
TIMEOUT campinghufter mask=0,1,3,6,9,11,12 (75s)
UNSAT bijbouwseltje mask=0,1,5,6,7,11,12 (9s)
UNSAT berggezichtje mask=0,1,2,6,10,11,12 (9s)
UNSAT berggezichtje mask=0,1,3,6,9,11,12 (6s)
UNSAT amateurjockey mask=0,1,2,6,10,11,12 (9s)
UNSAT berggezichtje mask=0,1,5,6,7,11,12 (9s)
TIMEOUT burgerwelzijn mask=0,1,3,6,9,11,12 (75s)
UNSAT amateurjockey mask=0,1,3,6,9,11,12 (8s)
UNSAT amateurjockey mask=0,1,5,6,7,11,12 (8s)
UNSAT zuurproductie mask=0,1,3,6,9,11,12 (7s)
UNSAT zuurproductie mask=0,1,2,6,10,11,12 (8s)
UNSAT vooruitschuif mask=0,1,2,6,10,11,12 (6s)
UNSAT voorhuwelijks mask=0,1,2,6,10,11,12 (6s)
UNSAT zuurproductie mask=0,1,5,6,7,11,12 (9s)
UNSAT vooruitschuif mask=0,1,5,6,7,11,12 (7s)
UNSAT vooruitschuif mask=0,1,3,6,9,11,12 (8s)
UNSAT voorhuwelijks mask=0,1,5,6,7,11,12 (9s)
UNSAT voorburchtjes mask=0,1,3,6,9,11,12 (7s)
UNSAT voorburchtjes mask=0,1,5,6,7,11,12 (6s)
UNSAT voorburchtjes mask=0,1,2,6,10,11,12 (9s)
UNSAT voetbalclubje mask=0,1,2,6,10,11,12 (7s)
UNSAT voetbalclubje mask=0,1,3,6,9,11,12 (7s)
UNSAT voetbalclubje mask=0,1,5,6,7,11,12 (9s)
UNSAT sputumflacons mask=0,1,2,6,10,11,12 (9s)
UNSAT sputumflacons mask=0,1,3,6,9,11,12 (9s)
UNSAT sputumflacons mask=0,1,5,6,7,11,12 (9s)
UNSAT spiraalvlucht mask=0,1,2,6,10,11,12 (9s)
UNSAT spiraalvlucht mask=0,1,3,6,9,11,12 (9s)
UNSAT spiraalvlucht mask=0,1,5,6,7,11,12 (9s)
UNSAT rubriekchefje mask=0,1,2,6,10,11,12 (9s)
UNSAT rubriekchefje mask=0,1,3,6,9,11,12 (9s)
UNSAT rubriekchefje mask=0,1,5,6,7,11,12 (9s)
UNSAT natuurwachten mask=0,1,3,6,9,11,12 (9s)
UNSAT natuurwachten mask=0,1,5,6,7,11,12 (9s)
UNSAT houtproductje mask=0,1,2,6,10,11,12 (9s)
UNSAT houtproductje mask=0,1,3,6,9,11,12 (9s)
UNSAT houtproductje mask=0,1,5,6,7,11,12 (9s)
UNSAT houtkacheltje mask=0,1,2,6,10,11,12 (8s)
UNSAT houtkacheltje mask=0,1,5,6,7,11,12 (6s)
TIMEOUT bijgebouwtjes mask=0,1,3,6,9,11,12 (76s)
UNSAT houtjetouwtje mask=0,1,2,6,10,11,12 (9s)
UNSAT houtjetouwtje mask=0,1,3,6,9,11,12 (9s)
UNSAT houtjetouwtje mask=0,1,5,6,7,11,12 (9s)
UNSAT houthouwertje mask=0,1,2,6,10,11,12 (8s)
UNSAT houthouwertje mask=0,1,5,6,7,11,12 (9s)
UNSAT hiphopconcert mask=0,1,2,6,10,11,12 (9s)
UNSAT hiphopconcert mask=0,1,5,6,7,11,12 (9s)
UNSAT hartenzuchtje mask=0,1,2,6,10,11,12 (8s)
UNSAT hartenzuchtje mask=0,1,3,6,9,11,12 (9s)
UNSAT hartenzuchtje mask=0,1,5,6,7,11,12 (9s)
UNSAT debuutconcert mask=0,1,2,6,10,11,12 (9s)
TIMEOUT voorhuwelijks mask=0,1,3,6,9,11,12 (75s)
UNSAT debuutconcert mask=0,1,5,6,7,11,12 (8s)
UNSAT buurttoezicht mask=0,1,2,6,10,11,12 (9s)
UNSAT buurttoezicht mask=0,1,5,6,7,11,12 (6s)
UNSAT buurttoezicht mask=0,1,3,6,9,11,12 (10s)
UNSAT buurtgerichts mask=0,1,3,6,9,11,12 (7s)
UNSAT buurtgerichts mask=0,1,2,6,10,11,12 (9s)
UNSAT buurtgerichts mask=0,1,5,6,7,11,12 (6s)
TIMEOUT natuurwachten mask=0,1,2,6,10,11,12 (75s)
UNSAT buurtachtigst mask=0,1,3,6,9,11,12 (7s)
UNSAT buurtachtigst mask=0,1,2,6,10,11,12 (9s)
UNSAT buitenluchtje mask=0,1,2,6,10,11,12 (7s)
UNSAT buitenluchtje mask=0,1,3,6,9,11,12 (9s)
UNSAT buitenluchtje mask=0,1,5,6,7,11,12 (7s)
UNSAT yogageschrift mask=0,1,2,6,10,11,12 (9s)
TIMEOUT houtkacheltje mask=0,1,3,6,9,11,12 (75s)
UNSAT yogageschrift mask=0,1,5,6,7,11,12 (6s)
UNSAT yogageschrift mask=0,1,3,6,9,11,12 (9s)
NOCAND verkoopquotas mask=0,1,5,6,7,11,12 (4s)
UNSAT verkoopquotas mask=0,1,2,6,10,11,12 (9s)
UNSAT verkoopquotas mask=0,1,3,6,9,11,12 (9s)
TIMEOUT houthouwertje mask=0,1,3,6,9,11,12 (75s)
TIMEOUT hiphopconcert mask=0,1,3,6,9,11,12 (75s)
UNSAT wokgerechtjes mask=0,1,3,6,9,11,12 (7s)
UNSAT wokgerechtjes mask=0,1,2,6,10,11,12 (8s)
UNSAT wokgerechtjes mask=0,1,5,6,7,11,12 (6s)
UNSAT wijnmuseumpje mask=0,1,2,6,10,11,12 (7s)
UNSAT wijnmuseumpje mask=0,1,3,6,9,11,12 (7s)
UNSAT wijnbuffetjes mask=0,1,3,6,9,11,12 (8s)
UNSAT wijnmuseumpje mask=0,1,5,6,7,11,12 (9s)
UNSAT wijnbuffetjes mask=0,1,2,6,10,11,12 (9s)
UNSAT wijnbuffetjes mask=0,1,5,6,7,11,12 (7s)
UNSAT wijkgerichter mask=0,1,3,6,9,11,12 (7s)
UNSAT wijkgerichter mask=0,1,2,6,10,11,12 (9s)
UNSAT wijkgerichter mask=0,1,5,6,7,11,12 (7s)
UNSAT werkobjectjes mask=0,1,3,6,9,11,12 (7s)
TIMEOUT debuutconcert mask=0,1,3,6,9,11,12 (75s)
UNSAT werkobjectjes mask=0,1,2,6,10,11,12 (9s)
UNSAT werkgeschikts mask=0,1,2,6,10,11,12 (7s)
UNSAT werkobjectjes mask=0,1,5,6,7,11,12 (9s)
UNSAT werkgeschikts mask=0,1,3,6,9,11,12 (9s)
UNSAT werkgeschikts mask=0,1,5,6,7,11,12 (7s)
UNSAT wenkbrauwtjes mask=0,1,2,6,10,11,12 (9s)
UNSAT wegparcoursje mask=0,1,2,6,10,11,12 (6s)
UNSAT wenkbrauwtjes mask=0,1,5,6,7,11,12 (8s)
UNSAT wegparcoursje mask=0,1,3,6,9,11,12 (8s)
UNSAT webbouwertjes mask=0,1,2,6,10,11,12 (7s)
UNSAT wegparcoursje mask=0,1,5,6,7,11,12 (8s)
UNSAT webbouwertjes mask=0,1,3,6,9,11,12 (6s)
UNSAT waaggebouwtje mask=0,1,2,6,10,11,12 (7s)
UNSAT webbouwertjes mask=0,1,5,6,7,11,12 (8s)
UNSAT waaggebouwtje mask=0,1,3,6,9,11,12 (7s)
UNSAT waaggebouwtje mask=0,1,5,6,7,11,12 (7s)
UNSAT parketwachtje mask=0,1,3,6,9,11,12 (7s)
UNSAT loopgewichtje mask=0,1,2,6,10,11,12 (7s)
UNSAT parketwachtje mask=0,1,5,6,7,11,12 (9s)
UNSAT loopgewichtje mask=0,1,3,6,9,11,12 (8s)
TIMEOUT buurtachtigst mask=0,1,5,6,7,11,12 (75s)
UNSAT loopgewichtje mask=0,1,5,6,7,11,12 (8s)
UNSAT leeggewichtje mask=0,1,3,6,9,11,12 (6s)
UNSAT leeggewichtje mask=0,1,2,6,10,11,12 (8s)
UNSAT leeggewichtje mask=0,1,5,6,7,11,12 (8s)
UNSAT computerchaos mask=0,1,3,6,9,11,12 (7s)
UNSAT computerchaos mask=0,1,2,6,10,11,12 (8s)
UNSAT computerchaos mask=0,1,5,6,7,11,12 (9s)
UNSAT communistisch mask=0,1,2,6,10,11,12 (8s)
UNSAT communistisch mask=0,1,3,6,9,11,12 (9s)
UNSAT communistisch mask=0,1,5,6,7,11,12 (7s)
UNSAT communeachtig mask=0,1,2,6,10,11,12 (8s)
UNSAT communeachtig mask=0,1,3,6,9,11,12 (8s)
UNSAT communeachtig mask=0,1,5,6,7,11,12 (8s)
UNSAT chipproducent mask=0,1,2,6,10,11,12 (6s)
UNSAT chipproductie mask=0,1,2,6,10,11,12 (9s)
UNSAT chipproductie mask=0,1,5,6,7,11,12 (8s)
UNSAT chipproductie mask=0,1,3,6,9,11,12 (9s)
UNSAT chipproducent mask=0,1,3,6,9,11,12 (8s)
UNSAT chipproducent mask=0,1,5,6,7,11,12 (8s)
UNSAT champagnewalm mask=0,1,2,6,10,11,12 (7s)
UNSAT champagnewalm mask=0,1,5,6,7,11,12 (6s)
UNSAT champagnewalm mask=0,1,3,6,9,11,12 (9s)
UNSAT campagnechefs mask=0,1,2,6,10,11,12 (9s)
UNSAT campagnechefs mask=0,1,3,6,9,11,12 (9s)
UNSAT campagnechefs mask=0,1,5,6,7,11,12 (8s)
UNSAT burgerwachten mask=0,1,3,6,9,11,12 (9s)
UNSAT burgerwachten mask=0,1,5,6,7,11,12 (8s)
UNSAT bureauchefjes mask=0,1,5,6,7,11,12 (9s)
UNSAT behaagzuchtig mask=0,1,2,6,10,11,12 (9s)
UNSAT behaagzuchtig mask=0,1,3,6,9,11,12 (9s)
TIMEOUT wenkbrauwtjes mask=0,1,3,6,9,11,12 (75s)
UNSAT behaagzuchtig mask=0,1,5,6,7,11,12 (7s)
UNSAT vrijbiljetjes mask=0,1,2,6,10,11,12 (9s)
UNSAT grijpijzertje mask=0,1,2,6,10,11,12 (6s)
UNSAT vrijbiljetjes mask=0,1,5,6,7,11,12 (9s)
TIMEOUT parketwachtje mask=0,1,2,6,10,11,12 (75s)
UNSAT grijpijzertje mask=0,1,5,6,7,11,12 (9s)
UNSAT quotumafnamen mask=0,1,2,6,10,11,12 (9s)
UNSAT quotumafnamen mask=0,1,3,6,9,11,12 (7s)
UNSAT quotumafnamen mask=0,1,5,6,7,11,12 (6s)
UNSAT quatuorretjes mask=0,1,2,6,10,11,12 (8s)
UNSAT quatuorretjes mask=0,1,3,6,9,11,12 (7s)
UNSAT quatuorretjes mask=0,1,5,6,7,11,12 (7s)
UNSAT boekenquizzen mask=0,1,2,6,10,11,12 (7s)
UNSAT boekenquizzen mask=0,1,5,6,7,11,12 (8s)
UNSAT winterluchtje mask=0,1,2,6,10,11,12 (9s)
UNSAT winterluchtje mask=0,1,3,6,9,11,12 (10s)
UNSAT winterluchtje mask=0,1,5,6,7,11,12 (8s)
TIMEOUT burgerwachten mask=0,1,2,6,10,11,12 (75s)
UNSAT voorbeschouwt mask=0,1,2,6,10,11,12 (8s)
TIMEOUT bureauchefjes mask=0,1,2,6,10,11,12 (75s)
UNSAT voorbeschouwt mask=0,1,3,6,9,11,12 (9s)
TIMEOUT bureauchefjes mask=0,1,3,6,9,11,12 (75s)
UNSAT voorbeschouwd mask=0,1,2,6,10,11,12 (8s)
UNSAT voorbeschouwd mask=0,1,3,6,9,11,12 (7s)
UNSAT voetbalchicks mask=0,1,2,6,10,11,12 (6s)
UNSAT startaccuutje mask=0,1,2,6,10,11,12 (6s)
UNSAT voetbalchicks mask=0,1,3,6,9,11,12 (8s)
UNSAT voetbalchicks mask=0,1,5,6,7,11,12 (9s)
TIMEOUT vrijbiljetjes mask=0,1,3,6,9,11,12 (75s)
UNSAT startaccuutje mask=0,1,3,6,9,11,12 (7s)
TIMEOUT grijpijzertje mask=0,1,3,6,9,11,12 (75s)
UNSAT startaccuutje mask=0,1,5,6,7,11,12 (9s)
UNSAT fabriekschick mask=0,1,2,6,10,11,12 (9s)
UNSAT fabriekschick mask=0,1,3,6,9,11,12 (9s)
UNSAT fabriekschick mask=0,1,5,6,7,11,12 (9s)
UNSAT deurgewichtje mask=0,1,3,6,9,11,12 (8s)
UNSAT deurgewichtje mask=0,1,2,6,10,11,12 (9s)
UNSAT deurgewichtje mask=0,1,5,6,7,11,12 (8s)
UNSAT coutureachtig mask=0,1,2,6,10,11,12 (9s)
UNSAT coutureachtig mask=0,1,3,6,9,11,12 (10s)
UNSAT chorografisch mask=0,1,3,6,9,11,12 (6s)
UNSAT chorografisch mask=0,1,5,6,7,11,12 (6s)
UNSAT chorografisch mask=0,1,2,6,10,11,12 (8s)
UNSAT coutureachtig mask=0,1,5,6,7,11,12 (9s)
TIMEOUT boekenquizzen mask=0,1,3,6,9,11,12 (75s)
UNSAT chirografisch mask=0,1,3,6,9,11,12 (6s)
UNSAT chartervracht mask=0,1,2,6,10,11,12 (6s)
UNSAT chirografisch mask=0,1,2,6,10,11,12 (8s)
UNSAT chirografisch mask=0,1,5,6,7,11,12 (9s)
UNSAT chartervracht mask=0,1,3,6,9,11,12 (9s)
UNSAT tijgerjurkjes mask=0,1,2,6,10,11,12 (7s)
UNSAT tijgerjurkjes mask=0,1,3,6,9,11,12 (7s)
UNSAT chartervracht mask=0,1,5,6,7,11,12 (8s)
UNSAT hiphoppodiums mask=0,1,2,6,10,11,12 (8s)
UNSAT tijgerjurkjes mask=0,1,5,6,7,11,12 (9s)
UNSAT hiphoppodiums mask=0,1,3,6,9,11,12 (9s)
NOCAND warmteequator mask=0,1,5,6,7,11,12 (2s)
UNSAT hiphoppodiums mask=0,1,5,6,7,11,12 (9s)
UNSAT warmteequator mask=0,1,2,6,10,11,12 (9s)
UNSAT warmteequator mask=0,1,3,6,9,11,12 (9s)
UNSAT countrywereld mask=0,1,2,6,10,11,12 (9s)
UNSAT countrywereld mask=0,1,5,6,7,11,12 (7s)
UNSAT countrywereld mask=0,1,3,6,9,11,12 (8s)
UNSAT autorecycling mask=0,1,2,6,10,11,12 (6s)
UNSAT autorecycling mask=0,1,3,6,9,11,12 (7s)
UNSAT autorecycling mask=0,1,5,6,7,11,12 (9s)
TIMEOUT voorbeschouwt mask=0,1,5,6,7,11,12 (75s)
UNSAT autorecyclage mask=0,1,3,6,9,11,12 (6s)
UNSAT autorecyclage mask=0,1,2,6,10,11,12 (9s)
UNSAT autorecyclage mask=0,1,5,6,7,11,12 (9s)
UNSAT yuppiepaartje mask=0,1,3,6,9,11,12 (6s)
TIMEOUT voorbeschouwd mask=0,1,5,6,7,11,12 (75s)
UNSAT yuppiepaartje mask=0,1,5,6,7,11,12 (8s)
UNSAT yuppenpaartje mask=0,1,5,6,7,11,12 (6s)
UNSAT yuppenpaartje mask=0,1,3,6,9,11,12 (9s)
UNSAT wiegenwichtje mask=0,1,3,6,9,11,12 (7s)
UNSAT wiegenwichtje mask=0,1,2,6,10,11,12 (9s)
UNSAT wiegenwichtje mask=0,1,5,6,7,11,12 (9s)
UNSAT waterburchtje mask=0,1,2,6,10,11,12 (7s)
UNSAT waterburchtje mask=0,1,3,6,9,11,12 (6s)
UNSAT wakeupcalltje mask=0,1,2,6,10,11,12 (6s)
UNSAT waterburchtje mask=0,1,5,6,7,11,12 (9s)
UNSAT wakeupcalltje mask=0,1,5,6,7,11,12 (7s)
UNSAT cementschurft mask=0,1,2,6,10,11,12 (9s)
UNSAT cementschurft mask=0,1,3,6,9,11,12 (9s)
UNSAT cementschurft mask=0,1,5,6,7,11,12 (7s)
UNSAT hoppeplukkers mask=0,1,2,6,10,11,12 (9s)
UNSAT hoppeplukkers mask=0,1,3,6,9,11,12 (8s)
UNSAT quotareductie mask=0,1,2,6,10,11,12 (6s)
UNSAT hoppeplukkers mask=0,1,5,6,7,11,12 (9s)
UNSAT quotareductie mask=0,1,3,6,9,11,12 (9s)
UNSAT vrijheidsmuts mask=0,1,2,6,10,11,12 (6s)
UNSAT quotareductie mask=0,1,5,6,7,11,12 (8s)
UNSAT vrijheidsmuts mask=0,1,3,6,9,11,12 (7s)
UNSAT vrijheidslust mask=0,1,2,6,10,11,12 (7s)
UNSAT vrijheidslust mask=0,1,5,6,7,11,12 (7s)
UNSAT vrijheidsmuts mask=0,1,5,6,7,11,12 (9s)
UNSAT vrijheerlijks mask=0,1,2,6,10,11,12 (6s)
UNSAT vrijheidslust mask=0,1,3,6,9,11,12 (9s)
UNSAT vrijheerlijks mask=0,1,3,6,9,11,12 (7s)
UNSAT verhuurtijden mask=0,1,2,6,10,11,12 (8s)
UNSAT vrijheerlijks mask=0,1,5,6,7,11,12 (9s)
UNSAT verhuurtijden mask=0,1,5,6,7,11,12 (8s)
UNSAT verhuurtijden mask=0,1,3,6,9,11,12 (9s)
UNSAT verhuurbeding mask=0,1,2,6,10,11,12 (9s)
UNSAT verhuurbeding mask=0,1,3,6,9,11,12 (9s)
UNSAT verhuurbeding mask=0,1,5,6,7,11,12 (9s)
UNSAT verhuurbaarst mask=0,1,2,6,10,11,12 (9s)
UNSAT verhuurbaarst mask=0,1,3,6,9,11,12 (9s)
UNSAT verhuurbaarst mask=0,1,5,6,7,11,12 (9s)
UNSAT verhuizinkjes mask=0,1,5,6,7,11,12 (9s)
UNSAT verhuizertjes mask=0,1,2,6,10,11,12 (9s)
TIMEOUT yuppiepaartje mask=0,1,2,6,10,11,12 (76s)
TIMEOUT yuppenpaartje mask=0,1,2,6,10,11,12 (75s)
UNSAT verhuizertjes mask=0,1,5,6,7,11,12 (9s)
UNSAT verhuistijdje mask=0,1,5,6,7,11,12 (9s)
UNSAT verhuisdrukte mask=0,1,2,6,10,11,12 (9s)
TIMEOUT wakeupcalltje mask=0,1,3,6,9,11,12 (75s)
UNSAT verhuisdrukte mask=0,1,3,6,9,11,12 (9s)
UNSAT verhuisdrukte mask=0,1,5,6,7,11,12 (9s)
UNSAT verhuisdatums mask=0,1,3,6,9,11,12 (9s)
UNSAT verhuisdatums mask=0,1,5,6,7,11,12 (9s)
TIMEOUT verhuizinkjes mask=0,1,2,6,10,11,12 (75s)
TIMEOUT verhuizinkjes mask=0,1,3,6,9,11,12 (75s)
TIMEOUT verhuizertjes mask=0,1,3,6,9,11,12 (75s)
UNSAT verhuisbiljet mask=0,1,5,6,7,11,12 (9s)
UNSAT verhoogstukje mask=0,1,2,6,10,11,12 (9s)
TIMEOUT verhuistijdje mask=0,1,2,6,10,11,12 (76s)
TIMEOUT verhuistijdje mask=0,1,3,6,9,11,12 (75s)
UNSAT verhoogstukje mask=0,1,3,6,9,11,12 (9s)
UNSAT uurhotelletje mask=0,1,2,6,10,11,12 (9s)
UNSAT uurhotelletje mask=0,1,3,6,9,11,12 (9s)
UNSAT teruggestuurd mask=0,1,2,6,10,11,12 (9s)
UNSAT teruggestuurd mask=0,1,3,6,9,11,12 (9s)
UNSAT teruggestuurd mask=0,1,5,6,7,11,12 (8s)
TIMEOUT verhuisdatums mask=0,1,2,6,10,11,12 (75s)
UNSAT stuurtafeltje mask=0,1,3,6,9,11,12 (6s)
UNSAT stuurtafeltje mask=0,1,5,6,7,11,12 (7s)
UNSAT stuurmalletje mask=0,1,2,6,10,11,12 (9s)
UNSAT stuurmalletje mask=0,1,3,6,9,11,12 (9s)
TIMEOUT verhuisbiljet mask=0,1,2,6,10,11,12 (75s)
UNSAT stuurkompasje mask=0,1,2,6,10,11,12 (9s)
TIMEOUT verhuisbiljet mask=0,1,3,6,9,11,12 (75s)
UNSAT stuurkompasje mask=0,1,3,6,9,11,12 (9s)
UNSAT stuurkabeltje mask=0,1,3,6,9,11,12 (8s)
UNSAT stuurkabeltje mask=0,1,2,6,10,11,12 (9s)
UNSAT stuurkabeltje mask=0,1,5,6,7,11,12 (9s)
UNSAT stuurimpulsen mask=0,1,2,6,10,11,12 (6s)
UNSAT stuurimpulsen mask=0,1,5,6,7,11,12 (6s)
UNSAT stuurhefbomen mask=0,1,2,6,10,11,12 (8s)
UNSAT stuurhefbomen mask=0,1,3,6,9,11,12 (9s)
TIMEOUT verhoogstukje mask=0,1,5,6,7,11,12 (75s)
UNSAT stuurbrevetje mask=0,1,2,6,10,11,12 (9s)
TIMEOUT uurhotelletje mask=0,1,5,6,7,11,12 (75s)
UNSAT stuurbrevetje mask=0,1,3,6,9,11,12 (10s)
UNSAT stuurboompjes mask=0,1,2,6,10,11,12 (6s)
TIMEOUT stuurtafeltje mask=0,1,2,6,10,11,12 (75s)
UNSAT stuurboompjes mask=0,1,3,6,9,11,12 (6s)
UNSAT stuurboompjes mask=0,1,5,6,7,11,12 (8s)
UNSAT struikvormpje mask=0,1,2,6,10,11,12 (9s)
UNSAT struikvormpje mask=0,1,5,6,7,11,12 (7s)
UNSAT struikvormpje mask=0,1,3,6,9,11,12 (9s)
TIMEOUT stuurmalletje mask=0,1,5,6,7,11,12 (75s)
UNSAT steunmuurtjes mask=0,1,2,6,10,11,12 (7s)
UNSAT steunmuurtjes mask=0,1,3,6,9,11,12 (6s)
UNSAT steunmuurtjes mask=0,1,5,6,7,11,12 (8s)
TIMEOUT stuurkompasje mask=0,1,5,6,7,11,12 (75s)
UNSAT spuugklodders mask=0,1,2,6,10,11,12 (8s)
UNSAT spuugklodders mask=0,1,3,6,9,11,12 (9s)
UNSAT spuugbeestjes mask=0,1,2,6,10,11,12 (7s)
UNSAT spuugklodders mask=0,1,5,6,7,11,12 (10s)
UNSAT spuugbeestjes mask=0,1,3,6,9,11,12 (9s)
UNSAT spuugbeestjes mask=0,1,5,6,7,11,12 (10s)
TIMEOUT stuurimpulsen mask=0,1,3,6,9,11,12 (75s)
UNSAT spruitstukjes mask=0,1,5,6,7,11,12 (7s)
UNSAT spruitjesvolk mask=0,1,2,6,10,11,12 (8s)
UNSAT spijkerhuidje mask=0,1,2,6,10,11,12 (7s)
UNSAT spruitjesvolk mask=0,1,5,6,7,11,12 (9s)
UNSAT spijkerhuidje mask=0,1,3,6,9,11,12 (9s)
TIMEOUT stuurhefbomen mask=0,1,5,6,7,11,12 (75s)
UNSAT spijkerhuidje mask=0,1,5,6,7,11,12 (6s)
UNSAT rutherfordium mask=0,1,2,6,10,11,12 (6s)
UNSAT rutherfordium mask=0,1,3,6,9,11,12 (7s)
UNSAT rutherfordium mask=0,1,5,6,7,11,12 (9s)
UNSAT rothumeurtjes mask=0,1,3,6,9,11,12 (8s)
UNSAT rothumeurtjes mask=0,1,5,6,7,11,12 (6s)
TIMEOUT stuurbrevetje mask=0,1,5,6,7,11,12 (75s)
UNSAT pakhuisgevels mask=0,1,2,6,10,11,12 (9s)
UNSAT pakhuisgevels mask=0,1,5,6,7,11,12 (6s)
UNSAT natuurzuivers mask=0,1,2,6,10,11,12 (9s)
UNSAT natuurzuivers mask=0,1,5,6,7,11,12 (7s)
UNSAT natuurzuivers mask=0,1,3,6,9,11,12 (9s)
UNSAT natuurvormpje mask=0,1,2,6,10,11,12 (9s)
UNSAT natuurvormpje mask=0,1,3,6,9,11,12 (8s)
UNSAT natuurvormpje mask=0,1,5,6,7,11,12 (9s)
UNSAT natuurvolkjes mask=0,1,3,6,9,11,12 (7s)
UNSAT natuurvolkjes mask=0,1,2,6,10,11,12 (9s)
UNSAT natuurvolkjes mask=0,1,5,6,7,11,12 (9s)
UNSAT natuurpakhuis mask=0,1,2,6,10,11,12 (9s)
UNSAT natuurpakhuis mask=0,1,3,6,9,11,12 (9s)
UNSAT natuurpakhuis mask=0,1,5,6,7,11,12 (9s)
TIMEOUT spruitstukjes mask=0,1,2,6,10,11,12 (75s)
TIMEOUT spruitstukjes mask=0,1,3,6,9,11,12 (75s)
TIMEOUT spruitjesvolk mask=0,1,3,6,9,11,12 (75s)
UNSAT natuurdruifje mask=0,1,3,6,9,11,12 (9s)
UNSAT natuurdruifje mask=0,1,5,6,7,11,12 (8s)
UNSAT minuutvolumen mask=0,1,2,6,10,11,12 (8s)
UNSAT minuutvolumen mask=0,1,3,6,9,11,12 (9s)
UNSAT minuutvolumen mask=0,1,5,6,7,11,12 (9s)
UNSAT lightjammetje mask=0,1,2,6,10,11,12 (9s)
UNSAT lightjammetje mask=0,1,3,6,9,11,12 (9s)
UNSAT lightjammetje mask=0,1,5,6,7,11,12 (9s)
UNSAT immuunstofjes mask=0,1,2,6,10,11,12 (9s)
TIMEOUT rothumeurtjes mask=0,1,2,6,10,11,12 (75s)
UNSAT immuunstofjes mask=0,1,3,6,9,11,12 (9s)
UNSAT immuunstofjes mask=0,1,5,6,7,11,12 (9s)
UNSAT hiphopnummers mask=0,1,2,6,10,11,12 (9s)
UNSAT hiphopnummers mask=0,1,3,6,9,11,12 (9s)
UNSAT hiphopnummers mask=0,1,5,6,7,11,12 (9s)
TIMEOUT pakhuisgevels mask=0,1,3,6,9,11,12 (75s)
UNSAT hiphopklasjes mask=0,1,5,6,7,11,12 (7s)
UNSAT guajakboompje mask=0,1,5,6,7,11,12 (6s)
UNSAT guajakboompje mask=0,1,3,6,9,11,12 (8s)
UNSAT grauburgunder mask=0,1,2,6,10,11,12 (6s)
UNSAT grauburgunder mask=0,1,3,6,9,11,12 (8s)
UNSAT grauburgunder mask=0,1,5,6,7,11,12 (7s)
UNSAT futuroloogjes mask=0,1,2,6,10,11,12 (8s)
UNSAT futuroloogjes mask=0,1,3,6,9,11,12 (7s)
UNSAT futurologetje mask=0,1,2,6,10,11,12 (6s)
UNSAT futuroloogjes mask=0,1,5,6,7,11,12 (9s)
UNSAT futurologetje mask=0,1,3,6,9,11,12 (7s)
UNSAT futurologetje mask=0,1,5,6,7,11,12 (7s)
UNSAT figuurstudies mask=0,1,2,6,10,11,12 (6s)
UNSAT figuurstudies mask=0,1,3,6,9,11,12 (9s)
UNSAT figuurstudies mask=0,1,5,6,7,11,12 (9s)
UNSAT figuurkaartje mask=0,1,3,6,9,11,12 (9s)
UNSAT figuurkaartje mask=0,1,5,6,7,11,12 (9s)
UNSAT dekheuveltjes mask=0,1,3,6,9,11,12 (6s)
UNSAT dekheuveltjes mask=0,1,2,6,10,11,12 (9s)
TIMEOUT natuurdruifje mask=0,1,2,6,10,11,12 (75s)
UNSAT debuutprijzen mask=0,1,2,6,10,11,12 (6s)
UNSAT dekheuveltjes mask=0,1,5,6,7,11,12 (9s)
UNSAT debuutprijzen mask=0,1,5,6,7,11,12 (9s)
UNSAT debuutnummers mask=0,1,3,6,9,11,12 (6s)
UNSAT debuutnummers mask=0,1,2,6,10,11,12 (9s)
UNSAT debuutnummers mask=0,1,5,6,7,11,12 (9s)
UNSAT debuutbundels mask=0,1,2,6,10,11,12 (9s)
UNSAT debuutbundels mask=0,1,3,6,9,11,12 (10s)
TIMEOUT hiphopklasjes mask=0,1,2,6,10,11,12 (75s)
UNSAT debuutbundels mask=0,1,5,6,7,11,12 (9s)
TIMEOUT hiphopklasjes mask=0,1,3,6,9,11,12 (75s)
UNSAT anthuriumpjes mask=0,1,2,6,10,11,12 (10s)
TIMEOUT guajakboompje mask=0,1,2,6,10,11,12 (75s)
UNSAT anthuriumpjes mask=0,1,3,6,9,11,12 (9s)
UNSAT anthuriumpjes mask=0,1,5,6,7,11,12 (9s)
UNSAT tonijnquiches mask=0,1,2,6,10,11,12 (9s)
UNSAT tonijnquiches mask=0,1,3,6,9,11,12 (9s)
UNSAT tonijnquiches mask=0,1,5,6,7,11,12 (9s)
NOCAND petabecquerel mask=0,1,5,6,7,11,12 (4s)
UNSAT petabecquerel mask=0,1,2,6,10,11,12 (9s)
UNSAT petabecquerel mask=0,1,3,6,9,11,12 (9s)
UNSAT yuppenzoontje mask=0,1,2,6,10,11,12 (8s)
UNSAT yuppenzoontje mask=0,1,3,6,9,11,12 (9s)
UNSAT yuppenzoontje mask=0,1,5,6,7,11,12 (8s)
UNSAT yuppenkindjes mask=0,1,2,6,10,11,12 (9s)
UNSAT yuppenkindjes mask=0,1,5,6,7,11,12 (9s)
UNSAT yuppenfamilie mask=0,1,5,6,7,11,12 (6s)
UNSAT yuppenfamilie mask=0,1,2,6,10,11,12 (9s)
TIMEOUT figuurkaartje mask=0,1,2,6,10,11,12 (75s)
UNSAT uitgaansbuddy mask=0,1,2,6,10,11,12 (9s)
UNSAT uitgaansbuddy mask=0,1,3,6,9,11,12 (9s)
UNSAT uitgaansbuddy mask=0,1,5,6,7,11,12 (7s)
UNSAT tijgerpythons mask=0,1,2,6,10,11,12 (9s)
UNSAT tijgerpythons mask=0,1,3,6,9,11,12 (8s)
UNSAT prikkelidylle mask=0,1,2,6,10,11,12 (8s)
UNSAT tijgerpythons mask=0,1,5,6,7,11,12 (9s)
UNSAT prikkelidylle mask=0,1,3,6,9,11,12 (9s)
UNSAT prikkelidylle mask=0,1,5,6,7,11,12 (9s)
UNSAT marketingyups mask=0,1,3,6,9,11,12 (6s)
TIMEOUT debuutprijzen mask=0,1,3,6,9,11,12 (75s)
UNSAT marketingyups mask=0,1,2,6,10,11,12 (9s)
NOCAND koopreflexjes mask=0,1,3,6,9,11,12 (4s)
NOCAND duikersreflex mask=0,1,3,6,9,11,12 (3s)
UNSAT marketingyups mask=0,1,5,6,7,11,12 (9s)
NOCAND duikersreflex mask=0,1,2,6,10,11,12 (4s)
NOCAND duikersreflex mask=0,1,5,6,7,11,12 (4s)
NOCAND darmreflexjes mask=0,1,3,6,9,11,12 (4s)
UNSAT koopreflexjes mask=0,1,5,6,7,11,12 (8s)
UNSAT darmreflexjes mask=0,1,2,6,10,11,12 (9s)
UNSAT darmreflexjes mask=0,1,5,6,7,11,12 (9s)
UNSAT comebackshows mask=0,1,5,6,7,11,12 (6s)
UNSAT comebackshows mask=0,1,2,6,10,11,12 (9s)
UNSAT comebackshows mask=0,1,3,6,9,11,12 (10s)
UNSAT zoekmodulusje mask=0,1,3,6,9,11,12 (6s)
UNSAT zoekmodulusje mask=0,1,5,6,7,11,12 (7s)
UNSAT zoekmodulusje mask=0,1,2,6,10,11,12 (10s)
UNSAT vragenvuurtje mask=0,1,5,6,7,11,12 (7s)
UNSAT vragenvuurtje mask=0,1,3,6,9,11,12 (9s)
UNSAT verburgerlijk mask=0,1,2,6,10,11,12 (9s)
UNSAT verburgerlijk mask=0,1,3,6,9,11,12 (9s)
UNSAT verbruiksfilm mask=0,1,2,6,10,11,12 (7s)
UNSAT verburgerlijk mask=0,1,5,6,7,11,12 (9s)
UNSAT verbruiksfilm mask=0,1,5,6,7,11,12 (7s)
UNSAT verbruiksfilm mask=0,1,3,6,9,11,12 (9s)
UNSAT uitgepuzzelde mask=0,1,2,6,10,11,12 (9s)
TIMEOUT yuppenkindjes mask=0,1,3,6,9,11,12 (75s)
UNSAT uitgepuzzelde mask=0,1,3,6,9,11,12 (8s)
UNSAT uitgepuzzelde mask=0,1,5,6,7,11,12 (9s)
UNSAT uitgebuffelde mask=0,1,2,6,10,11,12 (8s)
UNSAT uitgebuffelde mask=0,1,3,6,9,11,12 (6s)
UNSAT uitgebuffelde mask=0,1,5,6,7,11,12 (7s)
TIMEOUT yuppenfamilie mask=0,1,3,6,9,11,12 (75s)
UNSAT trammuseumpje mask=0,1,2,6,10,11,12 (9s)
UNSAT summariumpjes mask=0,1,2,6,10,11,12 (7s)
UNSAT trammuseumpje mask=0,1,5,6,7,11,12 (9s)
UNSAT trammuseumpje mask=0,1,3,6,9,11,12 (9s)
UNSAT summariumpjes mask=0,1,3,6,9,11,12 (9s)
UNSAT summariumpjes mask=0,1,5,6,7,11,12 (9s)
UNSAT ruggentuffers mask=0,1,2,6,10,11,12 (9s)
UNSAT ruggentuffers mask=0,1,3,6,9,11,12 (7s)
UNSAT ruggentuffers mask=0,1,5,6,7,11,12 (7s)
UNSAT reumakuurtjes mask=0,1,3,6,9,11,12 (8s)
UNSAT reumakuurtjes mask=0,1,5,6,7,11,12 (10s)
UNSAT purperverfjes mask=0,1,5,6,7,11,12 (9s)
TIMEOUT koopreflexjes mask=0,1,2,6,10,11,12 (75s)
UNSAT purperspreeuw mask=0,1,3,6,9,11,12 (9s)
UNSAT purperspreeuw mask=0,1,5,6,7,11,12 (7s)
UNSAT pijperfluitje mask=0,1,3,6,9,11,12 (8s)
UNSAT pijperfluitje mask=0,1,5,6,7,11,12 (9s)
TIMEOUT vragenvuurtje mask=0,1,2,6,10,11,12 (75s)
UNSAT muggenvolkjes mask=0,1,2,6,10,11,12 (9s)
UNSAT muggenvolkjes mask=0,1,3,6,9,11,12 (9s)
UNSAT muggenvolkjes mask=0,1,5,6,7,11,12 (9s)
UNSAT moppersmurfje mask=0,1,2,6,10,11,12 (9s)
UNSAT moppersmurfje mask=0,1,5,6,7,11,12 (9s)
UNSAT luikbeugeltje mask=0,1,2,6,10,11,12 (9s)
UNSAT luikbeugeltje mask=0,1,5,6,7,11,12 (8s)
UNSAT longhilumpjes mask=0,1,2,6,10,11,12 (9s)
TIMEOUT reumakuurtjes mask=0,1,2,6,10,11,12 (75s)
TIMEOUT purperverfjes mask=0,1,2,6,10,11,12 (75s)
TIMEOUT purperverfjes mask=0,1,3,6,9,11,12 (75s)
UNSAT longhilumpjes mask=0,1,3,6,9,11,12 (9s)
UNSAT longhilumpjes mask=0,1,5,6,7,11,12 (9s)
TIMEOUT purperspreeuw mask=0,1,2,6,10,11,12 (75s)
UNSAT keukenmuurtje mask=0,1,3,6,9,11,12 (7s)
UNSAT keukenmuurtje mask=0,1,5,6,7,11,12 (9s)
TIMEOUT pijperfluitje mask=0,1,2,6,10,11,12 (75s)
UNSAT jampakhuisjes mask=0,1,3,6,9,11,12 (8s)
UNSAT jampakhuisjes mask=0,1,2,6,10,11,12 (9s)
UNSAT jampakhuisjes mask=0,1,5,6,7,11,12 (7s)
UNSAT hinkjambusjes mask=0,1,2,6,10,11,12 (9s)
UNSAT hinkjambusjes mask=0,1,3,6,9,11,12 (9s)
UNSAT hinkjambusjes mask=0,1,5,6,7,11,12 (8s)
UNSAT gabberfuifjes mask=0,1,2,6,10,11,12 (9s)
UNSAT gabberfuifjes mask=0,1,5,6,7,11,12 (6s)
UNSAT funknummertje mask=0,1,2,6,10,11,12 (9s)
UNSAT funknummertje mask=0,1,5,6,7,11,12 (9s)
UNSAT frambozenpulp mask=0,1,2,6,10,11,12 (7s)
TIMEOUT moppersmurfje mask=0,1,3,6,9,11,12 (75s)
UNSAT frambozenpulp mask=0,1,5,6,7,11,12 (9s)
UNSAT frambozenpluk mask=0,1,2,6,10,11,12 (9s)
TIMEOUT luikbeugeltje mask=0,1,3,6,9,11,12 (75s)
UNSAT frambozenpluk mask=0,1,5,6,7,11,12 (8s)
UNSAT druppelflesje mask=0,1,2,6,10,11,12 (8s)
UNSAT druppelflesje mask=0,1,3,6,9,11,12 (6s)
UNSAT druppelflesje mask=0,1,5,6,7,11,12 (9s)
UNSAT druppelbuisje mask=0,1,2,6,10,11,12 (9s)
UNSAT druppelbuisje mask=0,1,3,6,9,11,12 (9s)
UNSAT druppelbuisje mask=0,1,5,6,7,11,12 (8s)
UNSAT drukkajuitjes mask=0,1,2,6,10,11,12 (9s)
UNSAT drukkajuitjes mask=0,1,5,6,7,11,12 (9s)
TIMEOUT keukenmuurtje mask=0,1,2,6,10,11,12 (75s)
UNSAT computerpopje mask=0,1,2,6,10,11,12 (9s)
UNSAT computerpopje mask=0,1,5,6,7,11,12 (7s)
UNSAT computerpopje mask=0,1,3,6,9,11,12 (9s)
TIMEOUT gabberfuifjes mask=0,1,3,6,9,11,12 (75s)
UNSAT burgershuisje mask=0,1,5,6,7,11,12 (9s)
TIMEOUT funknummertje mask=0,1,3,6,9,11,12 (75s)
UNSAT burgerhuisjes mask=0,1,2,6,10,11,12 (7s)
TIMEOUT frambozenpulp mask=0,1,3,6,9,11,12 (75s)
UNSAT burgerhuisjes mask=0,1,5,6,7,11,12 (9s)
UNSAT bumpersurfers mask=0,1,2,6,10,11,12 (9s)
TIMEOUT frambozenpluk mask=0,1,3,6,9,11,12 (75s)
UNSAT bumpersurfers mask=0,1,3,6,9,11,12 (9s)
UNSAT bumpersurfers mask=0,1,5,6,7,11,12 (9s)
UNSAT brugpijlertje mask=0,1,2,6,10,11,12 (9s)
UNSAT brugpijlertje mask=0,1,5,6,7,11,12 (7s)
UNSAT brugpijlertje mask=0,1,3,6,9,11,12 (9s)
UNSAT brugoppervlak mask=0,1,2,6,10,11,12 (9s)
UNSAT brugoppervlak mask=0,1,5,6,7,11,12 (6s)
UNSAT brughoektumor mask=0,1,2,6,10,11,12 (9s)
UNSAT brughoektumor mask=0,1,3,6,9,11,12 (9s)
UNSAT brughoektumor mask=0,1,5,6,7,11,12 (6s)
UNSAT bruggenhuisje mask=0,1,2,6,10,11,12 (9s)
TIMEOUT drukkajuitjes mask=0,1,3,6,9,11,12 (75s)
UNSAT bruggenhuisje mask=0,1,5,6,7,11,12 (8s)
UNSAT brokkelbrugje mask=0,1,3,6,9,11,12 (6s)
UNSAT brokkelbrugje mask=0,1,2,6,10,11,12 (9s)
UNSAT brokkelbrugje mask=0,1,5,6,7,11,12 (9s)
UNSAT voetbalmythes mask=0,1,2,6,10,11,12 (6s)
TIMEOUT burgershuisje mask=0,1,2,6,10,11,12 (75s)
UNSAT voetbalmythes mask=0,1,3,6,9,11,12 (7s)
UNSAT puntenmaximum mask=0,1,2,6,10,11,12 (7s)
UNSAT voetbalmythes mask=0,1,5,6,7,11,12 (8s)
TIMEOUT burgershuisje mask=0,1,3,6,9,11,12 (75s)
NOCAND buurttaxietje mask=0,1,5,6,7,11,12 (2s)
UNSAT puntenmaximum mask=0,1,3,6,9,11,12 (8s)
UNSAT puntenmaximum mask=0,1,5,6,7,11,12 (9s)
UNSAT buurttaxietje mask=0,1,3,6,9,11,12 (7s)
UNSAT buurttaxietje mask=0,1,2,6,10,11,12 (8s)
TIMEOUT burgerhuisjes mask=0,1,3,6,9,11,12 (75s)
UNSAT zuurkraampjes mask=0,1,3,6,9,11,12 (7s)
UNSAT zuurkraampjes mask=0,1,2,6,10,11,12 (9s)
UNSAT zuurkraampjes mask=0,1,5,6,7,11,12 (6s)
UNSAT zuurkijksters mask=0,1,2,6,10,11,12 (6s)
UNSAT zuurkijksters mask=0,1,3,6,9,11,12 (7s)
UNSAT zuurballetjes mask=0,1,2,6,10,11,12 (6s)
UNSAT zuurkijksters mask=0,1,5,6,7,11,12 (8s)
UNSAT zuurballetjes mask=0,1,5,6,7,11,12 (6s)
UNSAT zuurballetjes mask=0,1,3,6,9,11,12 (8s)
UNSAT zoutpakhuisje mask=0,1,2,6,10,11,12 (7s)
UNSAT zoutpakhuisje mask=0,1,5,6,7,11,12 (7s)
UNSAT zoutbruggetje mask=0,1,2,6,10,11,12 (8s)
UNSAT wethoudersjob mask=0,1,2,6,10,11,12 (7s)
UNSAT zoutbruggetje mask=0,1,3,6,9,11,12 (9s)
UNSAT zoutbruggetje mask=0,1,5,6,7,11,12 (9s)
UNSAT wethoudersjob mask=0,1,3,6,9,11,12 (6s)
UNSAT wethoudersjob mask=0,1,5,6,7,11,12 (7s)
TIMEOUT brugoppervlak mask=0,1,3,6,9,11,12 (75s)
UNSAT weghuppelende mask=0,1,5,6,7,11,12 (6s)
UNSAT webuitgeverij mask=0,1,2,6,10,11,12 (9s)
UNSAT webuitgeverij mask=0,1,3,6,9,11,12 (6s)
UNSAT warunghouders mask=0,1,2,6,10,11,12 (9s)
UNSAT warunghouders mask=0,1,5,6,7,11,12 (8s)
UNSAT warunghouders mask=0,1,3,6,9,11,12 (9s)
TIMEOUT bruggenhuisje mask=0,1,3,6,9,11,12 (75s)
UNSAT vuurtempeltje mask=0,1,2,6,10,11,12 (8s)
UNSAT vuurtempeltje mask=0,1,3,6,9,11,12 (7s)
UNSAT vuurtempeltje mask=0,1,5,6,7,11,12 (8s)
UNSAT vuurkogeltjes mask=0,1,2,6,10,11,12 (6s)
UNSAT vuurkogeltjes mask=0,1,3,6,9,11,12 (7s)
UNSAT vuurkogeltjes mask=0,1,5,6,7,11,12 (7s)
UNSAT vuurkevertjes mask=0,1,2,6,10,11,12 (7s)
UNSAT vuurkevertjes mask=0,1,3,6,9,11,12 (7s)
UNSAT vuurkevertjes mask=0,1,5,6,7,11,12 (6s)
UNSAT vuurbommetjes mask=0,1,2,6,10,11,12 (6s)
UNSAT vuurbommetjes mask=0,1,5,6,7,11,12 (8s)
UNSAT vuurbolletjes mask=0,1,2,6,10,11,12 (8s)
UNSAT vuurbolletjes mask=0,1,3,6,9,11,12 (8s)
UNSAT vuurballetjes mask=0,1,2,6,10,11,12 (7s)
UNSAT vuurbolletjes mask=0,1,5,6,7,11,12 (9s)
UNSAT vuurballetjes mask=0,1,3,6,9,11,12 (8s)
UNSAT vuurballetjes mask=0,1,5,6,7,11,12 (9s)
UNSAT vrijmachtigen mask=0,1,2,6,10,11,12 (9s)
TIMEOUT zoutpakhuisje mask=0,1,3,6,9,11,12 (75s)
UNSAT vrijmachtigen mask=0,1,3,6,9,11,12 (8s)
UNSAT vrijgekochten mask=0,1,5,6,7,11,12 (6s)
UNSAT vrijgekochten mask=0,1,2,6,10,11,12 (9s)
UNSAT vrijgekochten mask=0,1,3,6,9,11,12 (8s)
TIMEOUT weghuppelende mask=0,1,2,6,10,11,12 (75s)
TIMEOUT weghuppelende mask=0,1,3,6,9,11,12 (75s)
UNSAT verhuiswensje mask=0,1,5,6,7,11,12 (7s)
TIMEOUT webuitgeverij mask=0,1,5,6,7,11,12 (75s)
UNSAT verhapscheert mask=0,1,2,6,10,11,12 (7s)
UNSAT verhapscheert mask=0,1,3,6,9,11,12 (8s)
UNSAT verhapscheert mask=0,1,5,6,7,11,12 (6s)
UNSAT verhapscheerd mask=0,1,2,6,10,11,12 (6s)
UNSAT verhapscheerd mask=0,1,3,6,9,11,12 (6s)
UNSAT verhapscheerd mask=0,1,5,6,7,11,12 (7s)
UNSAT verhaalsrecht mask=0,1,2,6,10,11,12 (8s)
UNSAT verhaalsrecht mask=0,1,3,6,9,11,12 (7s)
UNSAT verhaalsrecht mask=0,1,5,6,7,11,12 (9s)
UNSAT verhaalschema mask=0,1,2,6,10,11,12 (8s)
UNSAT verhaalschema mask=0,1,3,6,9,11,12 (6s)
UNSAT verhaalschema mask=0,1,5,6,7,11,12 (7s)
UNSAT toejuichinkje mask=0,1,2,6,10,11,12 (7s)
UNSAT toejuichinkje mask=0,1,5,6,7,11,12 (9s)
UNSAT toejuichertje mask=0,1,2,6,10,11,12 (7s)
TIMEOUT vuurbommetjes mask=0,1,3,6,9,11,12 (75s)
UNSAT teruggekochte mask=0,1,2,6,10,11,12 (6s)
UNSAT toejuichertje mask=0,1,5,6,7,11,12 (7s)
UNSAT teruggekochte mask=0,1,3,6,9,11,12 (9s)
UNSAT teruggehackte mask=0,1,2,6,10,11,12 (7s)
UNSAT teruggehackte mask=0,1,3,6,9,11,12 (9s)
UNSAT teruggehackte mask=0,1,5,6,7,11,12 (8s)
UNSAT teruggebouwde mask=0,1,2,6,10,11,12 (6s)
TIMEOUT vrijmachtigen mask=0,1,5,6,7,11,12 (75s)
UNSAT teruggebouwde mask=0,1,3,6,9,11,12 (8s)
UNSAT teruggebouwde mask=0,1,5,6,7,11,12 (9s)
UNSAT stuurmachines mask=0,1,3,6,9,11,12 (7s)
TIMEOUT verhuiswensje mask=0,1,2,6,10,11,12 (75s)
TIMEOUT verhuiswensje mask=0,1,3,6,9,11,12 (75s)
UNSAT stuurboordwal mask=0,1,2,6,10,11,12 (6s)
UNSAT stuurmachines mask=0,1,5,6,7,11,12 (8s)
UNSAT stuurboordwal mask=0,1,3,6,9,11,12 (9s)
UNSAT stuurboordwal mask=0,1,5,6,7,11,12 (9s)
UNSAT stuurbeweging mask=0,1,2,6,10,11,12 (7s)
UNSAT stuurbeweging mask=0,1,3,6,9,11,12 (8s)
UNSAT struiksgewijs mask=0,1,2,6,10,11,12 (6s)
UNSAT stuurbeweging mask=0,1,5,6,7,11,12 (9s)
UNSAT struiksgewijs mask=0,1,5,6,7,11,12 (7s)
UNSAT struikachtigs mask=0,1,2,6,10,11,12 (6s)
UNSAT struikachtigs mask=0,1,3,6,9,11,12 (7s)
TIMEOUT toejuichinkje mask=0,1,3,6,9,11,12 (75s)
UNSAT struikachtigs mask=0,1,5,6,7,11,12 (9s)
TIMEOUT toejuichertje mask=0,1,3,6,9,11,12 (75s)
UNSAT spruitzwammen mask=0,1,5,6,7,11,12 (6s)
UNSAT spijkerschort mask=0,1,2,6,10,11,12 (6s)
UNSAT spijkerschort mask=0,1,3,6,9,11,12 (6s)
UNSAT spijkerschort mask=0,1,5,6,7,11,12 (6s)
UNSAT spijkerachtig mask=0,1,2,6,10,11,12 (6s)
TIMEOUT teruggekochte mask=0,1,5,6,7,11,12 (75s)
UNSAT spijkerachtig mask=0,1,3,6,9,11,12 (7s)
UNSAT spijkerachtig mask=0,1,5,6,7,11,12 (9s)
UNSAT smoutachtigst mask=0,1,2,6,10,11,12 (9s)
UNSAT smoutachtigst mask=0,1,3,6,9,11,12 (9s)
UNSAT shithumeurtje mask=0,1,2,6,10,11,12 (7s)
UNSAT shithumeurtje mask=0,1,3,6,9,11,12 (9s)
UNSAT shithumeurtje mask=0,1,5,6,7,11,12 (8s)
UNSAT saphouwertjes mask=0,1,2,6,10,11,12 (6s)
TIMEOUT stuurmachines mask=0,1,2,6,10,11,12 (75s)
UNSAT saphouwertjes mask=0,1,5,6,7,11,12 (6s)
UNSAT returnmatchje mask=0,1,2,6,10,11,12 (6s)
UNSAT saphouwertjes mask=0,1,3,6,9,11,12 (8s)
UNSAT returnmatchje mask=0,1,5,6,7,11,12 (6s)
UNSAT pithouwertjes mask=0,1,2,6,10,11,12 (6s)
UNSAT pithouwertjes mask=0,1,3,6,9,11,12 (7s)
UNSAT returnmatchje mask=0,1,3,6,9,11,12 (9s)
UNSAT pithouwertjes mask=0,1,5,6,7,11,12 (7s)
UNSAT pinupachtigst mask=0,1,2,6,10,11,12 (6s)
UNSAT pinupachtigst mask=0,1,3,6,9,11,12 (6s)
UNSAT pinupachtigst mask=0,1,5,6,7,11,12 (7s)
UNSAT orthografisch mask=0,1,2,6,10,11,12 (6s)
UNSAT orthografisch mask=0,1,5,6,7,11,12 (6s)
TIMEOUT struiksgewijs mask=0,1,3,6,9,11,12 (76s)
UNSAT orthografisch mask=0,1,3,6,9,11,12 (9s)
UNSAT opiumpachters mask=0,1,2,6,10,11,12 (8s)
UNSAT opiumpachters mask=0,1,3,6,9,11,12 (6s)
UNSAT opiumpachters mask=0,1,5,6,7,11,12 (6s)
UNSAT opiumachtigst mask=0,1,2,6,10,11,12 (6s)
UNSAT opiumachtigst mask=0,1,3,6,9,11,12 (6s)
UNSAT opiumachtigst mask=0,1,5,6,7,11,12 (7s)
TIMEOUT spruitzwammen mask=0,1,2,6,10,11,12 (76s)
UNSAT natuurwijntje mask=0,1,2,6,10,11,12 (6s)
UNSAT natuurwijntje mask=0,1,5,6,7,11,12 (6s)
TIMEOUT spruitzwammen mask=0,1,3,6,9,11,12 (75s)
UNSAT natuurwijntje mask=0,1,3,6,9,11,12 (7s)
UNSAT natuurproject mask=0,1,2,6,10,11,12 (7s)
UNSAT natuurproject mask=0,1,5,6,7,11,12 (6s)
UNSAT natuurproject mask=0,1,3,6,9,11,12 (7s)
UNSAT natuurkwisjes mask=0,1,3,6,9,11,12 (6s)
UNSAT natuurgetrouw mask=0,1,2,6,10,11,12 (7s)
UNSAT natuurgetrouw mask=0,1,3,6,9,11,12 (6s)
UNSAT natuurkwisjes mask=0,1,5,6,7,11,12 (8s)
UNSAT natuurgetrouw mask=0,1,5,6,7,11,12 (6s)
UNSAT natuurgericht mask=0,1,2,6,10,11,12 (7s)
UNSAT natuurgericht mask=0,1,5,6,7,11,12 (6s)
UNSAT natuurgedicht mask=0,1,3,6,9,11,12 (6s)
UNSAT natuurgericht mask=0,1,3,6,9,11,12 (9s)
UNSAT natuurgedicht mask=0,1,2,6,10,11,12 (7s)
UNSAT natuurbewuste mask=0,1,2,6,10,11,12 (6s)
UNSAT natuurgedicht mask=0,1,5,6,7,11,12 (7s)
UNSAT natuurbewuste mask=0,1,3,6,9,11,12 (6s)
UNSAT natuurbewuste mask=0,1,5,6,7,11,12 (6s)
UNSAT muurpijlertje mask=0,1,2,6,10,11,12 (6s)
UNSAT muurpijlertje mask=0,1,3,6,9,11,12 (6s)
TIMEOUT smoutachtigst mask=0,1,5,6,7,11,12 (75s)
UNSAT muurpijlertje mask=0,1,5,6,7,11,12 (6s)
UNSAT muuroppervlak mask=0,1,2,6,10,11,12 (6s)
UNSAT muuroppervlak mask=0,1,5,6,7,11,12 (6s)
UNSAT muurhoudertje mask=0,1,5,6,7,11,12 (6s)
UNSAT krijtachtigst mask=0,1,2,6,10,11,12 (7s)
UNSAT krijtachtigst mask=0,1,3,6,9,11,12 (7s)
UNSAT krijtachtigst mask=0,1,5,6,7,11,12 (6s)
UNSAT kreukelschade mask=0,1,2,6,10,11,12 (6s)
UNSAT kreukelschade mask=0,1,3,6,9,11,12 (5s)
UNSAT kreukelschade mask=0,1,5,6,7,11,12 (6s)
UNSAT kabukiacteurs mask=0,1,2,6,10,11,12 (6s)
UNSAT kabukiacteurs mask=0,1,3,6,9,11,12 (6s)
UNSAT kabukiacteurs mask=0,1,5,6,7,11,12 (7s)
UNSAT immunologisch mask=0,1,2,6,10,11,12 (6s)
UNSAT immunologisch mask=0,1,3,6,9,11,12 (6s)
UNSAT immunologisch mask=0,1,5,6,7,11,12 (7s)
UNSAT huurruimtetje mask=0,1,2,6,10,11,12 (6s)
UNSAT huurruimtetje mask=0,1,3,6,9,11,12 (6s)
UNSAT huurruimtetje mask=0,1,5,6,7,11,12 (6s)
UNSAT huuropzegging mask=0,1,2,6,10,11,12 (6s)
UNSAT huuropzegging mask=0,1,5,6,7,11,12 (7s)
UNSAT huurhoudsters mask=0,1,2,6,10,11,12 (7s)
UNSAT huurhoudsters mask=0,1,3,6,9,11,12 (6s)
UNSAT huurhoudsters mask=0,1,5,6,7,11,12 (6s)
UNSAT houtkrulletje mask=0,1,2,6,10,11,12 (6s)
UNSAT houtkrulletje mask=0,1,3,6,9,11,12 (6s)
UNSAT houtkrulletje mask=0,1,5,6,7,11,12 (6s)
UNSAT houthakblokje mask=0,1,2,6,10,11,12 (6s)
UNSAT houthakblokje mask=0,1,3,6,9,11,12 (6s)
UNSAT houthakblokje mask=0,1,5,6,7,11,12 (6s)
TIMEOUT natuurkwisjes mask=0,1,2,6,10,11,12 (76s)
UNSAT hiphopwoordje mask=0,1,3,6,9,11,12 (6s)
UNSAT hiphopwoordje mask=0,1,5,6,7,11,12 (6s)
UNSAT grijpachtiger mask=0,1,2,6,10,11,12 (6s)
UNSAT grijpachtiger mask=0,1,3,6,9,11,12 (6s)
UNSAT grijpachtiger mask=0,1,5,6,7,11,12 (6s)
UNSAT deurbuffertje mask=0,1,2,6,10,11,12 (6s)
UNSAT deurbuffertje mask=0,1,3,6,9,11,12 (6s)
UNSAT deurbuffertje mask=0,1,5,6,7,11,12 (6s)
UNSAT buurttehuisje mask=0,1,2,6,10,11,12 (6s)
TIMEOUT muuroppervlak mask=0,1,3,6,9,11,12 (75s)
UNSAT buurttehuisje mask=0,1,3,6,9,11,12 (6s)
TIMEOUT muurhoudertje mask=0,1,2,6,10,11,12 (75s)
TIMEOUT muurhoudertje mask=0,1,3,6,9,11,12 (75s)
UNSAT buurttehuisje mask=0,1,5,6,7,11,12 (6s)
UNSAT buurtruzietje mask=0,1,2,6,10,11,12 (6s)
UNSAT buurtruzietje mask=0,1,3,6,9,11,12 (7s)
UNSAT wormaneurysma mask=0,1,3,6,9,11,12 (6s)
UNSAT wormaneurysma mask=0,1,2,6,10,11,12 (6s)
UNSAT wormaneurysma mask=0,1,5,6,7,11,12 (6s)
UNSAT sugarbabytjes mask=0,1,2,6,10,11,12 (6s)
UNSAT sugarbabytjes mask=0,1,3,6,9,11,12 (6s)
UNSAT lekenjurytjes mask=0,1,2,6,10,11,12 (6s)
UNSAT sugarbabytjes mask=0,1,5,6,7,11,12 (6s)
UNSAT lekenjurytjes mask=0,1,3,6,9,11,12 (6s)
UNSAT lekenjurytjes mask=0,1,5,6,7,11,12 (6s)
UNSAT zuigprocesjes mask=0,1,2,6,10,11,12 (6s)
UNSAT zuigprocesjes mask=0,1,3,6,9,11,12 (6s)
UNSAT zuigprocesjes mask=0,1,5,6,7,11,12 (6s)
UNSAT zorgprojectje mask=0,1,2,6,10,11,12 (6s)
UNSAT zorgprojectje mask=0,1,3,6,9,11,12 (6s)
UNSAT zorgprojectje mask=0,1,5,6,7,11,12 (6s)
UNSAT wormenkuurtje mask=0,1,3,6,9,11,12 (7s)
UNSAT wormenkuurtje mask=0,1,5,6,7,11,12 (6s)
TIMEOUT huuropzegging mask=0,1,3,6,9,11,12 (75s)
UNSAT wimperkruller mask=0,1,3,6,9,11,12 (6s)
UNSAT wimperkruller mask=0,1,5,6,7,11,12 (6s)
UNSAT wiegbruggetje mask=0,1,2,6,10,11,12 (6s)
UNSAT wiegbruggetje mask=0,1,3,6,9,11,12 (6s)
UNSAT wiegbruggetje mask=0,1,5,6,7,11,12 (6s)
UNSAT werktuiglijke mask=0,1,2,6,10,11,12 (6s)
UNSAT werktuiglijke mask=0,1,3,6,9,11,12 (6s)
UNSAT werktuiglijke mask=0,1,5,6,7,11,12 (6s)
UNSAT werktuigelijk mask=0,1,2,6,10,11,12 (6s)
UNSAT werktuigelijk mask=0,1,5,6,7,11,12 (6s)
UNSAT werkpauzetjes mask=0,1,2,6,10,11,12 (6s)
TIMEOUT hiphopwoordje mask=0,1,2,6,10,11,12 (75s)
UNSAT werkpauzetjes mask=0,1,5,6,7,11,12 (6s)
UNSAT werkmeubeltje mask=0,1,2,6,10,11,12 (6s)
UNSAT werkmeubeltje mask=0,1,5,6,7,11,12 (7s)
UNSAT werkkoffertje mask=0,1,2,6,10,11,12 (6s)
UNSAT werkkoffertje mask=0,1,3,6,9,11,12 (5s)
UNSAT werkkoffertje mask=0,1,5,6,7,11,12 (6s)
UNSAT werkbudgetjes mask=0,1,2,6,10,11,12 (6s)
UNSAT werkbudgetjes mask=0,1,3,6,9,11,12 (6s)
UNSAT werkbudgetjes mask=0,1,5,6,7,11,12 (6s)
TIMEOUT buurtruzietje mask=0,1,5,6,7,11,12 (75s)
UNSAT werkbedrijfje mask=0,1,2,6,10,11,12 (6s)
UNSAT werkbedrijfje mask=0,1,5,6,7,11,12 (6s)
UNSAT weegbruggetje mask=0,1,2,6,10,11,12 (6s)
UNSAT weegbruggetje mask=0,1,3,6,9,11,12 (6s)
UNSAT weegbruggetje mask=0,1,5,6,7,11,12 (5s)
UNSAT webbureautjes mask=0,1,2,6,10,11,12 (6s)
UNSAT webbureautjes mask=0,1,3,6,9,11,12 (6s)
TIMEOUT wormenkuurtje mask=0,1,2,6,10,11,12 (75s)
TIMEOUT wimperkruller mask=0,1,2,6,10,11,12 (75s)
UNSAT webbureautjes mask=0,1,5,6,7,11,12 (6s)
UNSAT warmtezuiltje mask=0,1,2,6,10,11,12 (6s)
UNSAT warmtezuiltje mask=0,1,5,6,7,11,12 (6s)
UNSAT warmtebrugjes mask=0,1,2,6,10,11,12 (6s)
UNSAT warmtebrugjes mask=0,1,3,6,9,11,12 (7s)
UNSAT warmtebrugjes mask=0,1,5,6,7,11,12 (7s)
UNSAT waakinfuusjes mask=0,1,2,6,10,11,12 (6s)
UNSAT waakinfuusjes mask=0,1,3,6,9,11,12 (6s)
TIMEOUT werktuigelijk mask=0,1,3,6,9,11,12 (75s)
UNSAT waakinfuusjes mask=0,1,5,6,7,11,12 (6s)
TIMEOUT werkpauzetjes mask=0,1,3,6,9,11,12 (75s)
UNSAT verkooptrucje mask=0,1,2,6,10,11,12 (6s)
UNSAT verkooptrucje mask=0,1,3,6,9,11,12 (6s)
UNSAT verkooptrucje mask=0,1,5,6,7,11,12 (6s)
UNSAT verkoopcurves mask=0,1,2,6,10,11,12 (6s)
UNSAT verkoopcurves mask=0,1,3,6,9,11,12 (6s)
UNSAT verkoopcurves mask=0,1,5,6,7,11,12 (6s)
TIMEOUT werkmeubeltje mask=0,1,3,6,9,11,12 (75s)
UNSAT verbandcursus mask=0,1,2,6,10,11,12 (6s)
UNSAT verbandcursus mask=0,1,3,6,9,11,12 (6s)
UNSAT verbandcursus mask=0,1,5,6,7,11,12 (6s)
UNSAT uitkauwseltje mask=0,1,2,6,10,11,12 (6s)
UNSAT uitkauwseltje mask=0,1,3,6,9,11,12 (7s)
UNSAT uitkauwseltje mask=0,1,5,6,7,11,12 (6s)
UNSAT uitgeefmoloch mask=0,1,2,6,10,11,12 (6s)
UNSAT uitgeefmoloch mask=0,1,3,6,9,11,12 (6s)
UNSAT uitgeefmoloch mask=0,1,5,6,7,11,12 (6s)
UNSAT uitbouwseltje mask=0,1,2,6,10,11,12 (7s)
UNSAT uitbouwseltje mask=0,1,3,6,9,11,12 (6s)
UNSAT uitbouwseltje mask=0,1,5,6,7,11,12 (6s)
UNSAT tijgerwolfjes mask=0,1,2,6,10,11,12 (7s)
UNSAT tijgerwolfjes mask=0,1,3,6,9,11,12 (7s)
UNSAT tijgerwolfjes mask=0,1,5,6,7,11,12 (6s)
UNSAT tijgergevecht mask=0,1,2,6,10,11,12 (6s)
UNSAT tijgergevecht mask=0,1,3,6,9,11,12 (6s)
UNSAT tijgergevecht mask=0,1,5,6,7,11,12 (6s)
UNSAT summerschools mask=0,1,2,6,10,11,12 (6s)
UNSAT summerschools mask=0,1,3,6,9,11,12 (6s)
UNSAT summerschools mask=0,1,5,6,7,11,12 (7s)
UNSAT suikerschepje mask=0,1,2,6,10,11,12 (6s)
UNSAT suikerschepje mask=0,1,3,6,9,11,12 (6s)
UNSAT suikerschepje mask=0,1,5,6,7,11,12 (7s)
UNSAT suikerschapje mask=0,1,2,6,10,11,12 (6s)
TIMEOUT werkbedrijfje mask=0,1,3,6,9,11,12 (76s)
UNSAT suikerschapje mask=0,1,3,6,9,11,12 (6s)
UNSAT suikerschapje mask=0,1,5,6,7,11,12 (6s)
UNSAT stumperachtig mask=0,1,2,6,10,11,12 (6s)
UNSAT stumperachtig mask=0,1,3,6,9,11,12 (6s)
UNSAT stukgeschopte mask=0,1,2,6,10,11,12 (6s)
UNSAT stumperachtig mask=0,1,5,6,7,11,12 (6s)
UNSAT stukgeschopte mask=0,1,3,6,9,11,12 (6s)
UNSAT stukgeschopte mask=0,1,5,6,7,11,12 (6s)
UNSAT strijkhulpjes mask=0,1,2,6,10,11,12 (6s)
UNSAT strijkhulpjes mask=0,1,3,6,9,11,12 (7s)
UNSAT strijkhulpjes mask=0,1,5,6,7,11,12 (7s)
UNSAT streptococcus mask=0,1,3,6,9,11,12 (6s)
UNSAT streptococcus mask=0,1,2,6,10,11,12 (6s)
UNSAT streptococcus mask=0,1,5,6,7,11,12 (6s)
UNSAT stokgevechtje mask=0,1,2,6,10,11,12 (6s)
UNSAT stokgevechtje mask=0,1,3,6,9,11,12 (6s)
UNSAT stokgevechtje mask=0,1,5,6,7,11,12 (6s)
UNSAT sjabbatslicht mask=0,1,2,6,10,11,12 (6s)
UNSAT sjabbatslicht mask=0,1,5,6,7,11,12 (6s)
UNSAT sjabbatslicht mask=0,1,3,6,9,11,12 (7s)
UNSAT segmentschuif mask=0,1,2,6,10,11,12 (6s)
UNSAT segmentschuif mask=0,1,3,6,9,11,12 (7s)
TIMEOUT warmtezuiltje mask=0,1,3,6,9,11,12 (76s)
UNSAT segmentschuif mask=0,1,5,6,7,11,12 (6s)
UNSAT rubberwalsjes mask=0,1,2,6,10,11,12 (6s)
UNSAT rubberwalsjes mask=0,1,5,6,7,11,12 (7s)
UNSAT rubberachtigs mask=0,1,2,6,10,11,12 (6s)
UNSAT rubberachtigs mask=0,1,5,6,7,11,12 (6s)
UNSAT rubberachtigs mask=0,1,3,6,9,11,12 (7s)
UNSAT purperblauwen mask=0,1,2,6,10,11,12 (6s)
UNSAT purperblauwen mask=0,1,5,6,7,11,12 (6s)
UNSAT purperachtigs mask=0,1,2,6,10,11,12 (6s)
UNSAT purperachtigs mask=0,1,3,6,9,11,12 (6s)
UNSAT purperachtigs mask=0,1,5,6,7,11,12 (6s)
UNSAT programmachef mask=0,1,2,6,10,11,12 (6s)
UNSAT programmachef mask=0,1,5,6,7,11,12 (6s)
UNSAT prekubistisch mask=0,1,2,6,10,11,12 (6s)
UNSAT prekubistisch mask=0,1,3,6,9,11,12 (6s)
UNSAT prekubistisch mask=0,1,5,6,7,11,12 (6s)
UNSAT pokkenwijfjes mask=0,1,3,6,9,11,12 (6s)
UNSAT pokkenwijfjes mask=0,1,5,6,7,11,12 (6s)
UNSAT pijpmanchetje mask=0,1,2,6,10,11,12 (6s)
UNSAT pijpmanchetje mask=0,1,3,6,9,11,12 (6s)
UNSAT pijpmanchetje mask=0,1,5,6,7,11,12 (6s)
UNSAT pijpgezwellen mask=0,1,2,6,10,11,12 (6s)
UNSAT pijpgezwellen mask=0,1,5,6,7,11,12 (6s)
UNSAT parkeerschijf mask=0,1,2,6,10,11,12 (6s)
UNSAT parkeerschijf mask=0,1,3,6,9,11,12 (6s)
UNSAT parkeerschijf mask=0,1,5,6,7,11,12 (6s)
UNSAT mummieachtigs mask=0,1,2,6,10,11,12 (6s)
UNSAT mummieachtigs mask=0,1,3,6,9,11,12 (6s)
UNSAT mummieachtigs mask=0,1,5,6,7,11,12 (6s)
UNSAT muggenjachten mask=0,1,3,6,9,11,12 (6s)
UNSAT muggenjachten mask=0,1,5,6,7,11,12 (6s)
UNSAT merkproductje mask=0,1,2,6,10,11,12 (6s)
UNSAT merkproductje mask=0,1,3,6,9,11,12 (6s)
UNSAT merkproductje mask=0,1,5,6,7,11,12 (6s)
UNSAT markteffectje mask=0,1,2,6,10,11,12 (5s)
UNSAT markteffectje mask=0,1,3,6,9,11,12 (6s)
UNSAT markteffectje mask=0,1,5,6,7,11,12 (7s)
UNSAT leugenschrift mask=0,1,2,6,10,11,12 (6s)
UNSAT leugenschrift mask=0,1,3,6,9,11,12 (6s)
TIMEOUT rubberwalsjes mask=0,1,3,6,9,11,12 (75s)
TIMEOUT purperblauwen mask=0,1,3,6,9,11,12 (75s)
UNSAT leugenschrift mask=0,1,5,6,7,11,12 (6s)
UNSAT lappenjachtje mask=0,1,3,6,9,11,12 (6s)
TIMEOUT programmachef mask=0,1,3,6,9,11,12 (75s)
UNSAT lappenjachtje mask=0,1,5,6,7,11,12 (6s)
UNSAT lakproductjes mask=0,1,2,6,10,11,12 (6s)
UNSAT lakproductjes mask=0,1,3,6,9,11,12 (6s)
TIMEOUT pokkenwijfjes mask=0,1,2,6,10,11,12 (75s)
UNSAT lakproductjes mask=0,1,5,6,7,11,12 (6s)
UNSAT kurkproductie mask=0,1,2,6,10,11,12 (6s)
UNSAT kurkproductie mask=0,1,3,6,9,11,12 (6s)
UNSAT kurkproductie mask=0,1,5,6,7,11,12 (6s)
UNSAT keukenuitbouw mask=0,1,2,6,10,11,12 (6s)
UNSAT keukenuitbouw mask=0,1,5,6,7,11,12 (7s)
UNSAT keukenluchten mask=0,1,2,6,10,11,12 (6s)
UNSAT keukenluchten mask=0,1,3,6,9,11,12 (6s)
TIMEOUT pijpgezwellen mask=0,1,3,6,9,11,12 (75s)
UNSAT keukenluchten mask=0,1,5,6,7,11,12 (6s)
UNSAT keukencheffin mask=0,1,5,6,7,11,12 (6s)
UNSAT kerkgewelfjes mask=0,1,2,6,10,11,12 (6s)
UNSAT kerkgewelfjes mask=0,1,5,6,7,11,12 (6s)
UNSAT kerkgebouwtje mask=0,1,2,6,10,11,12 (6s)
UNSAT kerkgebouwtje mask=0,1,3,6,9,11,12 (6s)
TIMEOUT muggenjachten mask=0,1,2,6,10,11,12 (76s)
UNSAT kerkgebouwtje mask=0,1,5,6,7,11,12 (6s)
UNSAT karmijnblauws mask=0,1,2,6,10,11,12 (6s)
UNSAT karmijnblauws mask=0,1,3,6,9,11,12 (6s)
UNSAT karmijnblauws mask=0,1,5,6,7,11,12 (6s)
UNSAT jongensclubje mask=0,1,2,6,10,11,12 (6s)
UNSAT jongensclubje mask=0,1,3,6,9,11,12 (6s)
UNSAT jongensclubje mask=0,1,5,6,7,11,12 (6s)
UNSAT hippiewijkjes mask=0,1,3,6,9,11,12 (6s)
UNSAT hippiewijkjes mask=0,1,5,6,7,11,12 (6s)
UNSAT hierarchischt mask=0,1,2,6,10,11,12 (5s)
UNSAT hierarchischt mask=0,1,5,6,7,11,12 (6s)
TIMEOUT lappenjachtje mask=0,1,2,6,10,11,12 (75s)
UNSAT hanggewelfjes mask=0,1,2,6,10,11,12 (6s)
UNSAT hanggewelfjes mask=0,1,5,6,7,11,12 (6s)
UNSAT haikuachtigst mask=0,1,2,6,10,11,12 (6s)
TIMEOUT keukenuitbouw mask=0,1,3,6,9,11,12 (75s)
UNSAT haikuachtigst mask=0,1,3,6,9,11,12 (6s)
UNSAT haikuachtigst mask=0,1,5,6,7,11,12 (6s)
TIMEOUT keukencheffin mask=0,1,2,6,10,11,12 (75s)
TIMEOUT keukencheffin mask=0,1,3,6,9,11,12 (75s)
TIMEOUT kerkgewelfjes mask=0,1,3,6,9,11,12 (75s)
UNSAT gummiachtiger mask=0,1,2,6,10,11,12 (6s)
UNSAT gummiachtiger mask=0,1,3,6,9,11,12 (6s)
UNSAT gummiachtiger mask=0,1,5,6,7,11,12 (6s)
UNSAT gibbonwijfjes mask=0,1,3,6,9,11,12 (6s)
UNSAT gibbonwijfjes mask=0,1,5,6,7,11,12 (6s)
UNSAT fruitkuurtjes mask=0,1,2,6,10,11,12 (6s)
UNSAT fruitkuurtjes mask=0,1,3,6,9,11,12 (6s)
UNSAT fruitkuurtjes mask=0,1,5,6,7,11,12 (6s)
UNSAT druppelflacon mask=0,1,3,6,9,11,12 (6s)
UNSAT druppelflacon mask=0,1,2,6,10,11,12 (6s)
UNSAT druppelflacon mask=0,1,5,6,7,11,12 (6s)
UNSAT drukimpactjes mask=0,1,3,6,9,11,12 (6s)
UNSAT drukimpactjes mask=0,1,5,6,7,11,12 (7s)
UNSAT drakenschubje mask=0,1,2,6,10,11,12 (6s)
UNSAT drakenschubje mask=0,1,3,6,9,11,12 (7s)
UNSAT dompteurschap mask=0,1,2,6,10,11,12 (6s)
UNSAT drakenschubje mask=0,1,5,6,7,11,12 (6s)
TIMEOUT hippiewijkjes mask=0,1,2,6,10,11,12 (75s)
UNSAT dompteurschap mask=0,1,5,6,7,11,12 (6s)
UNSAT dompteurschap mask=0,1,3,6,9,11,12 (6s)
UNSAT dijkgeschotje mask=0,1,2,6,10,11,12 (6s)
UNSAT dijkgeschotje mask=0,1,3,6,9,11,12 (6s)
TIMEOUT hierarchischt mask=0,1,3,6,9,11,12 (75s)
UNSAT computervrije mask=0,1,2,6,10,11,12 (6s)
UNSAT dijkgeschotje mask=0,1,5,6,7,11,12 (6s)
UNSAT computervrije mask=0,1,3,6,9,11,12 (6s)
UNSAT computervrije mask=0,1,5,6,7,11,12 (6s)
UNSAT computershops mask=0,1,2,6,10,11,12 (6s)
UNSAT computershops mask=0,1,5,6,7,11,12 (6s)
UNSAT computerlekje mask=0,1,2,6,10,11,12 (6s)
UNSAT computershops mask=0,1,3,6,9,11,12 (6s)
UNSAT computerlekje mask=0,1,3,6,9,11,12 (6s)
UNSAT computerlekje mask=0,1,5,6,7,11,12 (7s)
TIMEOUT hanggewelfjes mask=0,1,3,6,9,11,12 (75s)
UNSAT computerkunst mask=0,1,5,6,7,11,12 (6s)
UNSAT computerkunst mask=0,1,2,6,10,11,12 (6s)
UNSAT computerkunst mask=0,1,3,6,9,11,12 (6s)
UNSAT computergekje mask=0,1,2,6,10,11,12 (6s)
UNSAT computergekje mask=0,1,3,6,9,11,12 (6s)
UNSAT computergekje mask=0,1,5,6,7,11,12 (6s)
UNSAT computerbeurs mask=0,1,2,6,10,11,12 (6s)
UNSAT computerbeurs mask=0,1,3,6,9,11,12 (6s)
UNSAT computerbeurs mask=0,1,5,6,7,11,12 (6s)
UNSAT chippilletjes mask=0,1,2,6,10,11,12 (7s)
UNSAT chippilletjes mask=0,1,3,6,9,11,12 (6s)
UNSAT chippilletjes mask=0,1,5,6,7,11,12 (6s)
UNSAT chipbakkertje mask=0,1,2,6,10,11,12 (6s)
UNSAT chipbakkertje mask=0,1,3,6,9,11,12 (6s)
UNSAT chipbakkertje mask=0,1,5,6,7,11,12 (7s)
UNSAT champignonmug mask=0,1,2,6,10,11,12 (6s)
UNSAT champignonmug mask=0,1,5,6,7,11,12 (6s)
UNSAT champagnehuis mask=0,1,2,6,10,11,12 (6s)
UNSAT champagnehuis mask=0,1,3,6,9,11,12 (6s)
UNSAT champagnehuis mask=0,1,5,6,7,11,12 (6s)
UNSAT campingvijver mask=0,1,2,6,10,11,12 (6s)
TIMEOUT gibbonwijfjes mask=0,1,2,6,10,11,12 (75s)
UNSAT campingvijver mask=0,1,3,6,9,11,12 (7s)
UNSAT campingvijver mask=0,1,5,6,7,11,12 (6s)
UNSAT camperluifels mask=0,1,2,6,10,11,12 (7s)
UNSAT camperluifels mask=0,1,5,6,7,11,12 (6s)
UNSAT burgervrouwen mask=0,1,2,6,10,11,12 (7s)
UNSAT burgervrouwen mask=0,1,3,6,9,11,12 (6s)
UNSAT burgervrouwen mask=0,1,5,6,7,11,12 (7s)
UNSAT burgerachtigs mask=0,1,2,6,10,11,12 (6s)
UNSAT burgerachtigs mask=0,1,3,6,9,11,12 (6s)
UNSAT burgerachtigs mask=0,1,5,6,7,11,12 (6s)
UNSAT bumperschades mask=0,1,2,6,10,11,12 (6s)
UNSAT bumperschades mask=0,1,3,6,9,11,12 (6s)
UNSAT bumperschades mask=0,1,5,6,7,11,12 (6s)
TIMEOUT drukimpactjes mask=0,1,2,6,10,11,12 (75s)
UNSAT buikgezwellen mask=0,1,2,6,10,11,12 (6s)
UNSAT buikgezwellen mask=0,1,5,6,7,11,12 (6s)
UNSAT bruggenbouwer mask=0,1,2,6,10,11,12 (6s)
UNSAT bruggenbouwer mask=0,1,5,6,7,11,12 (7s)
UNSAT bomberjackjes mask=0,1,2,6,10,11,12 (7s)
UNSAT bomberjackjes mask=0,1,3,6,9,11,12 (6s)
UNSAT bomberjackjes mask=0,1,5,6,7,11,12 (6s)
UNSAT bijgerechtjes mask=0,1,2,6,10,11,12 (6s)
UNSAT bijgerechtjes mask=0,1,3,6,9,11,12 (6s)
UNSAT bijgerechtjes mask=0,1,5,6,7,11,12 (6s)
UNSAT beukentwijgje mask=0,1,3,6,9,11,12 (6s)
UNSAT beukentwijgje mask=0,1,5,6,7,11,12 (6s)
UNSAT baggerschopje mask=0,1,2,6,10,11,12 (6s)
UNSAT baggerschopje mask=0,1,3,6,9,11,12 (6s)
UNSAT baggerschopje mask=0,1,5,6,7,11,12 (6s)
UNSAT aanpuntschijf mask=0,1,2,6,10,11,12 (6s)
UNSAT aanpuntschijf mask=0,1,3,6,9,11,12 (6s)
UNSAT aanpuntschijf mask=0,1,5,6,7,11,12 (6s)
UNSAT voetbalcomedy mask=0,1,2,6,10,11,12 (6s)
UNSAT voetbalcomedy mask=0,1,3,6,9,11,12 (6s)
UNSAT voetbalcomedy mask=0,1,5,6,7,11,12 (6s)
UNSAT sportboycotje mask=0,1,2,6,10,11,12 (6s)
UNSAT sportboycotje mask=0,1,3,6,9,11,12 (6s)
UNSAT sportboycotje mask=0,1,5,6,7,11,12 (6s)
UNSAT spermatocytje mask=0,1,2,6,10,11,12 (6s)
TIMEOUT champignonmug mask=0,1,3,6,9,11,12 (75s)
UNSAT spermatocytje mask=0,1,3,6,9,11,12 (6s)
UNSAT spermatocytje mask=0,1,5,6,7,11,12 (6s)
UNSAT prototypische mask=0,1,3,6,9,11,12 (6s)
UNSAT prototypische mask=0,1,5,6,7,11,12 (6s)
UNSAT proteolytisch mask=0,1,2,6,10,11,12 (6s)
TIMEOUT camperluifels mask=0,1,3,6,9,11,12 (75s)
UNSAT proteolytisch mask=0,1,3,6,9,11,12 (6s)
UNSAT proteolytisch mask=0,1,5,6,7,11,12 (6s)
UNSAT zuurballenwet mask=0,1,2,6,10,11,12 (6s)
UNSAT zuurballenwet mask=0,1,3,6,9,11,12 (6s)
UNSAT zuurballenwet mask=0,1,5,6,7,11,12 (6s)
UNSAT zoutmolecules mask=0,1,2,6,10,11,12 (6s)
UNSAT zoutmolecules mask=0,1,3,6,9,11,12 (6s)
UNSAT zoutmolecules mask=0,1,5,6,7,11,12 (7s)
TIMEOUT buikgezwellen mask=0,1,3,6,9,11,12 (75s)
UNSAT voetbalcupjes mask=0,1,2,6,10,11,12 (7s)
UNSAT voetbalcupjes mask=0,1,3,6,9,11,12 (6s)
UNSAT voetbalcupjes mask=0,1,5,6,7,11,12 (6s)
TIMEOUT bruggenbouwer mask=0,1,3,6,9,11,12 (75s)
UNSAT spiraalvrucht mask=0,1,2,6,10,11,12 (6s)
UNSAT spiraalvrucht mask=0,1,3,6,9,11,12 (6s)
UNSAT spiraalvrucht mask=0,1,5,6,7,11,12 (6s)
UNSAT ruiterclubjes mask=0,1,3,6,9,11,12 (6s)
UNSAT ruiterclubjes mask=0,1,5,6,7,11,12 (7s)
UNSAT routinevlucht mask=0,1,2,6,10,11,12 (6s)
UNSAT routinevlucht mask=0,1,3,6,9,11,12 (6s)
UNSAT routinevlucht mask=0,1,5,6,7,11,12 (6s)
TIMEOUT beukentwijgje mask=0,1,2,6,10,11,12 (75s)
UNSAT puntgrachtjes mask=0,1,2,6,10,11,12 (6s)
UNSAT puntgrachtjes mask=0,1,3,6,9,11,12 (6s)
UNSAT puntgrachtjes mask=0,1,5,6,7,11,12 (6s)
UNSAT puntgewelfjes mask=0,1,2,6,10,11,12 (7s)
UNSAT puntgewelfjes mask=0,1,5,6,7,11,12 (6s)
UNSAT punterjachtje mask=0,1,3,6,9,11,12 (6s)
UNSAT punterjachtje mask=0,1,5,6,7,11,12 (6s)
UNSAT partijchefjes mask=0,1,3,6,9,11,12 (7s)
UNSAT partijchefjes mask=0,1,5,6,7,11,12 (6s)
UNSAT muntopschrift mask=0,1,2,6,10,11,12 (6s)
UNSAT muntopschrift mask=0,1,3,6,9,11,12 (6s)
UNSAT muntopschrift mask=0,1,5,6,7,11,12 (6s)
UNSAT huttenwijkjes mask=0,1,3,6,9,11,12 (5s)
UNSAT huttenwijkjes mask=0,1,5,6,7,11,12 (6s)
UNSAT houtknechtjes mask=0,1,2,6,10,11,12 (6s)
UNSAT houtknechtjes mask=0,1,3,6,9,11,12 (6s)
TIMEOUT prototypische mask=0,1,2,6,10,11,12 (75s)
UNSAT houtknechtjes mask=0,1,5,6,7,11,12 (6s)
UNSAT houthouwsters mask=0,1,2,6,10,11,12 (5s)
UNSAT houthouwsters mask=0,1,3,6,9,11,12 (6s)
UNSAT houthouwsters mask=0,1,5,6,7,11,12 (6s)
UNSAT hartjesschelp mask=0,1,2,6,10,11,12 (6s)
UNSAT hartjesschelp mask=0,1,3,6,9,11,12 (6s)
UNSAT hartjesschelp mask=0,1,5,6,7,11,12 (6s)
UNSAT gebruikswijze mask=0,1,2,6,10,11,12 (6s)
UNSAT gebruikswijze mask=0,1,3,6,9,11,12 (6s)
UNSAT gebruikswijze mask=0,1,5,6,7,11,12 (6s)
UNSAT conjunctietje mask=0,1,2,6,10,11,12 (6s)
UNSAT conjunctietje mask=0,1,3,6,9,11,12 (6s)
UNSAT conjunctietje mask=0,1,5,6,7,11,12 (6s)
UNSAT churrigueresk mask=0,1,2,6,10,11,12 (6s)
TIMEOUT ruiterclubjes mask=0,1,2,6,10,11,12 (76s)
UNSAT churrigueresk mask=0,1,3,6,9,11,12 (6s)
UNSAT churrigueresk mask=0,1,5,6,7,11,12 (6s)
UNSAT chirurgijnvis mask=0,1,2,6,10,11,12 (7s)
UNSAT chirurgijnvis mask=0,1,3,6,9,11,12 (6s)
UNSAT chirurgijnvis mask=0,1,5,6,7,11,12 (7s)
UNSAT chirurgijntje mask=0,1,2,6,10,11,12 (6s)
UNSAT chirurgijntje mask=0,1,3,6,9,11,12 (6s)
TIMEOUT puntgewelfjes mask=0,1,3,6,9,11,12 (75s)
UNSAT chirurgijntje mask=0,1,5,6,7,11,12 (6s)
TIMEOUT punterjachtje mask=0,1,2,6,10,11,12 (75s)
UNSAT cherubijntjes mask=0,1,2,6,10,11,12 (6s)
UNSAT cherubijntjes mask=0,1,3,6,9,11,12 (6s)
TIMEOUT partijchefjes mask=0,1,2,6,10,11,12 (75s)
UNSAT cherubijntjes mask=0,1,5,6,7,11,12 (6s)
UNSAT buurttwistjes mask=0,1,2,6,10,11,12 (7s)
UNSAT buurttwistjes mask=0,1,3,6,9,11,12 (6s)
UNSAT buurttwistjes mask=0,1,5,6,7,11,12 (7s)
UNSAT buurtrechters mask=0,1,2,6,10,11,12 (6s)
UNSAT buurtrechters mask=0,1,3,6,9,11,12 (7s)
UNSAT buurtgerichte mask=0,1,2,6,10,11,12 (6s)
UNSAT buurtrechters mask=0,1,5,6,7,11,12 (6s)
UNSAT buurtgerichte mask=0,1,3,6,9,11,12 (6s)
UNSAT buurtgerichte mask=0,1,5,6,7,11,12 (7s)
UNSAT buurtachtiger mask=0,1,2,6,10,11,12 (6s)
TIMEOUT huttenwijkjes mask=0,1,2,6,10,11,12 (75s)
UNSAT buurtachtiger mask=0,1,3,6,9,11,12 (6s)
UNSAT buitenschuift mask=0,1,3,6,9,11,12 (7s)
UNSAT buitenschuift mask=0,1,2,6,10,11,12 (7s)
UNSAT buitenschuift mask=0,1,5,6,7,11,12 (6s)
UNSAT apotheeklucht mask=0,1,2,6,10,11,12 (6s)
UNSAT apotheeklucht mask=0,1,3,6,9,11,12 (7s)
UNSAT apotheeklucht mask=0,1,5,6,7,11,12 (7s)
UNSAT amateurclubje mask=0,1,2,6,10,11,12 (7s)
UNSAT amateurclubje mask=0,1,3,6,9,11,12 (6s)
UNSAT wijnpartytjes mask=0,1,2,6,10,11,12 (7s)
UNSAT wijnpartytjes mask=0,1,3,6,9,11,12 (6s)
UNSAT quakerskerken mask=0,1,2,6,10,11,12 (6s)
UNSAT wijnpartytjes mask=0,1,5,6,7,11,12 (6s)
UNSAT quakerskerken mask=0,1,3,6,9,11,12 (6s)
UNSAT quakerskerken mask=0,1,5,6,7,11,12 (6s)
UNSAT metempsychose mask=0,1,2,6,10,11,12 (6s)
UNSAT metempsychose mask=0,1,3,6,9,11,12 (7s)
UNSAT kraampsychose mask=0,1,2,6,10,11,12 (6s)
UNSAT metempsychose mask=0,1,5,6,7,11,12 (6s)
UNSAT kraampsychose mask=0,1,3,6,9,11,12 (7s)
UNSAT kraampsychose mask=0,1,5,6,7,11,12 (6s)
UNSAT keratolyticum mask=0,1,2,6,10,11,12 (6s)
UNSAT keratolyticum mask=0,1,3,6,9,11,12 (6s)
UNSAT heterotypisch mask=0,1,2,6,10,11,12 (7s)
UNSAT heterotypisch mask=0,1,3,6,9,11,12 (6s)
UNSAT gepartycrasht mask=0,1,2,6,10,11,12 (7s)
UNSAT gepartycrasht mask=0,1,3,6,9,11,12 (6s)
UNSAT agranulocytje mask=0,1,2,6,10,11,12 (6s)
UNSAT agranulocytje mask=0,1,3,6,9,11,12 (6s)
UNSAT agranulocytje mask=0,1,5,6,7,11,12 (7s)
UNSAT workaholicjes mask=0,1,2,6,10,11,12 (6s)
UNSAT workaholicjes mask=0,1,5,6,7,11,12 (6s)
UNSAT worggezwellen mask=0,1,2,6,10,11,12 (6s)
UNSAT worggezwellen mask=0,1,5,6,7,11,12 (6s)
TIMEOUT buurtachtiger mask=0,1,5,6,7,11,12 (75s)
TIMEOUT amateurclubje mask=0,1,5,6,7,11,12 (75s)
UNSAT wimperzwammen mask=0,1,5,6,7,11,12 (6s)
UNSAT wijkgerichten mask=0,1,2,6,10,11,12 (6s)
TIMEOUT keratolyticum mask=0,1,5,6,7,11,12 (75s)
UNSAT wijkgerichten mask=0,1,3,6,9,11,12 (6s)
TIMEOUT heterotypisch mask=0,1,5,6,7,11,12 (75s)
UNSAT wijkgerichten mask=0,1,5,6,7,11,12 (6s)
TIMEOUT gepartycrasht mask=0,1,5,6,7,11,12 (75s)
UNSAT werkgeschikte mask=0,1,2,6,10,11,12 (6s)
UNSAT werkgeschikte mask=0,1,3,6,9,11,12 (7s)
UNSAT werkgeschikte mask=0,1,5,6,7,11,12 (5s)
UNSAT weekberichtje mask=0,1,2,6,10,11,12 (6s)
UNSAT weekberichtje mask=0,1,3,6,9,11,12 (6s)
UNSAT weekberichtje mask=0,1,5,6,7,11,12 (6s)
TIMEOUT workaholicjes mask=0,1,3,6,9,11,12 (75s)
UNSAT webpublicatie mask=0,1,2,6,10,11,12 (6s)
UNSAT webpublicatie mask=0,1,3,6,9,11,12 (6s)
UNSAT webpublicatie mask=0,1,5,6,7,11,12 (6s)
UNSAT wappernichtje mask=0,1,2,6,10,11,12 (6s)
UNSAT wappernichtje mask=0,1,3,6,9,11,12 (6s)
TIMEOUT worggezwellen mask=0,1,3,6,9,11,12 (75s)
UNSAT wappernichtje mask=0,1,5,6,7,11,12 (6s)
UNSAT wanproductjes mask=0,1,2,6,10,11,12 (7s)
UNSAT wanproductjes mask=0,1,3,6,9,11,12 (6s)
UNSAT wanproductjes mask=0,1,5,6,7,11,12 (6s)
UNSAT waagknechtjes mask=0,1,2,6,10,11,12 (6s)
UNSAT waagknechtjes mask=0,1,3,6,9,11,12 (6s)
UNSAT waagknechtjes mask=0,1,5,6,7,11,12 (6s)
TIMEOUT wimperzwammen mask=0,1,2,6,10,11,12 (75s)
UNSAT tribrachische mask=0,1,5,6,7,11,12 (7s)
UNSAT supertruckjes mask=0,1,2,6,10,11,12 (7s)
UNSAT supertruckjes mask=0,1,3,6,9,11,12 (6s)
UNSAT supertruckjes mask=0,1,5,6,7,11,12 (7s)
UNSAT superpellicum mask=0,1,2,6,10,11,12 (6s)
UNSAT superpellicum mask=0,1,3,6,9,11,12 (6s)
UNSAT suikerchemici mask=0,1,2,6,10,11,12 (6s)
UNSAT suikerchemici mask=0,1,5,6,7,11,12 (6s)
UNSAT suikerchemica mask=0,1,2,6,10,11,12 (6s)
UNSAT suikerchemica mask=0,1,5,6,7,11,12 (6s)
TIMEOUT wimperzwammen mask=0,1,3,6,9,11,12 (75s)
UNSAT stratocumulus mask=0,1,2,6,10,11,12 (6s)
UNSAT stratocumulus mask=0,1,3,6,9,11,12 (6s)
UNSAT stoppelweduwe mask=0,1,2,6,10,11,12 (6s)
UNSAT stoppelweduwe mask=0,1,3,6,9,11,12 (6s)
UNSAT stoppelweduwe mask=0,1,5,6,7,11,12 (6s)
UNSAT raamgewichtje mask=0,1,2,6,10,11,12 (6s)
UNSAT raamgewichtje mask=0,1,3,6,9,11,12 (6s)
UNSAT raamgewichtje mask=0,1,5,6,7,11,12 (6s)
UNSAT pianojuffrouw mask=0,1,2,6,10,11,12 (6s)
UNSAT pianojuffrouw mask=0,1,3,6,9,11,12 (6s)
UNSAT pianojuffrouw mask=0,1,5,6,7,11,12 (6s)
UNSAT ophokplichtje mask=0,1,2,6,10,11,12 (6s)
UNSAT ophokplichtje mask=0,1,3,6,9,11,12 (6s)
UNSAT ophokplichtje mask=0,1,5,6,7,11,12 (6s)
UNSAT omhoogschuift mask=0,1,2,6,10,11,12 (6s)
UNSAT omhoogschuift mask=0,1,3,6,9,11,12 (6s)
TIMEOUT tribrachische mask=0,1,2,6,10,11,12 (75s)
UNSAT omhoogschuift mask=0,1,5,6,7,11,12 (6s)
TIMEOUT tribrachische mask=0,1,3,6,9,11,12 (76s)
UNSAT morgenwachtje mask=0,1,3,6,9,11,12 (6s)
UNSAT morgenwachtje mask=0,1,5,6,7,11,12 (6s)
UNSAT mijnbouwafval mask=0,1,2,6,10,11,12 (6s)
TIMEOUT superpellicum mask=0,1,5,6,7,11,12 (75s)
TIMEOUT suikerchemici mask=0,1,3,6,9,11,12 (75s)
UNSAT mijnbouwafval mask=0,1,5,6,7,11,12 (6s)
UNSAT makeupschapje mask=0,1,2,6,10,11,12 (6s)
UNSAT makeupschapje mask=0,1,3,6,9,11,12 (6s)
TIMEOUT suikerchemica mask=0,1,3,6,9,11,12 (75s)
UNSAT loungeclubjes mask=0,1,2,6,10,11,12 (6s)
UNSAT loungeclubjes mask=0,1,3,6,9,11,12 (6s)
UNSAT loungeclubjes mask=0,1,5,6,7,11,12 (6s)
UNSAT lagerugklacht mask=0,1,2,6,10,11,12 (7s)
UNSAT lagerugklacht mask=0,1,3,6,9,11,12 (6s)
UNSAT lagerugklacht mask=0,1,5,6,7,11,12 (6s)
TIMEOUT stratocumulus mask=0,1,5,6,7,11,12 (75s)
UNSAT kappersweduwe mask=0,1,5,6,7,11,12 (7s)
UNSAT hippiecircuit mask=0,1,2,6,10,11,12 (6s)
UNSAT hippiecircuit mask=0,1,3,6,9,11,12 (6s)
UNSAT hippiecircuit mask=0,1,5,6,7,11,12 (5s)
UNSAT haringschubje mask=0,1,2,6,10,11,12 (6s)
UNSAT haringschubje mask=0,1,3,6,9,11,12 (6s)
UNSAT haringschubje mask=0,1,5,6,7,11,12 (7s)
UNSAT congopauwtjes mask=0,1,2,6,10,11,12 (6s)
UNSAT congopauwtjes mask=0,1,5,6,7,11,12 (6s)
UNSAT communicabels mask=0,1,2,6,10,11,12 (6s)
UNSAT communicabels mask=0,1,3,6,9,11,12 (6s)
UNSAT communicabels mask=0,1,5,6,7,11,12 (6s)
UNSAT chimerischers mask=0,1,2,6,10,11,12 (6s)
UNSAT chimerischers mask=0,1,3,6,9,11,12 (6s)
UNSAT chimerischers mask=0,1,5,6,7,11,12 (5s)
UNSAT champagnewijn mask=0,1,2,6,10,11,12 (6s)
TIMEOUT morgenwachtje mask=0,1,2,6,10,11,12 (75s)
UNSAT champagnewijn mask=0,1,3,6,9,11,12 (6s)
UNSAT champagnewijn mask=0,1,5,6,7,11,12 (6s)
UNSAT campingachtig mask=0,1,3,6,9,11,12 (7s)
UNSAT campingachtig mask=0,1,5,6,7,11,12 (6s)
TIMEOUT mijnbouwafval mask=0,1,3,6,9,11,12 (75s)
UNSAT burnoutklacht mask=0,1,2,6,10,11,12 (6s)
TIMEOUT makeupschapje mask=0,1,5,6,7,11,12 (75s)
UNSAT burnoutklacht mask=0,1,3,6,9,11,12 (6s)
UNSAT burnoutklacht mask=0,1,5,6,7,11,12 (6s)
UNSAT bureaucheffin mask=0,1,5,6,7,11,12 (6s)
UNSAT bakkersweduwe mask=0,1,2,6,10,11,12 (6s)
TIMEOUT kappersweduwe mask=0,1,2,6,10,11,12 (75s)
TIMEOUT kappersweduwe mask=0,1,3,6,9,11,12 (75s)
UNSAT bakkersweduwe mask=0,1,5,6,7,11,12 (6s)
UNSAT bakboordwacht mask=0,1,2,6,10,11,12 (6s)
UNSAT bakboordwacht mask=0,1,3,6,9,11,12 (6s)
UNSAT bakboordwacht mask=0,1,5,6,7,11,12 (6s)
UNSAT vrijpartijtje mask=0,1,2,6,10,11,12 (6s)
UNSAT vrijpartijtje mask=0,1,5,6,7,11,12 (6s)
TIMEOUT congopauwtjes mask=0,1,3,6,9,11,12 (75s)
UNSAT stijgijzertje mask=0,1,2,6,10,11,12 (6s)
UNSAT stijgijzertje mask=0,1,3,6,9,11,12 (6s)
UNSAT stijgijzertje mask=0,1,5,6,7,11,12 (6s)
UNSAT pijjekkertjes mask=0,1,2,6,10,11,12 (6s)
UNSAT pijjekkertjes mask=0,1,3,6,9,11,12 (6s)
UNSAT pijjekkertjes mask=0,1,5,6,7,11,12 (7s)
UNSAT tourniquetjes mask=0,1,2,6,10,11,12 (6s)
UNSAT tourniquetjes mask=0,1,3,6,9,11,12 (6s)
UNSAT tourniquetjes mask=0,1,5,6,7,11,12 (6s)
UNSAT contracttypes mask=0,1,2,6,10,11,12 (6s)
UNSAT contracttypes mask=0,1,3,6,9,11,12 (6s)
UNSAT contracttypes mask=0,1,5,6,7,11,12 (6s)
UNSAT yuppensteppen mask=0,1,2,6,10,11,12 (7s)
UNSAT yuppensteppen mask=0,1,5,6,7,11,12 (6s)
UNSAT voorbeschouwe mask=0,1,2,6,10,11,12 (6s)
TIMEOUT campingachtig mask=0,1,2,6,10,11,12 (75s)
UNSAT voorbeschouwe mask=0,1,3,6,9,11,12 (6s)
UNSAT ruiterwachtje mask=0,1,3,6,9,11,12 (5s)
TIMEOUT bureaucheffin mask=0,1,2,6,10,11,12 (75s)
TIMEOUT bureaucheffin mask=0,1,3,6,9,11,12 (75s)
UNSAT ruiterwachtje mask=0,1,5,6,7,11,12 (6s)
UNSAT gebrakecheckt mask=0,1,2,6,10,11,12 (6s)
UNSAT gebrakecheckt mask=0,1,3,6,9,11,12 (6s)
TIMEOUT bakkersweduwe mask=0,1,3,6,9,11,12 (76s)
UNSAT gebrakecheckt mask=0,1,5,6,7,11,12 (6s)
UNSAT coutureweekje mask=0,1,2,6,10,11,12 (6s)
UNSAT coutureweekje mask=0,1,3,6,9,11,12 (6s)
UNSAT coutureweekje mask=0,1,5,6,7,11,12 (5s)
UNSAT citroenvrucht mask=0,1,2,6,10,11,12 (6s)
UNSAT citroenvrucht mask=0,1,3,6,9,11,12 (6s)
TIMEOUT vrijpartijtje mask=0,1,3,6,9,11,12 (75s)
UNSAT citroenvrucht mask=0,1,5,6,7,11,12 (6s)
UNSAT centrumrechts mask=0,1,2,6,10,11,12 (7s)
UNSAT centrumrechts mask=0,1,3,6,9,11,12 (6s)
UNSAT centrumrechts mask=0,1,5,6,7,11,12 (6s)
UNSAT centrumachtig mask=0,1,2,6,10,11,12 (6s)
UNSAT centrumachtig mask=0,1,3,6,9,11,12 (7s)
UNSAT centrumachtig mask=0,1,5,6,7,11,12 (6s)
UNSAT cartouchetjes mask=0,1,2,6,10,11,12 (7s)
UNSAT cartouchetjes mask=0,1,3,6,9,11,12 (6s)
UNSAT cartouchetjes mask=0,1,5,6,7,11,12 (6s)
UNSAT carrierezucht mask=0,1,3,6,9,11,12 (6s)
UNSAT carrierezucht mask=0,1,2,6,10,11,12 (6s)
UNSAT carrierezucht mask=0,1,5,6,7,11,12 (6s)
UNSAT buitenwachtje mask=0,1,3,6,9,11,12 (7s)
UNSAT buitenwachtje mask=0,1,5,6,7,11,12 (6s)
UNSAT spijkerpompje mask=0,1,2,6,10,11,12 (6s)
UNSAT spijkerpompje mask=0,1,3,6,9,11,12 (6s)
UNSAT rijmbijbeltje mask=0,1,2,6,10,11,12 (6s)
UNSAT spijkerpompje mask=0,1,5,6,7,11,12 (6s)
UNSAT rijmbijbeltje mask=0,1,5,6,7,11,12 (6s)
UNSAT pijpijzertjes mask=0,1,2,6,10,11,12 (6s)
TIMEOUT yuppensteppen mask=0,1,3,6,9,11,12 (75s)
UNSAT pijpijzertjes mask=0,1,3,6,9,11,12 (6s)
UNSAT pijpijzertjes mask=0,1,5,6,7,11,12 (6s)
UNSAT jurkjesmeisje mask=0,1,2,6,10,11,12 (6s)
UNSAT jurkjesmeisje mask=0,1,5,6,7,11,12 (6s)
UNSAT hiphoppertjes mask=0,1,2,6,10,11,12 (7s)
TIMEOUT voorbeschouwe mask=0,1,5,6,7,11,12 (75s)
TIMEOUT ruiterwachtje mask=0,1,2,6,10,11,12 (75s)
UNSAT hiphoppertjes mask=0,1,5,6,7,11,12 (7s)
UNSAT gijkijzertjes mask=0,1,2,6,10,11,12 (6s)
UNSAT gijkijzertjes mask=0,1,3,6,9,11,12 (6s)
UNSAT gijkijzertjes mask=0,1,5,6,7,11,12 (6s)
UNSAT wapenboycotje mask=0,1,2,6,10,11,12 (6s)
UNSAT wapenboycotje mask=0,1,3,6,9,11,12 (6s)
UNSAT wapenboycotje mask=0,1,5,6,7,11,12 (6s)
UNSAT theatercowboy mask=0,1,2,6,10,11,12 (6s)
UNSAT theatercowboy mask=0,1,5,6,7,11,12 (6s)
UNSAT quintiljardje mask=0,1,2,6,10,11,12 (6s)
UNSAT quintiljardje mask=0,1,5,6,7,11,12 (6s)
UNSAT cranberrywijn mask=0,1,2,6,10,11,12 (6s)
UNSAT cranberrywijn mask=0,1,3,6,9,11,12 (6s)
UNSAT cranberrywijn mask=0,1,5,6,7,11,12 (6s)
UNSAT chromatocyten mask=0,1,2,6,10,11,12 (6s)
UNSAT chromatocyten mask=0,1,3,6,9,11,12 (6s)
UNSAT chromatocyten mask=0,1,5,6,7,11,12 (6s)
UNSAT watermolecuul mask=0,1,2,6,10,11,12 (6s)
UNSAT watermolecuul mask=0,1,3,6,9,11,12 (5s)
TIMEOUT buitenwachtje mask=0,1,2,6,10,11,12 (76s)
UNSAT waterbouwhout mask=0,1,3,6,9,11,12 (5s)
UNSAT waterbouwhout mask=0,1,2,6,10,11,12 (6s)
TIMEOUT rijmbijbeltje mask=0,1,3,6,9,11,12 (75s)
UNSAT waterbouwhout mask=0,1,5,6,7,11,12 (7s)
UNSAT waaggewichten mask=0,1,2,6,10,11,12 (6s)
UNSAT waaggewichten mask=0,1,3,6,9,11,12 (7s)
UNSAT waaggewichten mask=0,1,5,6,7,11,12 (6s)
UNSAT motoraccuutje mask=0,1,2,6,10,11,12 (6s)
TIMEOUT jurkjesmeisje mask=0,1,3,6,9,11,12 (75s)
UNSAT motoraccuutje mask=0,1,3,6,9,11,12 (6s)
UNSAT motoraccuutje mask=0,1,5,6,7,11,12 (6s)
UNSAT mijnbouwwetje mask=0,1,2,6,10,11,12 (6s)
UNSAT mijnbouwwetje mask=0,1,3,6,9,11,12 (6s)
TIMEOUT hiphoppertjes mask=0,1,3,6,9,11,12 (75s)
UNSAT mijnbouwwetje mask=0,1,5,6,7,11,12 (6s)
UNSAT fijntechnicus mask=0,1,2,6,10,11,12 (6s)
UNSAT fijntechnicus mask=0,1,3,6,9,11,12 (6s)
UNSAT zuigpoppetjes mask=0,1,2,6,10,11,12 (7s)
UNSAT fijntechnicus mask=0,1,5,6,7,11,12 (7s)
UNSAT zuigpoppetjes mask=0,1,3,6,9,11,12 (6s)
UNSAT zuigpoppetjes mask=0,1,5,6,7,11,12 (6s)
UNSAT rubberbuisjes mask=0,1,2,6,10,11,12 (6s)
TIMEOUT theatercowboy mask=0,1,3,6,9,11,12 (75s)
UNSAT poppenjurkjes mask=0,1,2,6,10,11,12 (6s)
UNSAT rubberbuisjes mask=0,1,5,6,7,11,12 (6s)
UNSAT poppenjurkjes mask=0,1,3,6,9,11,12 (7s)
UNSAT poppenjurkjes mask=0,1,5,6,7,11,12 (7s)
TIMEOUT quintiljardje mask=0,1,3,6,9,11,12 (75s)
UNSAT nepparfumpjes mask=0,1,3,6,9,11,12 (6s)
UNSAT nepparfumpjes mask=0,1,2,6,10,11,12 (6s)
UNSAT nepparfumpjes mask=0,1,5,6,7,11,12 (6s)
UNSAT luipaardpumps mask=0,1,2,6,10,11,12 (6s)
UNSAT luipaardpumps mask=0,1,3,6,9,11,12 (6s)
UNSAT luipaardpumps mask=0,1,5,6,7,11,12 (7s)
UNSAT keukenkrukjes mask=0,1,3,6,9,11,12 (7s)
UNSAT keukenkrukjes mask=0,1,5,6,7,11,12 (7s)
UNSAT hoppeplukster mask=0,1,5,6,7,11,12 (6s)
UNSAT hoppeplukster mask=0,1,2,6,10,11,12 (7s)
UNSAT hoppeplukster mask=0,1,3,6,9,11,12 (8s)
UNSAT gummipoppetje mask=0,1,2,6,10,11,12 (6s)
UNSAT gummipoppetje mask=0,1,3,6,9,11,12 (6s)
UNSAT gummipoppetje mask=0,1,5,6,7,11,12 (6s)
UNSAT pneumatolyses mask=0,1,2,6,10,11,12 (8s)
UNSAT yoghurtdieten mask=0,1,5,6,7,11,12 (8s)
UNSAT yoghurtdieten mask=0,1,2,6,10,11,12 (9s)
UNSAT yoghurtdieten mask=0,1,3,6,9,11,12 (9s)
UNSAT pneumatolyses mask=0,1,3,6,9,11,12 (9s)
UNSAT zakuitgaafjes mask=0,1,3,6,9,11,12 (7s)
TIMEOUT watermolecuul mask=0,1,5,6,7,11,12 (75s)
UNSAT pneumatolyses mask=0,1,5,6,7,11,12 (9s)
UNSAT zakuitgaafjes mask=0,1,2,6,10,11,12 (9s)
UNSAT zakuitgaafjes mask=0,1,5,6,7,11,12 (9s)
UNSAT vrijheerlijke mask=0,1,2,6,10,11,12 (7s)
UNSAT vrijheerlijke mask=0,1,3,6,9,11,12 (8s)
UNSAT vrijheerlijke mask=0,1,5,6,7,11,12 (9s)
UNSAT vrijhaventjes mask=0,1,2,6,10,11,12 (7s)
UNSAT vrijhaventjes mask=0,1,5,6,7,11,12 (7s)
UNSAT vrijgiftetjes mask=0,1,2,6,10,11,12 (9s)
UNSAT vrijgiftetjes mask=0,1,3,6,9,11,12 (7s)
UNSAT vrijgevigheid mask=0,1,3,6,9,11,12 (6s)
UNSAT vrijgevigheid mask=0,1,2,6,10,11,12 (8s)
UNSAT vrijgiftetjes mask=0,1,5,6,7,11,12 (8s)
UNSAT vrijbuitertje mask=0,1,2,6,10,11,12 (6s)
UNSAT vrijgevigheid mask=0,1,5,6,7,11,12 (8s)
UNSAT vrijbuitertje mask=0,1,3,6,9,11,12 (7s)
UNSAT vrijbuitertje mask=0,1,5,6,7,11,12 (6s)
UNSAT verhuurborden mask=0,1,2,6,10,11,12 (9s)
UNSAT verhuurborden mask=0,1,5,6,7,11,12 (6s)
UNSAT verhuurborden mask=0,1,3,6,9,11,12 (9s)
UNSAT verhuisfirmas mask=0,1,2,6,10,11,12 (9s)
UNSAT verhuisfirmas mask=0,1,3,6,9,11,12 (9s)
TIMEOUT rubberbuisjes mask=0,1,3,6,9,11,12 (75s)
UNSAT verhuisfirmas mask=0,1,5,6,7,11,12 (9s)
UNSAT verhuisdagjes mask=0,1,3,6,9,11,12 (8s)
UNSAT verhuisdagjes mask=0,1,5,6,7,11,12 (8s)
UNSAT verhuisbussen mask=0,1,3,6,9,11,12 (6s)
UNSAT verhuisbussen mask=0,1,5,6,7,11,12 (9s)
TIMEOUT keukenkrukjes mask=0,1,2,6,10,11,12 (75s)
UNSAT verheuginkjes mask=0,1,3,6,9,11,12 (9s)
UNSAT verheuginkjes mask=0,1,5,6,7,11,12 (9s)
UNSAT verhapstukken mask=0,1,3,6,9,11,12 (7s)
UNSAT verhapstukken mask=0,1,5,6,7,11,12 (9s)
UNSAT verhakstukken mask=0,1,3,6,9,11,12 (9s)
UNSAT verhakstukken mask=0,1,5,6,7,11,12 (6s)
UNSAT verhabbezakke mask=0,1,2,6,10,11,12 (6s)
UNSAT verhabbezakke mask=0,1,3,6,9,11,12 (8s)
UNSAT verhabbezakke mask=0,1,5,6,7,11,12 (7s)
TIMEOUT vrijhaventjes mask=0,1,3,6,9,11,12 (75s)
UNSAT treurpsalmpje mask=0,1,2,6,10,11,12 (9s)
UNSAT treurpsalmpje mask=0,1,3,6,9,11,12 (6s)
UNSAT treurpsalmpje mask=0,1,5,6,7,11,12 (6s)
UNSAT stuurriempjes mask=0,1,2,6,10,11,12 (7s)
UNSAT stuurriempjes mask=0,1,3,6,9,11,12 (7s)
UNSAT stuurriempjes mask=0,1,5,6,7,11,12 (8s)
UNSAT stuurplaatsje mask=0,1,3,6,9,11,12 (6s)
UNSAT stuurplaatsje mask=0,1,2,6,10,11,12 (8s)
UNSAT stuurkamertje mask=0,1,2,6,10,11,12 (6s)
TIMEOUT verhuisdagjes mask=0,1,2,6,10,11,12 (75s)
UNSAT stuurkamertje mask=0,1,3,6,9,11,12 (9s)
TIMEOUT verhuisbussen mask=0,1,2,6,10,11,12 (76s)
UNSAT stuurkamertje mask=0,1,5,6,7,11,12 (8s)
TIMEOUT verheuginkjes mask=0,1,2,6,10,11,12 (75s)
UNSAT stuurgroepjes mask=0,1,2,6,10,11,12 (9s)
UNSAT stuurgroepjes mask=0,1,3,6,9,11,12 (9s)
UNSAT stuurgroepjes mask=0,1,5,6,7,11,12 (9s)
TIMEOUT verhapstukken mask=0,1,2,6,10,11,12 (75s)
UNSAT spruitkleurig mask=0,1,3,6,9,11,12 (6s)
UNSAT spruitjesveld mask=0,1,2,6,10,11,12 (8s)
TIMEOUT verhakstukken mask=0,1,2,6,10,11,12 (75s)
UNSAT spruitjesgeur mask=0,1,2,6,10,11,12 (8s)
UNSAT spruitjesveld mask=0,1,5,6,7,11,12 (9s)
UNSAT spruitjesgeur mask=0,1,5,6,7,11,12 (9s)
UNSAT spruitblokjes mask=0,1,3,6,9,11,12 (9s)
UNSAT spruitblokjes mask=0,1,5,6,7,11,12 (7s)
UNSAT spijkerhemdje mask=0,1,2,6,10,11,12 (8s)
UNSAT spijkerhemdje mask=0,1,3,6,9,11,12 (8s)
UNSAT spijkerhemdje mask=0,1,5,6,7,11,12 (9s)
UNSAT spijkboompjes mask=0,1,2,6,10,11,12 (9s)
UNSAT spijkboompjes mask=0,1,3,6,9,11,12 (9s)
TIMEOUT stuurplaatsje mask=0,1,5,6,7,11,12 (75s)
UNSAT spijkboompjes mask=0,1,5,6,7,11,12 (9s)
UNSAT rijkenwijkjes mask=0,1,3,6,9,11,12 (9s)
UNSAT rijkenwijkjes mask=0,1,5,6,7,11,12 (9s)
UNSAT prijkeleuzers mask=0,1,2,6,10,11,12 (9s)
TIMEOUT spruitkleurig mask=0,1,2,6,10,11,12 (75s)
UNSAT prijkeleuzers mask=0,1,3,6,9,11,12 (9s)
TIMEOUT spruitkleurig mask=0,1,5,6,7,11,12 (75s)
TIMEOUT spruitjesveld mask=0,1,3,6,9,11,12 (75s)
UNSAT prijkeleuzers mask=0,1,5,6,7,11,12 (9s)
UNSAT pakhuiszolder mask=0,1,2,6,10,11,12 (9s)
UNSAT pakhuiszolder mask=0,1,5,6,7,11,12 (6s)
TIMEOUT spruitjesgeur mask=0,1,3,6,9,11,12 (75s)
UNSAT pakhuisruimte mask=0,1,3,6,9,11,12 (6s)
UNSAT pakhuisruimte mask=0,1,5,6,7,11,12 (8s)
TIMEOUT spruitblokjes mask=0,1,2,6,10,11,12 (75s)
UNSAT orthoboorzuur mask=0,1,2,6,10,11,12 (8s)
UNSAT orthoboorzuur mask=0,1,3,6,9,11,12 (9s)
UNSAT opruimbeurtje mask=0,1,2,6,10,11,12 (7s)
UNSAT orthoboorzuur mask=0,1,5,6,7,11,12 (9s)
UNSAT opruimbeurtje mask=0,1,3,6,9,11,12 (9s)
UNSAT natuurzuivere mask=0,1,2,6,10,11,12 (6s)
UNSAT natuurzuivere mask=0,1,3,6,9,11,12 (8s)
UNSAT natuurzuivere mask=0,1,5,6,7,11,12 (9s)
UNSAT natuurrijkjes mask=0,1,3,6,9,11,12 (9s)
UNSAT natuurrijkjes mask=0,1,5,6,7,11,12 (8s)
UNSAT natuurkleurig mask=0,1,3,6,9,11,12 (7s)
UNSAT natuurkleurig mask=0,1,5,6,7,11,12 (9s)
UNSAT natuurkeusjes mask=0,1,2,6,10,11,12 (8s)
TIMEOUT rijkenwijkjes mask=0,1,2,6,10,11,12 (75s)
UNSAT natuurkeusjes mask=0,1,3,6,9,11,12 (8s)
UNSAT natuurkeusjes mask=0,1,5,6,7,11,12 (9s)
UNSAT natuurdijkjes mask=0,1,3,6,9,11,12 (9s)
UNSAT natuurdijkjes mask=0,1,5,6,7,11,12 (9s)
TIMEOUT pakhuiszolder mask=0,1,3,6,9,11,12 (75s)
UNSAT natuurbruggen mask=0,1,3,6,9,11,12 (9s)
TIMEOUT pakhuisruimte mask=0,1,2,6,10,11,12 (75s)
UNSAT natuurbruggen mask=0,1,5,6,7,11,12 (8s)
UNSAT minuutlijntje mask=0,1,2,6,10,11,12 (9s)
UNSAT minuutlijntje mask=0,1,3,6,9,11,12 (9s)
UNSAT minuutlijntje mask=0,1,5,6,7,11,12 (9s)
TIMEOUT opruimbeurtje mask=0,1,5,6,7,11,12 (75s)
UNSAT menugestuurds mask=0,1,2,6,10,11,12 (9s)
UNSAT menugestuurds mask=0,1,5,6,7,11,12 (8s)
TIMEOUT natuurrijkjes mask=0,1,2,6,10,11,12 (75s)
UNSAT krijtkleurigs mask=0,1,2,6,10,11,12 (9s)
UNSAT krijtkleurigs mask=0,1,3,6,9,11,12 (8s)
TIMEOUT natuurkleurig mask=0,1,2,6,10,11,12 (75s)
UNSAT kreukelstofje mask=0,1,3,6,9,11,12 (8s)
UNSAT krijtkleurigs mask=0,1,5,6,7,11,12 (9s)
UNSAT kreukelstofje mask=0,1,2,6,10,11,12 (9s)
UNSAT kreukelstofje mask=0,1,5,6,7,11,12 (8s)
UNSAT kreukellakjes mask=0,1,5,6,7,11,12 (6s)
UNSAT kreukellakjes mask=0,1,2,6,10,11,12 (9s)
UNSAT kreukellakjes mask=0,1,3,6,9,11,12 (8s)
UNSAT kajuitdeurtje mask=0,1,3,6,9,11,12 (6s)
UNSAT kajuitskapjes mask=0,1,5,6,7,11,12 (9s)
TIMEOUT natuurdijkjes mask=0,1,2,6,10,11,12 (75s)
UNSAT jobhuntertjes mask=0,1,2,6,10,11,12 (6s)
UNSAT kajuitdeurtje mask=0,1,5,6,7,11,12 (8s)
UNSAT jobhuntertjes mask=0,1,5,6,7,11,12 (7s)
UNSAT jobhuntertjes mask=0,1,3,6,9,11,12 (9s)
UNSAT jobhoppertjes mask=0,1,2,6,10,11,12 (6s)
TIMEOUT natuurbruggen mask=0,1,2,6,10,11,12 (75s)
UNSAT immuunstoffen mask=0,1,2,6,10,11,12 (7s)
UNSAT jobhoppertjes mask=0,1,5,6,7,11,12 (9s)
UNSAT immuunstoffen mask=0,1,3,6,9,11,12 (8s)
UNSAT immuunstoffen mask=0,1,5,6,7,11,12 (8s)
UNSAT hiphoptekstje mask=0,1,2,6,10,11,12 (9s)
UNSAT hiphoptekstje mask=0,1,3,6,9,11,12 (7s)
UNSAT hiphopmilieus mask=0,1,2,6,10,11,12 (8s)
UNSAT hiphopmilieus mask=0,1,3,6,9,11,12 (9s)
TIMEOUT menugestuurds mask=0,1,3,6,9,11,12 (75s)
UNSAT hiphopduootje mask=0,1,2,6,10,11,12 (9s)
UNSAT hiphopduootje mask=0,1,3,6,9,11,12 (9s)
TIMEOUT kajuitskapjes mask=0,1,2,6,10,11,12 (75s)
TIMEOUT kajuitskapjes mask=0,1,3,6,9,11,12 (75s)
TIMEOUT kajuitdeurtje mask=0,1,2,6,10,11,12 (75s)
UNSAT hamhoudertjes mask=0,1,2,6,10,11,12 (9s)
UNSAT hamhoudertjes mask=0,1,3,6,9,11,12 (9s)
TIMEOUT jobhoppertjes mask=0,1,3,6,9,11,12 (75s)
UNSAT hamhoudertjes mask=0,1,5,6,7,11,12 (9s)
UNSAT futuristetjes mask=0,1,2,6,10,11,12 (6s)
UNSAT futuristetjes mask=0,1,5,6,7,11,12 (7s)
TIMEOUT hiphoptekstje mask=0,1,5,6,7,11,12 (75s)
UNSAT figuurzagende mask=0,1,3,6,9,11,12 (6s)
UNSAT figuurzagende mask=0,1,2,6,10,11,12 (8s)
TIMEOUT hiphopmilieus mask=0,1,5,6,7,11,12 (75s)
UNSAT figuurzagende mask=0,1,5,6,7,11,12 (6s)
UNSAT figuurzaagden mask=0,1,2,6,10,11,12 (8s)
UNSAT figuurzaagden mask=0,1,3,6,9,11,12 (8s)
UNSAT figuursnijder mask=0,1,2,6,10,11,12 (7s)
TIMEOUT hiphopduootje mask=0,1,5,6,7,11,12 (75s)
UNSAT figuurzaagden mask=0,1,5,6,7,11,12 (9s)
TIMEOUT hiphopbelofte mask=0,1,2,6,10,11,12 (75s)
UNSAT figuurploegen mask=0,1,3,6,9,11,12 (6s)
UNSAT figuursnijder mask=0,1,3,6,9,11,12 (9s)
UNSAT figuurploegen mask=0,1,2,6,10,11,12 (8s)
UNSAT figuursnijder mask=0,1,5,6,7,11,12 (9s)
UNSAT figuurploegen mask=0,1,5,6,7,11,12 (9s)
TIMEOUT hiphopbelofte mask=0,1,3,6,9,11,12 (75s)
UNSAT figuurketting mask=0,1,2,6,10,11,12 (7s)
UNSAT figuurketting mask=0,1,5,6,7,11,12 (7s)
TIMEOUT hiphopbelofte mask=0,1,5,6,7,11,12 (75s)
UNSAT figuurdansjes mask=0,1,2,6,10,11,12 (7s)
UNSAT figuurketting mask=0,1,3,6,9,11,12 (9s)
UNSAT figuurdansjes mask=0,1,3,6,9,11,12 (7s)
UNSAT figuurdansjes mask=0,1,5,6,7,11,12 (7s)
UNSAT dirhamstukjes mask=0,1,5,6,7,11,12 (7s)
UNSAT debuutplaatje mask=0,1,5,6,7,11,12 (6s)
UNSAT debuutplaatje mask=0,1,2,6,10,11,12 (8s)
UNSAT debuutboekjes mask=0,1,2,6,10,11,12 (8s)
UNSAT debuutboekjes mask=0,1,3,6,9,11,12 (7s)
UNSAT breukinhoudje mask=0,1,3,6,9,11,12 (6s)
UNSAT debuutboekjes mask=0,1,5,6,7,11,12 (9s)
UNSAT breukinhoudje mask=0,1,2,6,10,11,12 (9s)
UNSAT breukinhoudje mask=0,1,5,6,7,11,12 (6s)
UNSAT breukboompjes mask=0,1,2,6,10,11,12 (9s)
UNSAT breukboompjes mask=0,1,5,6,7,11,12 (9s)
UNSAT breukboompjes mask=0,1,3,6,9,11,12 (9s)
UNSAT bitumenverfje mask=0,1,2,6,10,11,12 (8s)
TIMEOUT futuristetjes mask=0,1,3,6,9,11,12 (75s)
UNSAT bitumenverfje mask=0,1,3,6,9,11,12 (6s)
UNSAT bijhoudertjes mask=0,1,2,6,10,11,12 (7s)
UNSAT bitumenverfje mask=0,1,5,6,7,11,12 (9s)
UNSAT bijhoudertjes mask=0,1,3,6,9,11,12 (10s)
UNSAT bijhoudertjes mask=0,1,5,6,7,11,12 (9s)
NOCAND terabecquerel mask=0,1,5,6,7,11,12 (4s)
UNSAT terabecquerel mask=0,1,2,6,10,11,12 (7s)
UNSAT terabecquerel mask=0,1,3,6,9,11,12 (9s)
UNSAT quietistische mask=0,1,2,6,10,11,12 (8s)
UNSAT groentequiche mask=0,1,2,6,10,11,12 (8s)
UNSAT quietistische mask=0,1,5,6,7,11,12 (8s)
NOCAND groentequiche mask=0,1,5,6,7,11,12 (4s)
UNSAT groentequiche mask=0,1,3,6,9,11,12 (8s)
NOCAND attobecquerel mask=0,1,5,6,7,11,12 (3s)
UNSAT attobecquerel mask=0,1,3,6,9,11,12 (6s)
UNSAT attobecquerel mask=0,1,2,6,10,11,12 (7s)
UNSAT yuppiestellen mask=0,1,5,6,7,11,12 (9s)
TIMEOUT dirhamstukjes mask=0,1,2,6,10,11,12 (76s)
TIMEOUT dirhamstukjes mask=0,1,3,6,9,11,12 (75s)
TIMEOUT debuutplaatje mask=0,1,3,6,9,11,12 (75s)
UNSAT yuppenstellen mask=0,1,5,6,7,11,12 (8s)
UNSAT yamknolletjes mask=0,1,3,6,9,11,12 (6s)
UNSAT yamknolletjes mask=0,1,2,6,10,11,12 (9s)
UNSAT yamknolletjes mask=0,1,5,6,7,11,12 (9s)
UNSAT trombolysetje mask=0,1,2,6,10,11,12 (9s)
UNSAT trombolysetje mask=0,1,3,6,9,11,12 (9s)
UNSAT trombolysetje mask=0,1,5,6,7,11,12 (9s)
UNSAT surpriseparty mask=0,1,2,6,10,11,12 (9s)
UNSAT surpriseparty mask=0,1,3,6,9,11,12 (9s)
UNSAT surpriseparty mask=0,1,5,6,7,11,12 (9s)
UNSAT nummersysteem mask=0,1,2,6,10,11,12 (9s)
UNSAT nummersysteem mask=0,1,3,6,9,11,12 (9s)
NOCAND marktexpertje mask=0,1,2,6,10,11,12 (3s)
TIMEOUT quietistische mask=0,1,3,6,9,11,12 (75s)
NOCAND marktexpertje mask=0,1,3,6,9,11,12 (3s)
NOCAND marktexpertje mask=0,1,5,6,7,11,12 (3s)
UNSAT nummersysteem mask=0,1,5,6,7,11,12 (9s)
UNSAT dermatofytjes mask=0,1,3,6,9,11,12 (7s)
UNSAT dermatofytjes mask=0,1,2,6,10,11,12 (8s)
UNSAT dermatofytjes mask=0,1,5,6,7,11,12 (9s)
TIMEOUT yuppiestellen mask=0,1,2,6,10,11,12 (75s)
UNSAT zuippartijtje mask=0,1,2,6,10,11,12 (9s)
TIMEOUT yuppiestellen mask=0,1,3,6,9,11,12 (75s)
UNSAT zuippartijtje mask=0,1,5,6,7,11,12 (7s)
TIMEOUT yuppenstellen mask=0,1,2,6,10,11,12 (75s)
UNSAT zuigerpompjes mask=0,1,5,6,7,11,12 (7s)
UNSAT zuigerpompjes mask=0,1,2,6,10,11,12 (9s)
UNSAT zuigerklepjes mask=0,1,3,6,9,11,12 (6s)
UNSAT zuigerklepjes mask=0,1,5,6,7,11,12 (7s)
TIMEOUT yuppenstellen mask=0,1,3,6,9,11,12 (75s)
UNSAT zuigballetjes mask=0,1,2,6,10,11,12 (6s)
UNSAT zuigballetjes mask=0,1,5,6,7,11,12 (6s)
UNSAT zuigballetjes mask=0,1,3,6,9,11,12 (9s)
UNSAT zorgbudgetjes mask=0,1,2,6,10,11,12 (8s)
UNSAT zorgbudgetjes mask=0,1,5,6,7,11,12 (7s)
UNSAT zorgbudgetjes mask=0,1,3,6,9,11,12 (9s)
UNSAT zinkkrulletje mask=0,1,2,6,10,11,12 (8s)
UNSAT zinkkrulletje mask=0,1,3,6,9,11,12 (9s)
UNSAT zingmuggetjes mask=0,1,2,6,10,11,12 (6s)
UNSAT zinkkrulletje mask=0,1,5,6,7,11,12 (9s)
UNSAT zingmuggetjes mask=0,1,5,6,7,11,12 (9s)
UNSAT zakkenvullers mask=0,1,3,6,9,11,12 (6s)
UNSAT zakkenvullers mask=0,1,2,6,10,11,12 (9s)
UNSAT zakkenvullers mask=0,1,5,6,7,11,12 (9s)
UNSAT zakbijbeltjes mask=0,1,3,6,9,11,12 (6s)
UNSAT zakbijbeltjes mask=0,1,2,6,10,11,12 (9s)
UNSAT zakbijbeltjes mask=0,1,5,6,7,11,12 (8s)
UNSAT wekkerklokjes mask=0,1,2,6,10,11,12 (9s)
UNSAT wekkerklokjes mask=0,1,3,6,9,11,12 (9s)
UNSAT wekkerklokjes mask=0,1,5,6,7,11,12 (10s)
UNSAT vonkbruggetje mask=0,1,2,6,10,11,12 (9s)
UNSAT vonkbruggetje mask=0,1,5,6,7,11,12 (7s)
UNSAT vonkbruggetje mask=0,1,3,6,9,11,12 (9s)
UNSAT vingervlugger mask=0,1,3,6,9,11,12 (9s)
UNSAT vijgappeltjes mask=0,1,2,6,10,11,12 (6s)
UNSAT vingervlugger mask=0,1,5,6,7,11,12 (9s)
UNSAT vijgappeltjes mask=0,1,3,6,9,11,12 (9s)
TIMEOUT zuippartijtje mask=0,1,3,6,9,11,12 (75s)
UNSAT vijgappeltjes mask=0,1,5,6,7,11,12 (9s)
UNSAT vermoutflesje mask=0,1,2,6,10,11,12 (9s)
TIMEOUT zuigerpompjes mask=0,1,3,6,9,11,12 (75s)
TIMEOUT zuigerklepjes mask=0,1,2,6,10,11,12 (76s)
UNSAT vermoutflesje mask=0,1,3,6,9,11,12 (8s)
UNSAT vermoutflesje mask=0,1,5,6,7,11,12 (9s)
UNSAT verbrugginkje mask=0,1,2,6,10,11,12 (9s)
UNSAT verbrugginkje mask=0,1,3,6,9,11,12 (9s)
UNSAT verbrugginkje mask=0,1,5,6,7,11,12 (9s)
UNSAT uitgeefhuisje mask=0,1,2,6,10,11,12 (7s)
UNSAT vakkenvullers mask=0,1,2,6,10,11,12 (9s)
UNSAT vakkenvullers mask=0,1,5,6,7,11,12 (8s)
UNSAT vakkenvullers mask=0,1,3,6,9,11,12 (9s)
UNSAT uitgeefhuisje mask=0,1,3,6,9,11,12 (9s)
UNSAT uitgeefhuisje mask=0,1,5,6,7,11,12 (9s)
TIMEOUT zingmuggetjes mask=0,1,3,6,9,11,12 (75s)
TIMEOUT vingervlugger mask=0,1,2,6,10,11,12 (75s)
# BIG SURVEY DONE Sun Jun 14 12:36:20 AM CEST 2026
     44 NOCAND
    341 TIMEOUT
   2615 UNSAT
