wrote dict experiments/xtests/dict_11.txt
band=3271732 (UB>253)  cached=0  todo=3271732  geom-already-passed=0
  [geom] cut=3439 survivors=1561 (37s)
  [geom] cut=4842 survivors=5158 (37s)
  [geom] cut=6409 survivors=8591 (37s)
  [geom] cut=8138 survivors=11862 (37s)
  [geom] cut=10255 survivors=14745 (37s)
  [geom] cut=12572 survivors=17428 (38s)
  [geom] cut=14459 survivors=20541 (38s)
  [geom] cut=17047 survivors=22953 (38s)
  [geom] cut=18958 survivors=26042 (38s)
  [geom] cut=21674 survivors=28326 (38s)
  [geom] cut=24422 survivors=30578 (38s)
  [geom] cut=27560 survivors=32440 (38s)
  [geom] cut=30478 survivors=34522 (64s)
  [geom] cut=32707 survivors=37293 (66s)
  [geom] cut=33631 survivors=41369 (67s)
  [geom] cut=34712 survivors=45288 (67s)
  [geom] cut=35820 survivors=49180 (67s)
  [geom] cut=36724 survivors=53276 (67s)
  [geom] cut=38416 survivors=56584 (68s)
  [geom] cut=39588 survivors=60412 (68s)
  [geom] cut=41538 survivors=63462 (68s)
  [geom] cut=42536 survivors=67464 (68s)
  [geom] cut=44155 survivors=70845 (68s)
  [geom] cut=46342 survivors=73658 (68s)
  [geom] cut=47861 survivors=77139 (95s)
  [geom] cut=49842 survivors=80158 (96s)
  [geom] cut=52030 survivors=82970 (96s)
  [geom] cut=53385 survivors=86615 (97s)
  [geom] cut=55331 survivors=89669 (98s)
  [geom] cut=57781 survivors=92219 (98s)
  [geom] cut=59604 survivors=95396 (98s)
  [geom] cut=61453 survivors=98547 (99s)
  [geom] cut=63679 survivors=101321 (99s)
  [geom] cut=66448 survivors=103552 (99s)
  [geom] cut=68671 survivors=106329 (99s)
  [geom] cut=71318 survivors=108682 (99s)
  [geom] cut=74252 survivors=110748 (124s)
  [geom] cut=76904 survivors=113096 (126s)
  [geom] cut=79512 survivors=115488 (127s)
  [geom] cut=82685 survivors=117315 (127s)
  [geom] cut=84547 survivors=120453 (127s)
  [geom] cut=85903 survivors=124097 (128s)
  [geom] cut=86713 survivors=128287 (128s)
  [geom] cut=87907 survivors=132093 (129s)
  [geom] cut=88845 survivors=136155 (129s)
  [geom] cut=90506 survivors=139494 (129s)
  [geom] cut=91099 survivors=143901 (130s)
  [geom] cut=92023 survivors=147977 (130s)
  [geom] cut=93124 survivors=151876 (155s)
  [geom] cut=94796 survivors=155204 (155s)
  [geom] cut=95901 survivors=159099 (158s)
  [geom] cut=97428 survivors=162572 (158s)
  [geom] cut=99427 survivors=165573 (158s)
  [geom] cut=100327 survivors=169673 (158s)
  [geom] cut=101636 survivors=173364 (158s)
  [geom] cut=103336 survivors=176664 (158s)
  [geom] cut=105688 survivors=179312 (158s)
  [geom] cut=106919 survivors=183081 (160s)
  [geom] cut=108704 survivors=186296 (160s)
  [geom] cut=110742 survivors=189258 (160s)
  [geom] cut=113129 survivors=191871 (184s)
  [geom] cut=114417 survivors=195583 (184s)
  [geom] cut=115865 survivors=199135 (186s)
  [geom] cut=117831 survivors=202169 (189s)
  [geom] cut=120126 survivors=204874 (189s)
  [geom] cut=122591 survivors=207409 (189s)
  [geom] cut=123986 survivors=211014 (189s)
  [geom] cut=125713 survivors=214287 (189s)
  [geom] cut=128046 survivors=216954 (189s)
  [geom] cut=130327 survivors=219673 (190s)
  [geom] cut=133325 survivors=221675 (191s)
  [geom] cut=135318 survivors=224682 (191s)
  [geom] cut=137654 survivors=227346 (214s)
  [geom] cut=140396 survivors=229604 (214s)
  [geom] cut=143588 survivors=231412 (215s)
  [geom] cut=145727 survivors=234273 (216s)
  [geom] cut=148181 survivors=236819 (216s)
  [geom] cut=151105 survivors=238895 (219s)
  [geom] cut=154534 survivors=240466 (219s)
  [geom] cut=155353 survivors=244647 (221s)
  [geom] cut=156526 survivors=248474 (221s)
  [geom] cut=158116 survivors=251884 (221s)
  [geom] cut=158515 survivors=256485 (223s)
  [geom] cut=159188 survivors=260812 (223s)
  [geom] cut=160040 survivors=264960 (242s)
  [geom] cut=161334 survivors=268666 (244s)
  [geom] cut=161912 survivors=273088 (246s)
  [geom] cut=162714 survivors=277286 (247s)
  [geom] cut=163685 survivors=281315 (247s)
  [geom] cut=165411 survivors=284589 (247s)
  [geom] cut=165831 survivors=289169 (251s)
  [geom] cut=166325 survivors=293675 (251s)
  [geom] cut=167107 survivors=297893 (251s)
  [geom] cut=168057 survivors=301943 (251s)
  [geom] cut=169336 survivors=305664 (253s)
  [geom] cut=171251 survivors=308749 (253s)
  [geom] cut=171856 survivors=313144 (273s)
  [geom] cut=172771 survivors=317229 (273s)
  [geom] cut=174091 survivors=320909 (277s)
  [geom] cut=175523 survivors=324477 (277s)
  [geom] cut=177469 survivors=327531 (277s)
  [geom] cut=178679 survivors=331321 (277s)
  [geom] cut=179472 survivors=335528 (280s)
  [geom] cut=180426 survivors=339574 (282s)
  [geom] cut=181794 survivors=343206 (282s)
  [geom] cut=183542 survivors=346458 (282s)
  [geom] cut=185463 survivors=349537 (282s)
  [geom] cut=187400 survivors=352600 (283s)
  [geom] cut=188380 survivors=356620 (304s)
  [geom] cut=189823 survivors=360177 (304s)
  [geom] cut=191304 survivors=363696 (304s)
  [geom] cut=193454 survivors=366546 (306s)
  [geom] cut=195703 survivors=369297 (306s)
  [geom] cut=197702 survivors=372298 (307s)
  [geom] cut=198655 survivors=376345 (309s)
  [geom] cut=199907 survivors=380093 (312s)
  [geom] cut=201349 survivors=383651 (312s)
  [geom] cut=203270 survivors=386730 (313s)
  [geom] cut=205489 survivors=389511 (313s)
  [geom] cut=207881 survivors=392119 (313s)
  [geom] cut=210130 survivors=394870 (333s)
  [geom] cut=211360 survivors=398640 (335s)
  [geom] cut=212730 survivors=402270 (335s)
  [geom] cut=214626 survivors=405374 (336s)
  [geom] cut=216421 survivors=408579 (336s)
  [geom] cut=218590 survivors=411410 (339s)
  [geom] cut=221149 survivors=413851 (339s)
  [geom] cut=224151 survivors=415849 (341s)
  [geom] cut=225911 survivors=419089 (341s)
  [geom] cut=227775 survivors=422225 (342s)
  [geom] cut=229787 survivors=425213 (344s)
  [geom] cut=232423 survivors=427577 (344s)
  [geom] cut=235203 survivors=429797 (362s)
  [geom] cut=238526 survivors=431474 (363s)
  [geom] cut=240643 survivors=434357 (364s)
  [geom] cut=242465 survivors=437535 (366s)
  [geom] cut=245016 survivors=439984 (366s)
  [geom] cut=247528 survivors=442472 (367s)
  [geom] cut=250704 survivors=444296 (368s)
  [geom] cut=254155 survivors=445845 (370s)
  [geom] cut=254589 survivors=450411 (372s)
  [geom] cut=255452 survivors=454548 (373s)
  [geom] cut=256687 survivors=458313 (373s)
  [geom] cut=258501 survivors=461499 (375s)
  [geom] cut=258979 survivors=466021 (394s)
  [geom] cut=259453 survivors=470547 (394s)
  [geom] cut=260151 survivors=474849 (394s)
  [geom] cut=261155 survivors=478845 (397s)
  [geom] cut=262335 survivors=482665 (397s)
  [geom] cut=263375 survivors=486625 (399s)
  [geom] cut=263858 survivors=491142 (399s)
  [geom] cut=264612 survivors=495388 (401s)
  [geom] cut=265566 survivors=499434 (401s)
  [geom] cut=266739 survivors=503261 (402s)
  [geom] cut=268637 survivors=506363 (403s)
  [geom] cut=269235 survivors=510765 (408s)
  [geom] cut=269627 survivors=515373 (424s)
  [geom] cut=270336 survivors=519664 (425s)
  [geom] cut=271321 survivors=523679 (425s)
  [geom] cut=272318 survivors=527682 (426s)
  [geom] cut=273568 survivors=531432 (427s)
  [geom] cut=275078 survivors=534922 (427s)
  [geom] cut=276735 survivors=538265 (429s)
  [geom] cut=277508 survivors=542492 (433s)
  [geom] cut=278200 survivors=546800 (433s)
  [geom] cut=279362 survivors=550638 (433s)
  [geom] cut=280904 survivors=554096 (433s)
  [geom] cut=282434 survivors=557566 (438s)
  [geom] cut=284397 survivors=560603 (455s)
  [geom] cut=286058 survivors=563942 (456s)
  [geom] cut=286683 survivors=568317 (456s)
  [geom] cut=287779 survivors=572221 (457s)
  [geom] cut=288790 survivors=576210 (459s)
  [geom] cut=290114 survivors=579886 (459s)
  [geom] cut=291716 survivors=583284 (459s)
  [geom] cut=293529 survivors=586471 (462s)
  [geom] cut=295853 survivors=589147 (463s)
  [geom] cut=297539 survivors=592461 (463s)
  [geom] cut=298725 survivors=596275 (464s)
  [geom] cut=299833 survivors=600167 (468s)
  [geom] cut=301373 survivors=603627 (485s)
  [geom] cut=303532 survivors=606468 (486s)
  [geom] cut=305632 survivors=609368 (486s)
  [geom] cut=307944 survivors=612056 (487s)
  [geom] cut=310001 survivors=614999 (487s)
  [geom] cut=311188 survivors=618812 (490s)
  [geom] cut=312234 survivors=622766 (490s)
  [geom] cut=313610 survivors=626390 (492s)
  [geom] cut=315257 survivors=629743 (493s)
  [geom] cut=317225 survivors=632775 (493s)
  [geom] cut=319364 survivors=635636 (493s)
  [geom] cut=321792 survivors=638208 (497s)
  [geom] cut=324668 survivors=640332 (513s)
  [geom] cut=326067 survivors=643933 (515s)
  [geom] cut=327236 survivors=647764 (516s)
  [geom] cut=328826 survivors=651174 (517s)
  [geom] cut=330683 survivors=654317 (517s)
  [geom] cut=332666 survivors=657334 (518s)
  [geom] cut=335079 survivors=659921 (518s)
  [geom] cut=337474 survivors=662526 (523s)
  [geom] cut=340181 survivors=664819 (523s)
  [geom] cut=342676 survivors=667324 (523s)
  [geom] cut=344419 survivors=670581 (523s)
  [geom] cut=346253 survivors=673747 (529s)
  [geom] cut=348687 survivors=676313 (543s)
  [geom] cut=351013 survivors=678987 (545s)
  [geom] cut=353696 survivors=681304 (545s)
  [geom] cut=356887 survivors=683113 (546s)
  [geom] cut=360012 survivors=684988 (547s)
  [geom] cut=361963 survivors=688037 (547s)
  [geom] cut=363922 survivors=691078 (548s)
  [geom] cut=366239 survivors=693761 (552s)
  [geom] cut=369021 survivors=695979 (552s)
  [geom] cut=371922 survivors=698078 (552s)
  [geom] cut=375230 survivors=699770 (552s)
  [geom] cut=377575 survivors=702425 (558s)
  [geom] cut=378121 survivors=706879 (574s)
  [geom] cut=378857 survivors=711143 (576s)
  [geom] cut=379995 survivors=715005 (576s)
  [geom] cut=381291 survivors=718709 (576s)
  [geom] cut=383297 survivors=721703 (576s)
  [geom] cut=383992 survivors=726008 (577s)
  [geom] cut=384379 survivors=730621 (579s)
  [geom] cut=384901 survivors=735099 (582s)
  [geom] cut=385645 survivors=739355 (582s)
  [geom] cut=386625 survivors=743375 (582s)
  [geom] cut=387836 survivors=747164 (582s)
  [geom] cut=389736 survivors=750264 (588s)
  [geom] cut=390150 survivors=754850 (606s)
  [geom] cut=390628 survivors=759372 (606s)
  [geom] cut=391408 survivors=763592 (606s)
  [geom] cut=392232 survivors=767768 (606s)
  [geom] cut=393333 survivors=771667 (606s)
  [geom] cut=394703 survivors=775297 (607s)
  [geom] cut=396469 survivors=778531 (608s)
  [geom] cut=397593 survivors=782407 (612s)
  [geom] cut=398013 survivors=786987 (612s)
  [geom] cut=398540 survivors=791460 (613s)
  [geom] cut=399288 survivors=795712 (613s)
  [geom] cut=400179 survivors=799821 (617s)
  [geom] cut=401314 survivors=803686 (635s)
  [geom] cut=402530 survivors=807470 (635s)
  [geom] cut=404001 survivors=810999 (635s)
  [geom] cut=405795 survivors=814205 (636s)
  [geom] cut=407392 survivors=817608 (637s)
  [geom] cut=408060 survivors=821940 (638s)
  [geom] cut=408901 survivors=826099 (639s)
  [geom] cut=410143 survivors=829857 (641s)
  [geom] cut=411471 survivors=833529 (643s)
  [geom] cut=412951 survivors=837049 (643s)
  [geom] cut=414665 survivors=840335 (643s)
  [geom] cut=416631 survivors=843369 (647s)
  [geom] cut=418603 survivors=846397 (664s)
  [geom] cut=419331 survivors=850669 (664s)
  [geom] cut=420234 survivors=854766 (664s)
  [geom] cut=421347 survivors=858653 (665s)
  [geom] cut=422690 survivors=862310 (666s)
  [geom] cut=423989 survivors=866011 (667s)
  [geom] cut=425754 survivors=869246 (668s)
  [geom] cut=427502 survivors=872498 (669s)
  [geom] cut=429500 survivors=875500 (670s)
  [geom] cut=432092 survivors=877908 (670s)
  [geom] cut=433191 survivors=881809 (673s)
  [geom] cut=434228 survivors=885772 (677s)
  [geom] cut=435609 survivors=889391 (694s)
  [geom] cut=437385 survivors=892615 (694s)
  [geom] cut=439091 survivors=895909 (694s)
  [geom] cut=441056 survivors=898944 (694s)
  [geom] cut=443234 survivors=901766 (694s)
  [geom] cut=445779 survivors=904221 (695s)
  [geom] cut=448028 survivors=906972 (696s)
  [geom] cut=448950 survivors=911050 (699s)
  [geom] cut=450136 survivors=914864 (700s)
  [geom] cut=451507 survivors=918493 (700s)
  [geom] cut=453107 survivors=921893 (702s)
  [geom] cut=454850 survivors=925150 (707s)
  [geom] cut=456923 survivors=928077 (721s)
  [geom] cut=459179 survivors=930821 (724s)
  [geom] cut=461687 survivors=933313 (724s)
  [geom] cut=464709 survivors=935291 (724s)
  [geom] cut=466298 survivors=938702 (724s)
  [geom] cut=467675 survivors=942325 (724s)
  [geom] cut=469220 survivors=945780 (725s)
  [geom] cut=470886 survivors=949114 (728s)
  [geom] cut=472795 survivors=952205 (730s)
  [geom] cut=474840 survivors=955160 (730s)
  [geom] cut=477291 survivors=957709 (732s)
  [geom] cut=479912 survivors=960088 (736s)
  [geom] cut=482735 survivors=962265 (750s)
  [geom] cut=485409 survivors=964591 (751s)
  [geom] cut=487140 survivors=967860 (752s)
  [geom] cut=489006 survivors=970994 (753s)
  [geom] cut=491169 survivors=973831 (753s)
  [geom] cut=493658 survivors=976342 (753s)
  [geom] cut=496025 survivors=978975 (755s)
  [geom] cut=498764 survivors=981236 (757s)
  [geom] cut=501907 survivors=983093 (758s)
  [geom] cut=505027 survivors=984973 (760s)
  [geom] cut=507187 survivors=987813 (761s)
  [geom] cut=509170 survivors=990830 (767s)
  [geom] cut=511465 survivors=993535 (779s)
  [geom] cut=514176 survivors=995824 (780s)
  [geom] cut=516926 survivors=998074 (781s)
  [geom] cut=519869 survivors=1000131 (781s)
  [geom] cut=523457 survivors=1001543 (782s)
  [geom] cut=525465 survivors=1004535 (782s)
  [geom] cut=526103 survivors=1008897 (785s)
  [geom] cut=526970 survivors=1013030 (787s)
  [geom] cut=528180 survivors=1016820 (788s)
  [geom] cut=529735 survivors=1020265 (790s)
  [geom] cut=531711 survivors=1023289 (791s)
  [geom] cut=533520 survivors=1026480 (797s)
  [geom] cut=533847 survivors=1031153 (810s)
  [geom] cut=534475 survivors=1035525 (811s)
  [geom] cut=535119 survivors=1039881 (811s)
  [geom] cut=535971 survivors=1044029 (811s)
  [geom] cut=537099 survivors=1047901 (812s)
  [geom] cut=538422 survivors=1051578 (812s)
  [geom] cut=540123 survivors=1054877 (814s)
  [geom] cut=541429 survivors=1058571 (818s)
  [geom] cut=541998 survivors=1063002 (819s)
  [geom] cut=542699 survivors=1067301 (820s)
  [geom] cut=543553 survivors=1071447 (821s)
  [geom] cut=544694 survivors=1075306 (829s)
  [geom] cut=546050 survivors=1078950 (840s)
  [geom] cut=547616 survivors=1082384 (840s)
  [geom] cut=549667 survivors=1085333 (841s)
  [geom] cut=550849 survivors=1089151 (841s)
  [geom] cut=551493 survivors=1093507 (843s)
  [geom] cut=552102 survivors=1097898 (843s)
  [geom] cut=552899 survivors=1102101 (845s)
  [geom] cut=553930 survivors=1106070 (849s)
  [geom] cut=555150 survivors=1109850 (849s)
  [geom] cut=556613 survivors=1113387 (849s)
  [geom] cut=558321 survivors=1116679 (851s)
  [geom] cut=560061 survivors=1119939 (857s)
  [geom] cut=562313 survivors=1122687 (868s)
  [geom] cut=563124 survivors=1126876 (870s)
  [geom] cut=563947 survivors=1131053 (873s)
  [geom] cut=565133 survivors=1134867 (873s)
  [geom] cut=566566 survivors=1138434 (873s)
  [geom] cut=568020 survivors=1141980 (873s)
  [geom] cut=569743 survivors=1145257 (875s)
  [geom] cut=571660 survivors=1148340 (878s)
  [geom] cut=573854 survivors=1151146 (878s)
  [geom] cut=575908 survivors=1154092 (880s)
  [geom] cut=576903 survivors=1158097 (881s)
  [geom] cut=577804 survivors=1162196 (888s)
  [geom] cut=578924 survivors=1166076 (898s)
  [geom] cut=580259 survivors=1169741 (902s)
  [geom] cut=581791 survivors=1173209 (902s)
  [geom] cut=583524 survivors=1176476 (902s)
  [geom] cut=585532 survivors=1179468 (902s)
  [geom] cut=587697 survivors=1182303 (902s)
  [geom] cut=590283 survivors=1184717 (903s)
  [geom] cut=592406 survivors=1187594 (908s)
  [geom] cut=593638 survivors=1191362 (908s)
  [geom] cut=595136 survivors=1194864 (911s)
  [geom] cut=596630 survivors=1198370 (911s)
  [geom] cut=598403 survivors=1201597 (919s)
  [geom] cut=600379 survivors=1204621 (927s)
  [geom] cut=602667 survivors=1207333 (931s)
  [geom] cut=605113 survivors=1209887 (931s)
  [geom] cut=608156 survivors=1211844 (931s)
  [geom] cut=609901 survivors=1215099 (932s)
  [geom] cut=611148 survivors=1218852 (932s)
  [geom] cut=612591 survivors=1222409 (933s)
  [geom] cut=614139 survivors=1225861 (937s)
  [geom] cut=615970 survivors=1229030 (937s)
  [geom] cut=617906 survivors=1232094 (940s)
  [geom] cut=620225 survivors=1234775 (941s)
  [geom] cut=622694 survivors=1237306 (950s)
  [geom] cut=625453 survivors=1239547 (957s)
  [geom] cut=628739 survivors=1241261 (958s)
  [geom] cut=630205 survivors=1244795 (960s)
  [geom] cut=631818 survivors=1248182 (961s)
  [geom] cut=633582 survivors=1251418 (961s)
  [geom] cut=635399 survivors=1254601 (962s)
  [geom] cut=637510 survivors=1257490 (962s)
  [geom] cut=639783 survivors=1260217 (966s)
  [geom] cut=642498 survivors=1262502 (966s)
  [geom] cut=645398 survivors=1264602 (968s)
  [geom] cut=648369 survivors=1266631 (970s)
  [geom] cut=651260 survivors=1268740 (980s)
  [geom] cut=653001 survivors=1271999 (988s)
  [geom] cut=655104 survivors=1274896 (989s)
  [geom] cut=657461 survivors=1277539 (989s)
  [geom] cut=660167 survivors=1279833 (990s)
  [geom] cut=662742 survivors=1282258 (991s)
  [geom] cut=665712 survivors=1284288 (991s)
  [geom] cut=669263 survivors=1285737 (992s)
  [geom] cut=672306 survivors=1287694 (996s)
  [geom] cut=674404 survivors=1290596 (996s)
  [geom] cut=676748 survivors=1293252 (998s)
  [geom] cut=679332 survivors=1295668 (998s)
  [geom] cut=682200 survivors=1297800 (1010s)
  [geom] cut=685118 survivors=1299882 (1017s)
  [geom] cut=688588 survivors=1301412 (1018s)
  [geom] cut=692381 survivors=1302619 (1018s)
  [geom] cut=692990 survivors=1307010 (1018s)
  [geom] cut=693367 survivors=1311633 (1021s)
  [geom] cut=693959 survivors=1316041 (1021s)
  [geom] cut=694753 survivors=1320247 (1022s)
  [geom] cut=695691 survivors=1324309 (1025s)
  [geom] cut=696831 survivors=1328169 (1027s)
  [geom] cut=698175 survivors=1331825 (1028s)
  [geom] cut=699759 survivors=1335241 (1029s)
  [geom] cut=701714 survivors=1338286 (1040s)
  [geom] cut=703684 survivors=1341316 (1043s)
  [geom] cut=704072 survivors=1345928 (1049s)
  [geom] cut=704371 survivors=1350629 (1049s)
  [geom] cut=704805 survivors=1355195 (1049s)
  [geom] cut=705403 survivors=1359597 (1051s)
  [geom] cut=706166 survivors=1363834 (1052s)
  [geom] cut=707131 survivors=1367869 (1052s)
  [geom] cut=707992 survivors=1372008 (1053s)
  [geom] cut=709007 survivors=1375993 (1057s)
  [geom] cut=710340 survivors=1379660 (1057s)
  [geom] cut=711976 survivors=1383024 (1059s)
  [geom] cut=713708 survivors=1386292 (1071s)
  [geom] cut=714233 survivors=1390767 (1075s)
  [geom] cut=714717 survivors=1395283 (1079s)
  [geom] cut=715301 survivors=1399699 (1081s)
  [geom] cut=716079 survivors=1403921 (1081s)
  [geom] cut=716874 survivors=1408126 (1081s)
  [geom] cut=717684 survivors=1412316 (1082s)
  [geom] cut=718826 survivors=1416174 (1082s)
  [geom] cut=720195 survivors=1419805 (1084s)
  [geom] cut=721821 survivors=1423179 (1087s)
  [geom] cut=723718 survivors=1426282 (1087s)
  [geom] cut=725694 survivors=1429306 (1089s)
  [geom] cut=726312 survivors=1433688 (1103s)
  [geom] cut=726746 survivors=1438254 (1106s)
  [geom] cut=727328 survivors=1442672 (1110s)
  [geom] cut=728104 survivors=1446896 (1112s)
  [geom] cut=728765 survivors=1451235 (1112s)
  [geom] cut=729550 survivors=1455450 (1112s)
  [geom] cut=730619 survivors=1459381 (1112s)
  [geom] cut=732007 survivors=1462993 (1112s)
  [geom] cut=733436 survivors=1466564 (1114s)
  [geom] cut=734671 survivors=1470329 (1117s)
  [geom] cut=736295 survivors=1473705 (1117s)
  [geom] cut=738336 survivors=1476664 (1118s)
  [geom] cut=740467 survivors=1479533 (1133s)
  [geom] cut=741152 survivors=1483848 (1137s)
  [geom] cut=741874 survivors=1488126 (1141s)
  [geom] cut=742703 survivors=1492297 (1142s)
  [geom] cut=743651 survivors=1496349 (1142s)
  [geom] cut=744847 survivors=1500153 (1142s)
  [geom] cut=746278 survivors=1503722 (1143s)
  [geom] cut=747750 survivors=1507250 (1143s)
  [geom] cut=749260 survivors=1510740 (1144s)
  [geom] cut=750957 survivors=1514043 (1144s)
  [geom] cut=752964 survivors=1517036 (1147s)
  [geom] cut=755315 survivors=1519685 (1147s)
  [geom] cut=757301 survivors=1522699 (1161s)
  [geom] cut=758208 survivors=1526792 (1166s)
  [geom] cut=759029 survivors=1530971 (1171s)
  [geom] cut=759971 survivors=1535029 (1172s)
  [geom] cut=761151 survivors=1538849 (1173s)
  [geom] cut=762607 survivors=1542393 (1173s)
  [geom] cut=763814 survivors=1546186 (1175s)
  [geom] cut=765140 survivors=1549860 (1175s)
  [geom] cut=766916 survivors=1553084 (1175s)
  [geom] cut=768956 survivors=1556044 (1175s)
  [geom] cut=771235 survivors=1558765 (1177s)
  [geom] cut=773336 survivors=1561664 (1178s)
  [geom] cut=776004 survivors=1563996 (1190s)
  [geom] cut=777389 survivors=1567611 (1196s)
  [geom] cut=778418 survivors=1571582 (1200s)
  [geom] cut=779663 survivors=1575337 (1203s)
  [geom] cut=781109 survivors=1578891 (1203s)
  [geom] cut=782578 survivors=1582422 (1203s)
  [geom] cut=784085 survivors=1585915 (1203s)
  [geom] cut=785812 survivors=1589188 (1205s)
  [geom] cut=787938 survivors=1592062 (1205s)
  [geom] cut=790245 survivors=1594755 (1205s)
  [geom] cut=792700 survivors=1597300 (1206s)
  [geom] cut=795438 survivors=1599562 (1206s)
  [geom] cut=797547 survivors=1602453 (1220s)
  [geom] cut=798887 survivors=1606113 (1226s)
  [geom] cut=800109 survivors=1609891 (1229s)
  [geom] cut=801553 survivors=1613447 (1230s)
  [geom] cut=803207 survivors=1616793 (1231s)
  [geom] cut=804766 survivors=1620234 (1231s)
  [geom] cut=806374 survivors=1623626 (1232s)
  [geom] cut=808276 survivors=1626724 (1235s)
  [geom] cut=810531 survivors=1629469 (1235s)
  [geom] cut=812971 survivors=1632029 (1235s)
  [geom] cut=815595 survivors=1634405 (1235s)
  [geom] cut=818419 survivors=1636581 (1235s)
  [geom] cut=820689 survivors=1639311 (1249s)
  [geom] cut=822308 survivors=1642692 (1254s)
  [geom] cut=823765 survivors=1646235 (1260s)
  [geom] cut=825485 survivors=1649515 (1260s)
  [geom] cut=827372 survivors=1652628 (1260s)
  [geom] cut=829011 survivors=1655989 (1260s)
  [geom] cut=830929 survivors=1659071 (1262s)
  [geom] cut=833066 survivors=1661934 (1262s)
  [geom] cut=835539 survivors=1664461 (1262s)
  [geom] cut=838221 survivors=1666779 (1262s)
  [geom] cut=841110 survivors=1668890 (1264s)
  [geom] cut=844468 survivors=1670532 (1264s)
  [geom] cut=846858 survivors=1673142 (1280s)
  [geom] cut=848572 survivors=1676428 (1283s)
  [geom] cut=850507 survivors=1679493 (1288s)
  [geom] cut=852562 survivors=1682438 (1288s)
  [geom] cut=854614 survivors=1685386 (1289s)
  [geom] cut=857024 survivors=1687976 (1289s)
  [geom] cut=859604 survivors=1690396 (1290s)
  [geom] cut=862689 survivors=1692311 (1290s)
  [geom] cut=865712 survivors=1694288 (1291s)
  [geom] cut=869152 survivors=1695848 (1291s)
  [geom] cut=871784 survivors=1698216 (1291s)
  [geom] cut=873845 survivors=1701155 (1293s)
  [geom] cut=875998 survivors=1704002 (1310s)
  [geom] cut=878332 survivors=1706668 (1312s)
  [geom] cut=880796 survivors=1709204 (1316s)
  [geom] cut=883529 survivors=1711471 (1317s)
  [geom] cut=886321 survivors=1713679 (1317s)
  [geom] cut=889445 survivors=1715555 (1317s)
  [geom] cut=893081 survivors=1716919 (1317s)
  [geom] cut=895177 survivors=1719823 (1317s)
  [geom] cut=895590 survivors=1724410 (1320s)
  [geom] cut=896114 survivors=1728886 (1321s)
  [geom] cut=896785 survivors=1733215 (1322s)
  [geom] cut=897644 survivors=1737356 (1323s)
  [geom] cut=898726 survivors=1741274 (1338s)
  [geom] cut=900094 survivors=1744906 (1340s)
  [geom] cut=901497 survivors=1748503 (1341s)
  [geom] cut=902802 survivors=1752198 (1346s)
  [geom] cut=904469 survivors=1755531 (1346s)
  [geom] cut=906624 survivors=1758376 (1346s)
  [geom] cut=908777 survivors=1761223 (1346s)
  [geom] cut=909150 survivors=1765850 (1348s)
  [geom] cut=909569 survivors=1770431 (1350s)
  [geom] cut=909992 survivors=1775008 (1350s)
  [geom] cut=910531 survivors=1779469 (1352s)
  [geom] cut=911273 survivors=1783727 (1353s)
  [geom] cut=912220 survivors=1787780 (1368s)
  [geom] cut=913204 survivors=1791796 (1369s)
  [geom] cut=914141 survivors=1795859 (1370s)
  [geom] cut=915384 survivors=1799616 (1375s)
  [geom] cut=916938 survivors=1803062 (1375s)
  [geom] cut=918616 survivors=1806384 (1375s)
  [geom] cut=920332 survivors=1809668 (1375s)
  [geom] cut=921508 survivors=1813492 (1379s)
  [geom] cut=921933 survivors=1818067 (1382s)
  [geom] cut=922524 survivors=1822476 (1382s)
  [geom] cut=923299 survivors=1826701 (1382s)
  [geom] cut=923918 survivors=1831082 (1383s)
  [geom] cut=924743 survivors=1835257 (1398s)
  [geom] cut=925840 survivors=1839160 (1400s)
  [geom] cut=927206 survivors=1842794 (1400s)
  [geom] cut=928730 survivors=1846270 (1404s)
  [geom] cut=929954 survivors=1850046 (1404s)
  [geom] cut=931631 survivors=1853369 (1404s)
  [geom] cut=933641 survivors=1856359 (1404s)
  [geom] cut=935638 survivors=1859362 (1407s)
  [geom] cut=936276 survivors=1863724 (1410s)
  [geom] cut=936857 survivors=1868143 (1411s)
  [geom] cut=937633 survivors=1872367 (1411s)
  [geom] cut=938216 survivors=1876784 (1413s)
  [geom] cut=938939 survivors=1881061 (1428s)
  [geom] cut=940026 survivors=1884974 (1428s)
  [geom] cut=941388 survivors=1888612 (1431s)
  [geom] cut=942243 survivors=1892757 (1431s)
  [geom] cut=943660 survivors=1896340 (1432s)
  [geom] cut=945481 survivors=1899519 (1433s)
  [geom] cut=947102 survivors=1902898 (1433s)
  [geom] cut=948796 survivors=1906204 (1436s)
  [geom] cut=950978 survivors=1909022 (1438s)
  [geom] cut=952879 survivors=1912121 (1441s)
  [geom] cut=953769 survivors=1916231 (1441s)
  [geom] cut=954591 survivors=1920409 (1441s)
  [geom] cut=955535 survivors=1924465 (1458s)
  [geom] cut=956737 survivors=1928263 (1458s)
  [geom] cut=957944 survivors=1932056 (1462s)
  [geom] cut=959042 survivors=1935958 (1462s)
  [geom] cut=960535 survivors=1939465 (1462s)
  [geom] cut=962310 survivors=1942690 (1462s)
  [geom] cut=964404 survivors=1945596 (1462s)
  [geom] cut=966141 survivors=1948859 (1465s)
  [geom] cut=968210 survivors=1951790 (1467s)
  [geom] cut=970776 survivors=1954224 (1469s)
  [geom] cut=972362 survivors=1957638 (1470s)
  [geom] cut=973406 survivors=1961594 (1470s)
  [geom] cut=974322 survivors=1965678 (1487s)
  [geom] cut=975488 survivors=1969512 (1488s)
  [geom] cut=976925 survivors=1973075 (1490s)
  [geom] cut=977919 survivors=1977081 (1491s)
  [geom] cut=979283 survivors=1980717 (1492s)
  [geom] cut=981068 survivors=1983932 (1492s)
  [geom] cut=983055 survivors=1986945 (1492s)
  [geom] cut=984786 survivors=1990214 (1494s)
  [geom] cut=986847 survivors=1993153 (1496s)
  [geom] cut=989188 survivors=1995812 (1497s)
  [geom] cut=991886 survivors=1998114 (1497s)
  [geom] cut=993985 survivors=2001015 (1499s)
  [geom] cut=995327 survivors=2004673 (1517s)
  [geom] cut=996538 survivors=2008462 (1517s)
  [geom] cut=997947 survivors=2012053 (1520s)
  [geom] cut=999620 survivors=2015380 (1520s)
  [geom] cut=1001106 survivors=2018894 (1521s)
  [geom] cut=1002770 survivors=2022230 (1521s)
  [geom] cut=1004688 survivors=2025312 (1523s)
  [geom] cut=1006884 survivors=2028116 (1523s)
  [geom] cut=1009327 survivors=2030673 (1524s)
  [geom] cut=1012001 survivors=2032999 (1524s)
  [geom] cut=1014801 survivors=2035199 (1526s)
  [geom] cut=1017056 survivors=2037944 (1528s)
  [geom] cut=1018631 survivors=2041369 (1545s)
  [geom] cut=1020111 survivors=2044889 (1546s)
  [geom] cut=1021545 survivors=2048455 (1547s)
  [geom] cut=1022813 survivors=2052187 (1548s)
  [geom] cut=1024494 survivors=2055506 (1548s)
  [geom] cut=1026450 survivors=2058550 (1550s)
  [geom] cut=1028683 survivors=2061317 (1550s)
  [geom] cut=1030669 survivors=2064331 (1553s)
  [geom] cut=1033066 survivors=2066934 (1553s)
  [geom] cut=1035671 survivors=2069329 (1553s)
  [geom] cut=1038567 survivors=2071433 (1553s)
  [geom] cut=1041926 survivors=2073074 (1556s)
  [geom] cut=1043607 survivors=2076393 (1572s)
  [geom] cut=1045134 survivors=2079866 (1574s)
  [geom] cut=1046691 survivors=2083309 (1576s)
  [geom] cut=1048480 survivors=2086520 (1576s)
  [geom] cut=1050512 survivors=2089488 (1577s)
  [geom] cut=1052586 survivors=2092414 (1578s)
  [geom] cut=1054617 survivors=2095383 (1578s)
  [geom] cut=1056916 survivors=2098084 (1580s)
  [geom] cut=1059593 survivors=2100407 (1582s)
  [geom] cut=1062491 survivors=2102509 (1582s)
  [geom] cut=1065726 survivors=2104274 (1582s)
  [geom] cut=1068900 survivors=2106100 (1582s)
  [geom] cut=1071068 survivors=2108932 (1600s)
  [geom] cut=1073037 survivors=2111963 (1602s)
  [geom] cut=1075181 survivors=2114819 (1604s)
  [geom] cut=1077242 survivors=2117758 (1604s)
  [geom] cut=1079400 survivors=2120600 (1604s)
  [geom] cut=1081921 survivors=2123079 (1606s)
  [geom] cut=1084653 survivors=2125347 (1606s)
  [geom] cut=1087855 survivors=2127145 (1607s)
  [geom] cut=1091069 survivors=2128931 (1607s)
  [geom] cut=1094803 survivors=2130197 (1609s)
  [geom] cut=1097257 survivors=2132743 (1611s)
  [geom] cut=1099389 survivors=2135611 (1611s)
  [geom] cut=1101629 survivors=2138371 (1626s)
  [geom] cut=1103914 survivors=2141086 (1628s)
  [geom] cut=1106437 survivors=2143563 (1630s)
  [geom] cut=1109317 survivors=2145683 (1630s)
  [geom] cut=1112418 survivors=2147582 (1630s)
  [geom] cut=1115577 survivors=2149423 (1631s)
  [geom] cut=1119393 survivors=2150607 (1631s)
  [geom] cut=1120808 survivors=2150924 (1631s)
  [passA] 500/2150924 tos=0 (1678s)
  [passA] 1000/2150924 tos=0 (1686s)
  [passA] 1500/2150924 tos=0 (1686s)
  [passA] 2000/2150924 tos=0 (1689s)
  [passA] 2500/2150924 tos=0 (1691s)
  [passA] 3000/2150924 tos=0 (1704s)
  [passA] 3500/2150924 tos=0 (1714s)
  [passA] 4000/2150924 tos=0 (1715s)
  [passA] 4500/2150924 tos=0 (1721s)
  [passA] 5000/2150924 tos=0 (1723s)
  [passA] 5500/2150924 tos=0 (1723s)
  [passA] 6000/2150924 tos=0 (1725s)
  [passA] 6500/2150924 tos=0 (1730s)
  [passA] 7000/2150924 tos=0 (1731s)
  [passA] 7500/2150924 tos=0 (1735s)
  [passA] 8000/2150924 tos=0 (1747s)
  [passA] 8500/2150924 tos=0 (1748s)
  [passA] 9000/2150924 tos=0 (1750s)
  [passA] 9500/2150924 tos=0 (1750s)
  [passA] 10000/2150924 tos=0 (1750s)
  [passA] 10500/2150924 tos=0 (1759s)
  [passA] 11000/2150924 tos=0 (1759s)
  [passA] 11500/2150924 tos=0 (1761s)
  [passA] 12000/2150924 tos=0 (1767s)
  [passA] 12500/2150924 tos=0 (1771s)
  [passA] 13000/2150924 tos=0 (1771s)
  [passA] 13500/2150924 tos=0 (1771s)
  [passA] 14000/2150924 tos=0 (1775s)
  [passA] 14500/2150924 tos=0 (1777s)
  [passA] 15000/2150924 tos=0 (1778s)
  [passA] 15500/2150924 tos=0 (1786s)
  [passA] 16000/2150924 tos=0 (1786s)
  [passA] 16500/2150924 tos=0 (1790s)
  [passA] 17000/2150924 tos=0 (1792s)
  [passA] 17500/2150924 tos=0 (1794s)
  [passA] 18000/2150924 tos=0 (1795s)
  [passA] 18500/2150924 tos=0 (1799s)
  [passA] 19000/2150924 tos=0 (1799s)
  [passA] 19500/2150924 tos=0 (1799s)
  [passA] 20000/2150924 tos=0 (1799s)
  [passA] 20500/2150924 tos=0 (1801s)
  [passA] 21000/2150924 tos=0 (1807s)
  [passA] 21500/2150924 tos=0 (1810s)
  [passA] 22000/2150924 tos=0 (1815s)
  [passA] 22500/2150924 tos=0 (1818s)
  [passA] 23000/2150924 tos=0 (1819s)
  [passA] 23500/2150924 tos=0 (1820s)
  [passA] 24000/2150924 tos=0 (1821s)
  [passA] 24500/2150924 tos=0 (1822s)
  [passA] 25000/2150924 tos=0 (1823s)
  [passA] 25500/2150924 tos=0 (1824s)
  [passA] 26000/2150924 tos=0 (1825s)
  [passA] 26500/2150924 tos=0 (1828s)
  [passA] 27000/2150924 tos=0 (1830s)
  [passA] 27500/2150924 tos=0 (1833s)
  [passA] 28000/2150924 tos=0 (1837s)
  [passA] 28500/2150924 tos=0 (1839s)
  [passA] 29000/2150924 tos=0 (1840s)
  [passA] 29500/2150924 tos=0 (1841s)
  [passA] 30000/2150924 tos=0 (1843s)
  [passA] 30500/2150924 tos=0 (1846s)
  [passA] 31000/2150924 tos=0 (1847s)
  [passA] 31500/2150924 tos=0 (1848s)
  [passA] 32000/2150924 tos=0 (1848s)
  [passA] 32500/2150924 tos=0 (1848s)
  [passA] 33000/2150924 tos=0 (1850s)
  [passA] 33500/2150924 tos=0 (1854s)
  [passA] 34000/2150924 tos=0 (1854s)
  [passA] 34500/2150924 tos=0 (1858s)
  [passA] 35000/2150924 tos=0 (1860s)
  [passA] 35500/2150924 tos=0 (1861s)
  [passA] 36000/2150924 tos=0 (1863s)
  [passA] 36500/2150924 tos=0 (1865s)
  [passA] 37000/2150924 tos=0 (1865s)
  [passA] 37500/2150924 tos=0 (1867s)
  [passA] 38000/2150924 tos=0 (1867s)
  [passA] 38500/2150924 tos=0 (1868s)
  [passA] 39000/2150924 tos=0 (1868s)
  [passA] 39500/2150924 tos=0 (1871s)
  [passA] 40000/2150924 tos=0 (1874s)
  [passA] 40500/2150924 tos=0 (1877s)
  [passA] 41000/2150924 tos=0 (1878s)
  [passA] 41500/2150924 tos=0 (1879s)
  [passA] 42000/2150924 tos=0 (1881s)
  [passA] 42500/2150924 tos=0 (1881s)
  [passA] 43000/2150924 tos=0 (1882s)
  [passA] 43500/2150924 tos=0 (1883s)
  [passA] 44000/2150924 tos=0 (1884s)
  [passA] 44500/2150924 tos=0 (1885s)
  [passA] 45000/2150924 tos=0 (1886s)
  [passA] 45500/2150924 tos=0 (1887s)
  [passA] 46000/2150924 tos=0 (1887s)
  [passA] 46500/2150924 tos=0 (1892s)
  [passA] 47000/2150924 tos=0 (1894s)
  [passA] 47500/2150924 tos=0 (1895s)
  [passA] 48000/2150924 tos=0 (1896s)
  [passA] 48500/2150924 tos=0 (1898s)
  [passA] 49000/2150924 tos=0 (1898s)
  [passA] 49500/2150924 tos=0 (1899s)
  [passA] 50000/2150924 tos=0 (1900s)
  [passA] 50500/2150924 tos=0 (1900s)
  [passA] 51000/2150924 tos=0 (1900s)
  [passA] 51500/2150924 tos=0 (1901s)
  [passA] 52000/2150924 tos=0 (1901s)
  [passA] 52500/2150924 tos=0 (1905s)
  [passA] 53000/2150924 tos=0 (1906s)
  [passA] 53500/2150924 tos=0 (1909s)
  [passA] 54000/2150924 tos=0 (1910s)
  [passA] 54500/2150924 tos=0 (1911s)
  [passA] 55000/2150924 tos=0 (1911s)
  [passA] 55500/2150924 tos=0 (1913s)
  [passA] 56000/2150924 tos=0 (1913s)
  [passA] 56500/2150924 tos=0 (1913s)
  [passA] 57000/2150924 tos=0 (1916s)
  [passA] 57500/2150924 tos=0 (1917s)
  [passA] 58000/2150924 tos=0 (1918s)
  [passA] 58500/2150924 tos=0 (1919s)
  [passA] 59000/2150924 tos=0 (1920s)
  [passA] 59500/2150924 tos=0 (1921s)
  [passA] 60000/2150924 tos=0 (1922s)
  [passA] 60500/2150924 tos=0 (1925s)
  [passA] 61000/2150924 tos=0 (1925s)
  [passA] 61500/2150924 tos=0 (1925s)
  [passA] 62000/2150924 tos=0 (1926s)
  [passA] 62500/2150924 tos=0 (1927s)
  [passA] 63000/2150924 tos=0 (1928s)
  [passA] 63500/2150924 tos=0 (1931s)
  [passA] 64000/2150924 tos=0 (1931s)
  [passA] 64500/2150924 tos=0 (1932s)
  [passA] 65000/2150924 tos=0 (1934s)
  [passA] 65500/2150924 tos=0 (1935s)
  [passA] 66000/2150924 tos=0 (1937s)
  [passA] 66500/2150924 tos=0 (1937s)
  [passA] 67000/2150924 tos=0 (1938s)
  [passA] 67500/2150924 tos=0 (1939s)
  [passA] 68000/2150924 tos=0 (1940s)
  [passA] 68500/2150924 tos=0 (1941s)
  [passA] 69000/2150924 tos=0 (1941s)
  [passA] 69500/2150924 tos=0 (1943s)
  [passA] 70000/2150924 tos=0 (1945s)
  [passA] 70500/2150924 tos=0 (1945s)
  [passA] 71000/2150924 tos=0 (1946s)
  [passA] 71500/2150924 tos=0 (1947s)
  [passA] 72000/2150924 tos=0 (1947s)
  [passA] 72500/2150924 tos=0 (1949s)
  [passA] 73000/2150924 tos=0 (1949s)
  [passA] 73500/2150924 tos=0 (1951s)
  [passA] 74000/2150924 tos=0 (1951s)
  [passA] 74500/2150924 tos=0 (1952s)
  [passA] 75000/2150924 tos=0 (1952s)
  [passA] 75500/2150924 tos=0 (1954s)
  [passA] 76000/2150924 tos=0 (1955s)
  [passA] 76500/2150924 tos=0 (1956s)
  [passA] 77000/2150924 tos=0 (1957s)
  [passA] 77500/2150924 tos=0 (1961s)
  [passA] 78000/2150924 tos=0 (1961s)
  [passA] 78500/2150924 tos=0 (1961s)
  [passA] 79000/2150924 tos=0 (1961s)
  [passA] 79500/2150924 tos=0 (1962s)
  [passA] 80000/2150924 tos=0 (1963s)
  [passA] 80500/2150924 tos=0 (1964s)
  [passA] 81000/2150924 tos=0 (1965s)
  [passA] 81500/2150924 tos=0 (1966s)
  [passA] 82000/2150924 tos=0 (1967s)
  [passA] 82500/2150924 tos=0 (1968s)
  [passA] 83000/2150924 tos=0 (1970s)
  [passA] 83500/2150924 tos=0 (1970s)
  [passA] 84000/2150924 tos=0 (1970s)
  [passA] 84500/2150924 tos=0 (1971s)
  [passA] 85000/2150924 tos=0 (1972s)
  [passA] 85500/2150924 tos=0 (1973s)
  [passA] 86000/2150924 tos=0 (1974s)
  [passA] 86500/2150924 tos=0 (1974s)
  [passA] 87000/2150924 tos=0 (1974s)
  [passA] 87500/2150924 tos=0 (1976s)
  [passA] 88000/2150924 tos=0 (1977s)
  [passA] 88500/2150924 tos=0 (1979s)
  [passA] 89000/2150924 tos=0 (1979s)
  [passA] 89500/2150924 tos=0 (1981s)
  [passA] 90000/2150924 tos=0 (1982s)
  [passA] 90500/2150924 tos=0 (1982s)
  [passA] 91000/2150924 tos=0 (1983s)
  [passA] 91500/2150924 tos=0 (1983s)
  [passA] 92000/2150924 tos=0 (1985s)
  [passA] 92500/2150924 tos=0 (1985s)
  [passA] 93000/2150924 tos=0 (1985s)
  [passA] 93500/2150924 tos=0 (1987s)
  [passA] 94000/2150924 tos=0 (1987s)
  [passA] 94500/2150924 tos=0 (1987s)
  [passA] 95000/2150924 tos=0 (1989s)
  [passA] 95500/2150924 tos=0 (1989s)
  [passA] 96000/2150924 tos=0 (1989s)
  [passA] 96500/2150924 tos=0 (1989s)
  [passA] 97000/2150924 tos=0 (1991s)
  [passA] 97500/2150924 tos=0 (1992s)
  [passA] 98000/2150924 tos=0 (1992s)
  [passA] 98500/2150924 tos=0 (1992s)
  [passA] 99000/2150924 tos=0 (1995s)
  [passA] 99500/2150924 tos=0 (1996s)
  [passA] 100000/2150924 tos=0 (1996s)
  [passA] 100500/2150924 tos=0 (1997s)
  [passA] 101000/2150924 tos=0 (1997s)
  [passA] 101500/2150924 tos=0 (1997s)
  [passA] 102000/2150924 tos=0 (1997s)
  [passA] 102500/2150924 tos=0 (1998s)
  [passA] 103000/2150924 tos=0 (1999s)
  [passA] 103500/2150924 tos=0 (1999s)
  [passA] 104000/2150924 tos=0 (2001s)
  [passA] 104500/2150924 tos=0 (2003s)
  [passA] 105000/2150924 tos=0 (2004s)
  [passA] 105500/2150924 tos=0 (2005s)
  [passA] 106000/2150924 tos=0 (2005s)
  [passA] 106500/2150924 tos=0 (2005s)
  [passA] 107000/2150924 tos=0 (2005s)
  [passA] 107500/2150924 tos=0 (2006s)
  [passA] 108000/2150924 tos=0 (2006s)
  [passA] 108500/2150924 tos=0 (2006s)
  [passA] 109000/2150924 tos=0 (2008s)
  [passA] 109500/2150924 tos=0 (2008s)
  [passA] 110000/2150924 tos=0 (2009s)
  [passA] 110500/2150924 tos=0 (2011s)
  [passA] 111000/2150924 tos=0 (2011s)
  [passA] 111500/2150924 tos=0 (2011s)
  [passA] 112000/2150924 tos=0 (2011s)
  [passA] 112500/2150924 tos=0 (2013s)
  [passA] 113000/2150924 tos=0 (2013s)
  [passA] 113500/2150924 tos=0 (2015s)
  [passA] 114000/2150924 tos=0 (2016s)
  [passA] 114500/2150924 tos=0 (2016s)
  [passA] 115000/2150924 tos=0 (2017s)
  [passA] 115500/2150924 tos=0 (2017s)
  [passA] 116000/2150924 tos=0 (2018s)
  [passA] 116500/2150924 tos=0 (2019s)
  [passA] 117000/2150924 tos=0 (2019s)
  [passA] 117500/2150924 tos=0 (2020s)
  [passA] 118000/2150924 tos=0 (2020s)
  [passA] 118500/2150924 tos=0 (2020s)
  [passA] 119000/2150924 tos=0 (2021s)
  [passA] 119500/2150924 tos=0 (2022s)
  [passA] 120000/2150924 tos=0 (2023s)
  [passA] 120500/2150924 tos=0 (2024s)
  [passA] 121000/2150924 tos=0 (2024s)
  [passA] 121500/2150924 tos=0 (2025s)
  [passA] 122000/2150924 tos=0 (2025s)
  [passA] 122500/2150924 tos=0 (2026s)
  [passA] 123000/2150924 tos=0 (2027s)
  [passA] 123500/2150924 tos=0 (2027s)
  [passA] 124000/2150924 tos=0 (2027s)
  [passA] 124500/2150924 tos=0 (2028s)
  [passA] 125000/2150924 tos=0 (2028s)
  [passA] 125500/2150924 tos=0 (2029s)
  [passA] 126000/2150924 tos=0 (2030s)
  [passA] 126500/2150924 tos=0 (2030s)
  [passA] 127000/2150924 tos=0 (2031s)
  [passA] 127500/2150924 tos=0 (2031s)
  [passA] 128000/2150924 tos=0 (2032s)
  [passA] 128500/2150924 tos=0 (2032s)
  [passA] 129000/2150924 tos=0 (2032s)
  [passA] 129500/2150924 tos=0 (2033s)
  [passA] 130000/2150924 tos=0 (2034s)
  [passA] 130500/2150924 tos=0 (2034s)
  [passA] 131000/2150924 tos=0 (2035s)
  [passA] 131500/2150924 tos=0 (2035s)
  [passA] 132000/2150924 tos=0 (2036s)
  [passA] 132500/2150924 tos=0 (2037s)
  [passA] 133000/2150924 tos=0 (2037s)
  [passA] 133500/2150924 tos=0 (2037s)
  [passA] 134000/2150924 tos=0 (2038s)
  [passA] 134500/2150924 tos=0 (2038s)
  [passA] 135000/2150924 tos=0 (2039s)
  [passA] 135500/2150924 tos=0 (2040s)
  [passA] 136000/2150924 tos=0 (2041s)
  [passA] 136500/2150924 tos=0 (2042s)
  [passA] 137000/2150924 tos=0 (2042s)
  [passA] 137500/2150924 tos=0 (2042s)
  [passA] 138000/2150924 tos=0 (2042s)
  [passA] 138500/2150924 tos=0 (2043s)
  [passA] 139000/2150924 tos=0 (2043s)
  [passA] 139500/2150924 tos=0 (2043s)
  [passA] 140000/2150924 tos=0 (2044s)
  [passA] 140500/2150924 tos=0 (2045s)
  [passA] 141000/2150924 tos=0 (2045s)
  [passA] 141500/2150924 tos=0 (2047s)
  [passA] 142000/2150924 tos=0 (2047s)
  [passA] 142500/2150924 tos=0 (2048s)
  [passA] 143000/2150924 tos=0 (2048s)
  [passA] 143500/2150924 tos=0 (2048s)
  [passA] 144000/2150924 tos=0 (2048s)
  [passA] 144500/2150924 tos=0 (2049s)
  [passA] 145000/2150924 tos=0 (2049s)
  [passA] 145500/2150924 tos=0 (2049s)
  [passA] 146000/2150924 tos=0 (2050s)
  [passA] 146500/2150924 tos=0 (2050s)
  [passA] 147000/2150924 tos=0 (2051s)
  [passA] 147500/2150924 tos=0 (2051s)
  [passA] 148000/2150924 tos=0 (2052s)
  [passA] 148500/2150924 tos=0 (2053s)
  [passA] 149000/2150924 tos=0 (2054s)
  [passA] 149500/2150924 tos=0 (2054s)
  [passA] 150000/2150924 tos=0 (2054s)
  [passA] 150500/2150924 tos=0 (2054s)
  [passA] 151000/2150924 tos=0 (2054s)
  [passA] 151500/2150924 tos=0 (2054s)
  [passA] 152000/2150924 tos=0 (2055s)
  [passA] 152500/2150924 tos=0 (2056s)
  [passA] 153000/2150924 tos=0 (2056s)
  [passA] 153500/2150924 tos=0 (2056s)
  [passA] 154000/2150924 tos=0 (2058s)
  [passA] 154500/2150924 tos=0 (2059s)
  [passA] 155000/2150924 tos=0 (2059s)
  [passA] 155500/2150924 tos=0 (2059s)
  [passA] 156000/2150924 tos=0 (2060s)
  [passA] 156500/2150924 tos=0 (2060s)
  [passA] 157000/2150924 tos=0 (2060s)
  [passA] 157500/2150924 tos=0 (2060s)
  [passA] 158000/2150924 tos=0 (2061s)
  [passA] 158500/2150924 tos=0 (2062s)
  [passA] 159000/2150924 tos=0 (2062s)
  [passA] 159500/2150924 tos=0 (2063s)
  [passA] 160000/2150924 tos=0 (2063s)
  [passA] 160500/2150924 tos=0 (2064s)
  [passA] 161000/2150924 tos=0 (2064s)
  [passA] 161500/2150924 tos=0 (2065s)
  [passA] 162000/2150924 tos=0 (2065s)
  [passA] 162500/2150924 tos=0 (2066s)
  [passA] 163000/2150924 tos=0 (2066s)
  [passA] 163500/2150924 tos=0 (2066s)
  [passA] 164000/2150924 tos=0 (2066s)
  [passA] 164500/2150924 tos=0 (2066s)
  [passA] 165000/2150924 tos=0 (2067s)
  [passA] 165500/2150924 tos=0 (2068s)
  [passA] 166000/2150924 tos=0 (2068s)
  [passA] 166500/2150924 tos=0 (2069s)
  [passA] 167000/2150924 tos=0 (2069s)
  [passA] 167500/2150924 tos=0 (2070s)
  [passA] 168000/2150924 tos=0 (2070s)
  [passA] 168500/2150924 tos=0 (2070s)
  [passA] 169000/2150924 tos=0 (2070s)
  [passA] 169500/2150924 tos=0 (2071s)
  [passA] 170000/2150924 tos=0 (2071s)
  [passA] 170500/2150924 tos=0 (2072s)
  [passA] 171000/2150924 tos=0 (2072s)
  [passA] 171500/2150924 tos=0 (2072s)
  [passA] 172000/2150924 tos=0 (2073s)
  [passA] 172500/2150924 tos=0 (2073s)
  [passA] 173000/2150924 tos=0 (2074s)
  [passA] 173500/2150924 tos=0 (2075s)
  [passA] 174000/2150924 tos=0 (2075s)
  [passA] 174500/2150924 tos=0 (2075s)
  [passA] 175000/2150924 tos=0 (2075s)
  [passA] 175500/2150924 tos=0 (2076s)
  [passA] 176000/2150924 tos=0 (2076s)
  [passA] 176500/2150924 tos=0 (2076s)
  [passA] 177000/2150924 tos=0 (2077s)
  [passA] 177500/2150924 tos=0 (2078s)
  [passA] 178000/2150924 tos=0 (2078s)
  [passA] 178500/2150924 tos=0 (2079s)
  [passA] 179000/2150924 tos=0 (2079s)
  [passA] 179500/2150924 tos=0 (2080s)
  [passA] 180000/2150924 tos=0 (2080s)
  [passA] 180500/2150924 tos=0 (2080s)
  [passA] 181000/2150924 tos=0 (2080s)
  [passA] 181500/2150924 tos=0 (2081s)
  [passA] 182000/2150924 tos=0 (2081s)
  [passA] 182500/2150924 tos=0 (2081s)
  [passA] 183000/2150924 tos=0 (2082s)
  [passA] 183500/2150924 tos=0 (2082s)
  [passA] 184000/2150924 tos=0 (2083s)
  [passA] 184500/2150924 tos=0 (2083s)
  [passA] 185000/2150924 tos=0 (2083s)
  [passA] 185500/2150924 tos=0 (2083s)
  [passA] 186000/2150924 tos=0 (2084s)
  [passA] 186500/2150924 tos=0 (2084s)
  [passA] 187000/2150924 tos=0 (2084s)
  [passA] 187500/2150924 tos=0 (2085s)
  [passA] 188000/2150924 tos=0 (2085s)
  [passA] 188500/2150924 tos=0 (2085s)
  [passA] 189000/2150924 tos=0 (2086s)
  [passA] 189500/2150924 tos=0 (2086s)
  [passA] 190000/2150924 tos=0 (2087s)
  [passA] 190500/2150924 tos=0 (2087s)
  [passA] 191000/2150924 tos=0 (2087s)
  [passA] 191500/2150924 tos=0 (2087s)
  [passA] 192000/2150924 tos=0 (2088s)
  [passA] 192500/2150924 tos=0 (2088s)
  [passA] 193000/2150924 tos=0 (2089s)
  [passA] 193500/2150924 tos=0 (2089s)
  [passA] 194000/2150924 tos=0 (2090s)
  [passA] 194500/2150924 tos=0 (2090s)
  [passA] 195000/2150924 tos=0 (2090s)
  [passA] 195500/2150924 tos=0 (2091s)
  [passA] 196000/2150924 tos=0 (2091s)
  [passA] 196500/2150924 tos=0 (2091s)
  [passA] 197000/2150924 tos=0 (2092s)
  [passA] 197500/2150924 tos=0 (2092s)
  [passA] 198000/2150924 tos=0 (2092s)
  [passA] 198500/2150924 tos=0 (2092s)
  [passA] 199000/2150924 tos=0 (2092s)
  [passA] 199500/2150924 tos=0 (2094s)
  [passA] 200000/2150924 tos=0 (2094s)
  [passA] 200500/2150924 tos=0 (2095s)
  [passA] 201000/2150924 tos=0 (2095s)
  [passA] 201500/2150924 tos=0 (2095s)
  [passA] 202000/2150924 tos=0 (2095s)
  [passA] 202500/2150924 tos=0 (2095s)
  [passA] 203000/2150924 tos=0 (2095s)
  [passA] 203500/2150924 tos=0 (2095s)
  [passA] 204000/2150924 tos=0 (2096s)
  [passA] 204500/2150924 tos=0 (2096s)
  [passA] 205000/2150924 tos=0 (2096s)
  [passA] 205500/2150924 tos=0 (2098s)
  [passA] 206000/2150924 tos=0 (2098s)
  [passA] 206500/2150924 tos=0 (2098s)
  [passA] 207000/2150924 tos=0 (2099s)
  [passA] 207500/2150924 tos=0 (2099s)
  [passA] 208000/2150924 tos=0 (2099s)
  [passA] 208500/2150924 tos=0 (2099s)
  [passA] 209000/2150924 tos=0 (2099s)
  [passA] 209500/2150924 tos=0 (2100s)
  [passA] 210000/2150924 tos=0 (2100s)
  [passA] 210500/2150924 tos=0 (2100s)
  [passA] 211000/2150924 tos=0 (2100s)
  [passA] 211500/2150924 tos=0 (2101s)
  [passA] 212000/2150924 tos=0 (2101s)
  [passA] 212500/2150924 tos=0 (2102s)
  [passA] 213000/2150924 tos=0 (2102s)
  [passA] 213500/2150924 tos=0 (2102s)
  [passA] 214000/2150924 tos=0 (2102s)
  [passA] 214500/2150924 tos=0 (2103s)
  [passA] 215000/2150924 tos=0 (2103s)
  [passA] 215500/2150924 tos=0 (2103s)
  [passA] 216000/2150924 tos=0 (2103s)
  [passA] 216500/2150924 tos=0 (2103s)
  [passA] 217000/2150924 tos=0 (2103s)
  [passA] 217500/2150924 tos=0 (2105s)
  [passA] 218000/2150924 tos=0 (2105s)
  [passA] 218500/2150924 tos=0 (2105s)
  [passA] 219000/2150924 tos=0 (2105s)
  [passA] 219500/2150924 tos=0 (2105s)
  [passA] 220000/2150924 tos=0 (2106s)
  [passA] 220500/2150924 tos=0 (2106s)
  [passA] 221000/2150924 tos=0 (2106s)
  [passA] 221500/2150924 tos=0 (2106s)
  [passA] 222000/2150924 tos=0 (2107s)
  [passA] 222500/2150924 tos=0 (2107s)
  [passA] 223000/2150924 tos=0 (2107s)
  [passA] 223500/2150924 tos=0 (2107s)
  [passA] 224000/2150924 tos=0 (2109s)
  [passA] 224500/2150924 tos=0 (2109s)
  [passA] 225000/2150924 tos=0 (2109s)
  [passA] 225500/2150924 tos=0 (2109s)
  [passA] 226000/2150924 tos=0 (2109s)
  [passA] 226500/2150924 tos=0 (2109s)
  [passA] 227000/2150924 tos=0 (2110s)
  [passA] 227500/2150924 tos=0 (2110s)
  [passA] 228000/2150924 tos=0 (2111s)
  [passA] 228500/2150924 tos=0 (2111s)
  [passA] 229000/2150924 tos=0 (2111s)
  [passA] 229500/2150924 tos=0 (2111s)
  [passA] 230000/2150924 tos=0 (2111s)
  [passA] 230500/2150924 tos=0 (2111s)
  [passA] 231000/2150924 tos=0 (2112s)
  [passA] 231500/2150924 tos=0 (2112s)
  [passA] 232000/2150924 tos=0 (2113s)
  [passA] 232500/2150924 tos=0 (2114s)
  [passA] 233000/2150924 tos=0 (2114s)
  [passA] 233500/2150924 tos=0 (2114s)
  [passA] 234000/2150924 tos=0 (2114s)
  [passA] 234500/2150924 tos=0 (2114s)
  [passA] 235000/2150924 tos=0 (2115s)
  [passA] 235500/2150924 tos=0 (2115s)
  [passA] 236000/2150924 tos=0 (2115s)
  [passA] 236500/2150924 tos=0 (2115s)
  [passA] 237000/2150924 tos=0 (2116s)
  [passA] 237500/2150924 tos=0 (2116s)
  [passA] 238000/2150924 tos=0 (2116s)
  [passA] 238500/2150924 tos=0 (2116s)
  [passA] 239000/2150924 tos=0 (2117s)
  [passA] 239500/2150924 tos=0 (2117s)
  [passA] 240000/2150924 tos=0 (2117s)
  [passA] 240500/2150924 tos=0 (2117s)
  [passA] 241000/2150924 tos=0 (2118s)
  [passA] 241500/2150924 tos=0 (2118s)
  [passA] 242000/2150924 tos=0 (2118s)
  [passA] 242500/2150924 tos=0 (2118s)
  [passA] 243000/2150924 tos=0 (2118s)
  [passA] 243500/2150924 tos=0 (2118s)
  [passA] 244000/2150924 tos=0 (2119s)
  [passA] 244500/2150924 tos=0 (2120s)
  [passA] 245000/2150924 tos=0 (2120s)
  [passA] 245500/2150924 tos=0 (2120s)
  [passA] 246000/2150924 tos=0 (2120s)
  [passA] 246500/2150924 tos=0 (2120s)
  [passA] 247000/2150924 tos=0 (2121s)
  [passA] 247500/2150924 tos=0 (2121s)
  [passA] 248000/2150924 tos=0 (2121s)
  [passA] 248500/2150924 tos=0 (2121s)
  [passA] 249000/2150924 tos=0 (2121s)
  [passA] 249500/2150924 tos=0 (2122s)
  [passA] 250000/2150924 tos=0 (2122s)
  [passA] 250500/2150924 tos=0 (2123s)
  [passA] 251000/2150924 tos=0 (2123s)
  [passA] 251500/2150924 tos=0 (2123s)
  [passA] 252000/2150924 tos=0 (2123s)
  [passA] 252500/2150924 tos=0 (2124s)
  [passA] 253000/2150924 tos=0 (2124s)
  [passA] 253500/2150924 tos=0 (2124s)
  [passA] 254000/2150924 tos=0 (2124s)
  [passA] 254500/2150924 tos=0 (2124s)
  [passA] 255000/2150924 tos=0 (2124s)
  [passA] 255500/2150924 tos=0 (2125s)
  [passA] 256000/2150924 tos=0 (2125s)
  [passA] 256500/2150924 tos=0 (2125s)
  [passA] 257000/2150924 tos=0 (2125s)
  [passA] 257500/2150924 tos=0 (2126s)
  [passA] 258000/2150924 tos=0 (2127s)
  [passA] 258500/2150924 tos=0 (2127s)
  [passA] 259000/2150924 tos=0 (2127s)
  [passA] 259500/2150924 tos=0 (2127s)
  [passA] 260000/2150924 tos=0 (2127s)
  [passA] 260500/2150924 tos=0 (2127s)
  [passA] 261000/2150924 tos=0 (2127s)
  [passA] 261500/2150924 tos=0 (2128s)
  [passA] 262000/2150924 tos=0 (2128s)
  [passA] 262500/2150924 tos=0 (2128s)
  [passA] 263000/2150924 tos=0 (2129s)
  [passA] 263500/2150924 tos=0 (2129s)
  [passA] 264000/2150924 tos=0 (2129s)
  [passA] 264500/2150924 tos=0 (2129s)
  [passA] 265000/2150924 tos=0 (2129s)
  [passA] 265500/2150924 tos=0 (2129s)
  [passA] 266000/2150924 tos=0 (2130s)
  [passA] 266500/2150924 tos=0 (2130s)
  [passA] 267000/2150924 tos=0 (2130s)
  [passA] 267500/2150924 tos=0 (2130s)
  [passA] 268000/2150924 tos=0 (2130s)
  [passA] 268500/2150924 tos=0 (2131s)
  [passA] 269000/2150924 tos=0 (2131s)
  [passA] 269500/2150924 tos=0 (2132s)
  [passA] 270000/2150924 tos=0 (2132s)
  [passA] 270500/2150924 tos=0 (2132s)
  [passA] 271000/2150924 tos=0 (2132s)
  [passA] 271500/2150924 tos=0 (2132s)
  [passA] 272000/2150924 tos=0 (2132s)
  [passA] 272500/2150924 tos=0 (2132s)
  [passA] 273000/2150924 tos=0 (2133s)
  [passA] 273500/2150924 tos=0 (2133s)
  [passA] 274000/2150924 tos=0 (2133s)
  [passA] 274500/2150924 tos=0 (2133s)
  [passA] 275000/2150924 tos=0 (2134s)
  [passA] 275500/2150924 tos=0 (2134s)
  [passA] 276000/2150924 tos=0 (2134s)
  [passA] 276500/2150924 tos=0 (2134s)
  [passA] 277000/2150924 tos=0 (2134s)
  [passA] 277500/2150924 tos=0 (2134s)
  [passA] 278000/2150924 tos=0 (2135s)
  [passA] 278500/2150924 tos=0 (2135s)
  [passA] 279000/2150924 tos=0 (2136s)
  [passA] 279500/2150924 tos=0 (2136s)
  [passA] 280000/2150924 tos=0 (2136s)
  [passA] 280500/2150924 tos=0 (2136s)
  [passA] 281000/2150924 tos=0 (2136s)
  [passA] 281500/2150924 tos=0 (2136s)
  [passA] 282000/2150924 tos=0 (2137s)
  [passA] 282500/2150924 tos=0 (2137s)
  [passA] 283000/2150924 tos=0 (2137s)
  [passA] 283500/2150924 tos=0 (2137s)
  [passA] 284000/2150924 tos=0 (2137s)
  [passA] 284500/2150924 tos=0 (2137s)
  [passA] 285000/2150924 tos=0 (2138s)
  [passA] 285500/2150924 tos=0 (2138s)
  [passA] 286000/2150924 tos=0 (2138s)
  [passA] 286500/2150924 tos=0 (2138s)
  [passA] 287000/2150924 tos=0 (2138s)
  [passA] 287500/2150924 tos=0 (2139s)
  [passA] 288000/2150924 tos=0 (2139s)
  [passA] 288500/2150924 tos=0 (2139s)
  [passA] 289000/2150924 tos=0 (2139s)
  [passA] 289500/2150924 tos=0 (2140s)
  [passA] 290000/2150924 tos=0 (2140s)
  [passA] 290500/2150924 tos=0 (2140s)
  [passA] 291000/2150924 tos=0 (2141s)
  [passA] 291500/2150924 tos=0 (2141s)
  [passA] 292000/2150924 tos=0 (2141s)
  [passA] 292500/2150924 tos=0 (2141s)
  [passA] 293000/2150924 tos=0 (2141s)
  [passA] 293500/2150924 tos=0 (2141s)
  [passA] 294000/2150924 tos=0 (2141s)
  [passA] 294500/2150924 tos=0 (2142s)
  [passA] 295000/2150924 tos=0 (2142s)
  [passA] 295500/2150924 tos=0 (2142s)
  [passA] 296000/2150924 tos=0 (2142s)
  [passA] 296500/2150924 tos=0 (2142s)
  [passA] 297000/2150924 tos=0 (2142s)
  [passA] 297500/2150924 tos=0 (2142s)
  [passA] 298000/2150924 tos=0 (2143s)
  [passA] 298500/2150924 tos=0 (2143s)
  [passA] 299000/2150924 tos=0 (2143s)
  [passA] 299500/2150924 tos=0 (2143s)
  [passA] 300000/2150924 tos=0 (2144s)
  [passA] 300500/2150924 tos=0 (2144s)
  [passA] 301000/2150924 tos=0 (2144s)
  [passA] 301500/2150924 tos=0 (2144s)
  [passA] 302000/2150924 tos=0 (2144s)
  [passA] 302500/2150924 tos=0 (2144s)
  [passA] 303000/2150924 tos=0 (2144s)
  [passA] 303500/2150924 tos=0 (2144s)
  [passA] 304000/2150924 tos=0 (2145s)
  [passA] 304500/2150924 tos=0 (2145s)
  [passA] 305000/2150924 tos=0 (2145s)
  [passA] 305500/2150924 tos=0 (2145s)
  [passA] 306000/2150924 tos=0 (2145s)
  [passA] 306500/2150924 tos=0 (2145s)
  [passA] 307000/2150924 tos=0 (2146s)
  [passA] 307500/2150924 tos=0 (2146s)
  [passA] 308000/2150924 tos=0 (2146s)
  [passA] 308500/2150924 tos=0 (2146s)
  [passA] 309000/2150924 tos=0 (2146s)
  [passA] 309500/2150924 tos=0 (2147s)
  [passA] 310000/2150924 tos=0 (2147s)
  [passA] 310500/2150924 tos=0 (2147s)
  [passA] 311000/2150924 tos=0 (2147s)
  [passA] 311500/2150924 tos=0 (2147s)
  [passA] 312000/2150924 tos=0 (2147s)
  [passA] 312500/2150924 tos=0 (2147s)
  [passA] 313000/2150924 tos=0 (2148s)
  [passA] 313500/2150924 tos=0 (2148s)
  [passA] 314000/2150924 tos=0 (2148s)
  [passA] 314500/2150924 tos=0 (2148s)
  [passA] 315000/2150924 tos=0 (2148s)
  [passA] 315500/2150924 tos=0 (2148s)
  [passA] 316000/2150924 tos=0 (2149s)
  [passA] 316500/2150924 tos=0 (2149s)
  [passA] 317000/2150924 tos=0 (2149s)
  [passA] 317500/2150924 tos=0 (2149s)
  [passA] 318000/2150924 tos=0 (2149s)
  [passA] 318500/2150924 tos=0 (2149s)
  [passA] 319000/2150924 tos=0 (2149s)
  [passA] 319500/2150924 tos=0 (2150s)
  [passA] 320000/2150924 tos=0 (2150s)
  [passA] 320500/2150924 tos=0 (2150s)
  [passA] 321000/2150924 tos=0 (2150s)
  [passA] 321500/2150924 tos=0 (2151s)
  [passA] 322000/2150924 tos=0 (2151s)
  [passA] 322500/2150924 tos=0 (2151s)
  [passA] 323000/2150924 tos=0 (2151s)
  [passA] 323500/2150924 tos=0 (2151s)
  [passA] 324000/2150924 tos=0 (2151s)
  [passA] 324500/2150924 tos=0 (2151s)
  [passA] 325000/2150924 tos=0 (2152s)
  [passA] 325500/2150924 tos=0 (2152s)
  [passA] 326000/2150924 tos=0 (2152s)
  [passA] 326500/2150924 tos=0 (2152s)
  [passA] 327000/2150924 tos=0 (2152s)
  [passA] 327500/2150924 tos=0 (2152s)
  [passA] 328000/2150924 tos=0 (2152s)
  [passA] 328500/2150924 tos=0 (2153s)
  [passA] 329000/2150924 tos=0 (2153s)
  [passA] 329500/2150924 tos=0 (2153s)
  [passA] 330000/2150924 tos=0 (2153s)
  [passA] 330500/2150924 tos=0 (2153s)
  [passA] 331000/2150924 tos=0 (2153s)
  [passA] 331500/2150924 tos=0 (2153s)
  [passA] 332000/2150924 tos=0 (2153s)
  [passA] 332500/2150924 tos=0 (2153s)
  [passA] 333000/2150924 tos=0 (2154s)
  [passA] 333500/2150924 tos=0 (2154s)
  [passA] 334000/2150924 tos=0 (2154s)
  [passA] 334500/2150924 tos=0 (2154s)
  [passA] 335000/2150924 tos=0 (2154s)
  [passA] 335500/2150924 tos=0 (2154s)
  [passA] 336000/2150924 tos=0 (2154s)
  [passA] 336500/2150924 tos=0 (2155s)
  [passA] 337000/2150924 tos=0 (2155s)
  [passA] 337500/2150924 tos=0 (2155s)
  [passA] 338000/2150924 tos=0 (2155s)
  [passA] 338500/2150924 tos=0 (2155s)
  [passA] 339000/2150924 tos=0 (2155s)
  [passA] 339500/2150924 tos=0 (2155s)
  [passA] 340000/2150924 tos=0 (2155s)
  [passA] 340500/2150924 tos=0 (2156s)
  [passA] 341000/2150924 tos=0 (2156s)
  [passA] 341500/2150924 tos=0 (2156s)
  [passA] 342000/2150924 tos=0 (2156s)
  [passA] 342500/2150924 tos=0 (2156s)
  [passA] 343000/2150924 tos=0 (2156s)
  [passA] 343500/2150924 tos=0 (2156s)
  [passA] 344000/2150924 tos=0 (2156s)
  [passA] 344500/2150924 tos=0 (2157s)
  [passA] 345000/2150924 tos=0 (2157s)
  [passA] 345500/2150924 tos=0 (2157s)
  [passA] 346000/2150924 tos=0 (2157s)
  [passA] 346500/2150924 tos=0 (2157s)
  [passA] 347000/2150924 tos=0 (2157s)
  [passA] 347500/2150924 tos=0 (2157s)
  [passA] 348000/2150924 tos=0 (2158s)
  [passA] 348500/2150924 tos=0 (2158s)
  [passA] 349000/2150924 tos=0 (2158s)
  [passA] 349500/2150924 tos=0 (2158s)
  [passA] 350000/2150924 tos=0 (2158s)
  [passA] 350500/2150924 tos=0 (2158s)
  [passA] 351000/2150924 tos=0 (2159s)
  [passA] 351500/2150924 tos=0 (2159s)
  [passA] 352000/2150924 tos=0 (2159s)
  [passA] 352500/2150924 tos=0 (2159s)
  [passA] 353000/2150924 tos=0 (2159s)
  [passA] 353500/2150924 tos=0 (2159s)
  [passA] 354000/2150924 tos=0 (2159s)
  [passA] 354500/2150924 tos=0 (2159s)
  [passA] 355000/2150924 tos=0 (2159s)
  [passA] 355500/2150924 tos=0 (2160s)
  [passA] 356000/2150924 tos=0 (2160s)
  [passA] 356500/2150924 tos=0 (2160s)
  [passA] 357000/2150924 tos=0 (2160s)
  [passA] 357500/2150924 tos=0 (2160s)
  [passA] 358000/2150924 tos=0 (2160s)
  [passA] 358500/2150924 tos=0 (2160s)
  [passA] 359000/2150924 tos=0 (2161s)
  [passA] 359500/2150924 tos=0 (2161s)
  [passA] 360000/2150924 tos=0 (2161s)
  [passA] 360500/2150924 tos=0 (2161s)
  [passA] 361000/2150924 tos=0 (2161s)
  [passA] 361500/2150924 tos=0 (2161s)
  [passA] 362000/2150924 tos=0 (2161s)
  [passA] 362500/2150924 tos=0 (2161s)
  [passA] 363000/2150924 tos=0 (2162s)
  [passA] 363500/2150924 tos=0 (2162s)
  [passA] 364000/2150924 tos=0 (2162s)
  [passA] 364500/2150924 tos=0 (2162s)
  [passA] 365000/2150924 tos=0 (2162s)
  [passA] 365500/2150924 tos=0 (2162s)
  [passA] 366000/2150924 tos=0 (2162s)
  [passA] 366500/2150924 tos=0 (2162s)
  [passA] 367000/2150924 tos=0 (2162s)
  [passA] 367500/2150924 tos=0 (2163s)
  [passA] 368000/2150924 tos=0 (2163s)
  [passA] 368500/2150924 tos=0 (2163s)
  [passA] 369000/2150924 tos=0 (2163s)
  [passA] 369500/2150924 tos=0 (2163s)
  [passA] 370000/2150924 tos=0 (2163s)
  [passA] 370500/2150924 tos=0 (2163s)
  [passA] 371000/2150924 tos=0 (2164s)
  [passA] 371500/2150924 tos=0 (2164s)
  [passA] 372000/2150924 tos=0 (2164s)
  [passA] 372500/2150924 tos=0 (2164s)
  [passA] 373000/2150924 tos=0 (2164s)
  [passA] 373500/2150924 tos=0 (2164s)
  [passA] 374000/2150924 tos=0 (2164s)
  [passA] 374500/2150924 tos=0 (2164s)
  [passA] 375000/2150924 tos=0 (2164s)
  [passA] 375500/2150924 tos=0 (2165s)
  [passA] 376000/2150924 tos=0 (2165s)
  [passA] 376500/2150924 tos=0 (2165s)
  [passA] 377000/2150924 tos=0 (2165s)
  [passA] 377500/2150924 tos=0 (2165s)
  [passA] 378000/2150924 tos=0 (2165s)
  [passA] 378500/2150924 tos=0 (2165s)
  [passA] 379000/2150924 tos=0 (2165s)
  [passA] 379500/2150924 tos=0 (2165s)
  [passA] 380000/2150924 tos=0 (2166s)
  [passA] 380500/2150924 tos=0 (2166s)
  [passA] 381000/2150924 tos=0 (2166s)
  [passA] 381500/2150924 tos=0 (2166s)
  [passA] 382000/2150924 tos=0 (2166s)
  [passA] 382500/2150924 tos=0 (2166s)
  [passA] 383000/2150924 tos=0 (2166s)
  [passA] 383500/2150924 tos=0 (2166s)
  [passA] 384000/2150924 tos=0 (2167s)
  [passA] 384500/2150924 tos=0 (2167s)
  [passA] 385000/2150924 tos=0 (2167s)
  [passA] 385500/2150924 tos=0 (2167s)
  [passA] 386000/2150924 tos=0 (2167s)
  [passA] 386500/2150924 tos=0 (2167s)
  [passA] 387000/2150924 tos=0 (2167s)
  [passA] 387500/2150924 tos=0 (2167s)
  [passA] 388000/2150924 tos=0 (2167s)
  [passA] 388500/2150924 tos=0 (2167s)
  [passA] 389000/2150924 tos=0 (2168s)
  [passA] 389500/2150924 tos=0 (2168s)
  [passA] 390000/2150924 tos=0 (2168s)
  [passA] 390500/2150924 tos=0 (2168s)
  [passA] 391000/2150924 tos=0 (2168s)
  [passA] 391500/2150924 tos=0 (2168s)
  [passA] 392000/2150924 tos=0 (2168s)
  [passA] 392500/2150924 tos=0 (2168s)
  [passA] 393000/2150924 tos=0 (2169s)
  [passA] 393500/2150924 tos=0 (2169s)
  [passA] 394000/2150924 tos=0 (2169s)
  [passA] 394500/2150924 tos=0 (2169s)
  [passA] 395000/2150924 tos=0 (2169s)
  [passA] 395500/2150924 tos=0 (2169s)
  [passA] 396000/2150924 tos=0 (2169s)
  [passA] 396500/2150924 tos=0 (2169s)
  [passA] 397000/2150924 tos=0 (2169s)
  [passA] 397500/2150924 tos=0 (2169s)
  [passA] 398000/2150924 tos=0 (2170s)
  [passA] 398500/2150924 tos=0 (2170s)
  [passA] 399000/2150924 tos=0 (2170s)
  [passA] 399500/2150924 tos=0 (2170s)
  [passA] 400000/2150924 tos=0 (2170s)
  [passA] 400500/2150924 tos=0 (2170s)
  [passA] 401000/2150924 tos=0 (2170s)
  [passA] 401500/2150924 tos=0 (2170s)
  [passA] 402000/2150924 tos=0 (2170s)
  [passA] 402500/2150924 tos=0 (2170s)
  [passA] 403000/2150924 tos=0 (2171s)
  [passA] 403500/2150924 tos=0 (2171s)
  [passA] 404000/2150924 tos=0 (2171s)
  [passA] 404500/2150924 tos=0 (2171s)
  [passA] 405000/2150924 tos=0 (2171s)
  [passA] 405500/2150924 tos=0 (2171s)
  [passA] 406000/2150924 tos=0 (2171s)
  [passA] 406500/2150924 tos=0 (2171s)
  [passA] 407000/2150924 tos=0 (2171s)
  [passA] 407500/2150924 tos=0 (2171s)
  [passA] 408000/2150924 tos=0 (2172s)
  [passA] 408500/2150924 tos=0 (2172s)
  [passA] 409000/2150924 tos=0 (2172s)
  [passA] 409500/2150924 tos=0 (2172s)
  [passA] 410000/2150924 tos=0 (2172s)
  [passA] 410500/2150924 tos=0 (2172s)
  [passA] 411000/2150924 tos=0 (2172s)
  [passA] 411500/2150924 tos=0 (2172s)
  [passA] 412000/2150924 tos=0 (2172s)
  [passA] 412500/2150924 tos=0 (2172s)
  [passA] 413000/2150924 tos=0 (2172s)
  [passA] 413500/2150924 tos=0 (2173s)
  [passA] 414000/2150924 tos=0 (2173s)
  [passA] 414500/2150924 tos=0 (2173s)
  [passA] 415000/2150924 tos=0 (2173s)
  [passA] 415500/2150924 tos=0 (2173s)
  [passA] 416000/2150924 tos=0 (2173s)
  [passA] 416500/2150924 tos=0 (2173s)
  [passA] 417000/2150924 tos=0 (2173s)
  [passA] 417500/2150924 tos=0 (2173s)
  [passA] 418000/2150924 tos=0 (2174s)
  [passA] 418500/2150924 tos=0 (2174s)
  [passA] 419000/2150924 tos=0 (2174s)
  [passA] 419500/2150924 tos=0 (2174s)
  [passA] 420000/2150924 tos=0 (2174s)
  [passA] 420500/2150924 tos=0 (2174s)
  [passA] 421000/2150924 tos=0 (2174s)
  [passA] 421500/2150924 tos=0 (2174s)
  [passA] 422000/2150924 tos=0 (2175s)
  [passA] 422500/2150924 tos=0 (2175s)
  [passA] 423000/2150924 tos=0 (2175s)
  [passA] 423500/2150924 tos=0 (2175s)
  [passA] 424000/2150924 tos=0 (2175s)
  [passA] 424500/2150924 tos=0 (2175s)
  [passA] 425000/2150924 tos=0 (2175s)
  [passA] 425500/2150924 tos=0 (2175s)
  [passA] 426000/2150924 tos=0 (2175s)
  [passA] 426500/2150924 tos=0 (2175s)
  [passA] 427000/2150924 tos=0 (2175s)
  [passA] 427500/2150924 tos=0 (2175s)
  [passA] 428000/2150924 tos=0 (2175s)
  [passA] 428500/2150924 tos=0 (2176s)
  [passA] 429000/2150924 tos=0 (2176s)
  [passA] 429500/2150924 tos=0 (2176s)
  [passA] 430000/2150924 tos=0 (2176s)
  [passA] 430500/2150924 tos=0 (2176s)
  [passA] 431000/2150924 tos=0 (2176s)
  [passA] 431500/2150924 tos=0 (2176s)
  [passA] 432000/2150924 tos=0 (2176s)
  [passA] 432500/2150924 tos=0 (2176s)
  [passA] 433000/2150924 tos=0 (2176s)
  [passA] 433500/2150924 tos=0 (2176s)
  [passA] 434000/2150924 tos=0 (2177s)
  [passA] 434500/2150924 tos=0 (2177s)
  [passA] 435000/2150924 tos=0 (2177s)
  [passA] 435500/2150924 tos=0 (2177s)
  [passA] 436000/2150924 tos=0 (2177s)
  [passA] 436500/2150924 tos=0 (2177s)
  [passA] 437000/2150924 tos=0 (2177s)
  [passA] 437500/2150924 tos=0 (2177s)
  [passA] 438000/2150924 tos=0 (2177s)
  [passA] 438500/2150924 tos=0 (2177s)
  [passA] 439000/2150924 tos=0 (2177s)
  [passA] 439500/2150924 tos=0 (2177s)
  [passA] 440000/2150924 tos=0 (2177s)
  [passA] 440500/2150924 tos=0 (2177s)
  [passA] 441000/2150924 tos=0 (2178s)
  [passA] 441500/2150924 tos=0 (2178s)
  [passA] 442000/2150924 tos=0 (2178s)
  [passA] 442500/2150924 tos=0 (2178s)
  [passA] 443000/2150924 tos=0 (2178s)
  [passA] 443500/2150924 tos=0 (2178s)
  [passA] 444000/2150924 tos=0 (2178s)
  [passA] 444500/2150924 tos=0 (2178s)
  [passA] 445000/2150924 tos=0 (2178s)
  [passA] 445500/2150924 tos=0 (2178s)
  [passA] 446000/2150924 tos=0 (2178s)
  [passA] 446500/2150924 tos=0 (2179s)
  [passA] 447000/2150924 tos=0 (2179s)
  [passA] 447500/2150924 tos=0 (2179s)
  [passA] 448000/2150924 tos=0 (2179s)
  [passA] 448500/2150924 tos=0 (2179s)
  [passA] 449000/2150924 tos=0 (2179s)
  [passA] 449500/2150924 tos=0 (2179s)
  [passA] 450000/2150924 tos=0 (2179s)
  [passA] 450500/2150924 tos=0 (2179s)
  [passA] 451000/2150924 tos=0 (2179s)
  [passA] 451500/2150924 tos=0 (2179s)
  [passA] 452000/2150924 tos=0 (2180s)
  [passA] 452500/2150924 tos=0 (2180s)
  [passA] 453000/2150924 tos=0 (2180s)
  [passA] 453500/2150924 tos=0 (2180s)
  [passA] 454000/2150924 tos=0 (2180s)
  [passA] 454500/2150924 tos=0 (2180s)
  [passA] 455000/2150924 tos=0 (2180s)
  [passA] 455500/2150924 tos=0 (2180s)
  [passA] 456000/2150924 tos=0 (2180s)
  [passA] 456500/2150924 tos=0 (2180s)
  [passA] 457000/2150924 tos=0 (2180s)
  [passA] 457500/2150924 tos=0 (2180s)
  [passA] 458000/2150924 tos=0 (2181s)
  [passA] 458500/2150924 tos=0 (2181s)
  [passA] 459000/2150924 tos=0 (2181s)
  [passA] 459500/2150924 tos=0 (2181s)
  [passA] 460000/2150924 tos=0 (2181s)
  [passA] 460500/2150924 tos=0 (2181s)
  [passA] 461000/2150924 tos=0 (2181s)
  [passA] 461500/2150924 tos=0 (2181s)
  [passA] 462000/2150924 tos=0 (2181s)
  [passA] 462500/2150924 tos=0 (2181s)
  [passA] 463000/2150924 tos=0 (2181s)
  [passA] 463500/2150924 tos=0 (2181s)
  [passA] 464000/2150924 tos=0 (2182s)
  [passA] 464500/2150924 tos=0 (2182s)
  [passA] 465000/2150924 tos=0 (2182s)
  [passA] 465500/2150924 tos=0 (2182s)
  [passA] 466000/2150924 tos=0 (2182s)
  [passA] 466500/2150924 tos=0 (2182s)
  [passA] 467000/2150924 tos=0 (2182s)
  [passA] 467500/2150924 tos=0 (2182s)
  [passA] 468000/2150924 tos=0 (2182s)
  [passA] 468500/2150924 tos=0 (2182s)
  [passA] 469000/2150924 tos=0 (2182s)
  [passA] 469500/2150924 tos=0 (2182s)
  [passA] 470000/2150924 tos=0 (2182s)
  [passA] 470500/2150924 tos=0 (2182s)
  [passA] 471000/2150924 tos=0 (2183s)
  [passA] 471500/2150924 tos=0 (2183s)
  [passA] 472000/2150924 tos=0 (2183s)
  [passA] 472500/2150924 tos=0 (2183s)
  [passA] 473000/2150924 tos=0 (2183s)
  [passA] 473500/2150924 tos=0 (2183s)
  [passA] 474000/2150924 tos=0 (2183s)
  [passA] 474500/2150924 tos=0 (2183s)
  [passA] 475000/2150924 tos=0 (2183s)
  [passA] 475500/2150924 tos=0 (2183s)
  [passA] 476000/2150924 tos=0 (2183s)
  [passA] 476500/2150924 tos=0 (2183s)
  [passA] 477000/2150924 tos=0 (2184s)
  [passA] 477500/2150924 tos=0 (2184s)
  [passA] 478000/2150924 tos=0 (2184s)
  [passA] 478500/2150924 tos=0 (2184s)
  [passA] 479000/2150924 tos=0 (2184s)
  [passA] 479500/2150924 tos=0 (2184s)
  [passA] 480000/2150924 tos=0 (2184s)
  [passA] 480500/2150924 tos=0 (2184s)
  [passA] 481000/2150924 tos=0 (2184s)
  [passA] 481500/2150924 tos=0 (2184s)
  [passA] 482000/2150924 tos=0 (2184s)
  [passA] 482500/2150924 tos=0 (2184s)
  [passA] 483000/2150924 tos=0 (2184s)
  [passA] 483500/2150924 tos=0 (2184s)
  [passA] 484000/2150924 tos=0 (2185s)
  [passA] 484500/2150924 tos=0 (2185s)
  [passA] 485000/2150924 tos=0 (2185s)
  [passA] 485500/2150924 tos=0 (2185s)
  [passA] 486000/2150924 tos=0 (2185s)
  [passA] 486500/2150924 tos=0 (2185s)
  [passA] 487000/2150924 tos=0 (2185s)
  [passA] 487500/2150924 tos=0 (2185s)
  [passA] 488000/2150924 tos=0 (2185s)
  [passA] 488500/2150924 tos=0 (2185s)
  [passA] 489000/2150924 tos=0 (2185s)
  [passA] 489500/2150924 tos=0 (2185s)
  [passA] 490000/2150924 tos=0 (2185s)
  [passA] 490500/2150924 tos=0 (2185s)
  [passA] 491000/2150924 tos=0 (2185s)
  [passA] 491500/2150924 tos=0 (2185s)
  [passA] 492000/2150924 tos=0 (2186s)
  [passA] 492500/2150924 tos=0 (2186s)
  [passA] 493000/2150924 tos=0 (2186s)
  [passA] 493500/2150924 tos=0 (2186s)
  [passA] 494000/2150924 tos=0 (2186s)
  [passA] 494500/2150924 tos=0 (2186s)
  [passA] 495000/2150924 tos=0 (2186s)
  [passA] 495500/2150924 tos=0 (2186s)
  [passA] 496000/2150924 tos=0 (2186s)
  [passA] 496500/2150924 tos=0 (2186s)
  [passA] 497000/2150924 tos=0 (2186s)
  [passA] 497500/2150924 tos=0 (2186s)
  [passA] 498000/2150924 tos=0 (2186s)
  [passA] 498500/2150924 tos=0 (2187s)
  [passA] 499000/2150924 tos=0 (2187s)
  [passA] 499500/2150924 tos=0 (2187s)
  [passA] 500000/2150924 tos=0 (2187s)
  [passA] 500500/2150924 tos=0 (2187s)
  [passA] 501000/2150924 tos=0 (2187s)
  [passA] 501500/2150924 tos=0 (2187s)
  [passA] 502000/2150924 tos=0 (2187s)
  [passA] 502500/2150924 tos=0 (2187s)
  [passA] 503000/2150924 tos=0 (2187s)
  [passA] 503500/2150924 tos=0 (2187s)
  [passA] 504000/2150924 tos=0 (2187s)
  [passA] 504500/2150924 tos=0 (2187s)
  [passA] 505000/2150924 tos=0 (2187s)
  [passA] 505500/2150924 tos=0 (2188s)
  [passA] 506000/2150924 tos=0 (2188s)
  [passA] 506500/2150924 tos=0 (2188s)
  [passA] 507000/2150924 tos=0 (2188s)
  [passA] 507500/2150924 tos=0 (2188s)
  [passA] 508000/2150924 tos=0 (2188s)
  [passA] 508500/2150924 tos=0 (2188s)
  [passA] 509000/2150924 tos=0 (2188s)
  [passA] 509500/2150924 tos=0 (2188s)
  [passA] 510000/2150924 tos=0 (2188s)
  [passA] 510500/2150924 tos=0 (2188s)
  [passA] 511000/2150924 tos=0 (2188s)
  [passA] 511500/2150924 tos=0 (2188s)
  [passA] 512000/2150924 tos=0 (2188s)
  [passA] 512500/2150924 tos=0 (2188s)
  [passA] 513000/2150924 tos=0 (2188s)
  [passA] 513500/2150924 tos=0 (2188s)
  [passA] 514000/2150924 tos=0 (2189s)
  [passA] 514500/2150924 tos=0 (2189s)
  [passA] 515000/2150924 tos=0 (2189s)
  [passA] 515500/2150924 tos=0 (2189s)
  [passA] 516000/2150924 tos=0 (2189s)
  [passA] 516500/2150924 tos=0 (2189s)
  [passA] 517000/2150924 tos=0 (2189s)
  [passA] 517500/2150924 tos=0 (2189s)
  [passA] 518000/2150924 tos=0 (2189s)
  [passA] 518500/2150924 tos=0 (2189s)
  [passA] 519000/2150924 tos=0 (2189s)
  [passA] 519500/2150924 tos=0 (2189s)
  [passA] 520000/2150924 tos=0 (2189s)
  [passA] 520500/2150924 tos=0 (2190s)
  [passA] 521000/2150924 tos=0 (2190s)
  [passA] 521500/2150924 tos=0 (2190s)
  [passA] 522000/2150924 tos=0 (2190s)
  [passA] 522500/2150924 tos=0 (2190s)
  [passA] 523000/2150924 tos=0 (2190s)
  [passA] 523500/2150924 tos=0 (2190s)
  [passA] 524000/2150924 tos=0 (2190s)
  [passA] 524500/2150924 tos=0 (2190s)
  [passA] 525000/2150924 tos=0 (2190s)
  [passA] 525500/2150924 tos=0 (2190s)
  [passA] 526000/2150924 tos=0 (2190s)
  [passA] 526500/2150924 tos=0 (2190s)
  [passA] 527000/2150924 tos=0 (2190s)
  [passA] 527500/2150924 tos=0 (2190s)
  [passA] 528000/2150924 tos=0 (2190s)
  [passA] 528500/2150924 tos=0 (2191s)
  [passA] 529000/2150924 tos=0 (2191s)
  [passA] 529500/2150924 tos=0 (2191s)
  [passA] 530000/2150924 tos=0 (2191s)
  [passA] 530500/2150924 tos=0 (2191s)
  [passA] 531000/2150924 tos=0 (2191s)
  [passA] 531500/2150924 tos=0 (2191s)
  [passA] 532000/2150924 tos=0 (2191s)
  [passA] 532500/2150924 tos=0 (2191s)
  [passA] 533000/2150924 tos=0 (2191s)
  [passA] 533500/2150924 tos=0 (2191s)
  [passA] 534000/2150924 tos=0 (2191s)
  [passA] 534500/2150924 tos=0 (2191s)
  [passA] 535000/2150924 tos=0 (2191s)
  [passA] 535500/2150924 tos=0 (2191s)
  [passA] 536000/2150924 tos=0 (2191s)
  [passA] 536500/2150924 tos=0 (2191s)
  [passA] 537000/2150924 tos=0 (2191s)
  [passA] 537500/2150924 tos=0 (2192s)
  [passA] 538000/2150924 tos=0 (2192s)
  [passA] 538500/2150924 tos=0 (2192s)
  [passA] 539000/2150924 tos=0 (2192s)
  [passA] 539500/2150924 tos=0 (2192s)
  [passA] 540000/2150924 tos=0 (2192s)
  [passA] 540500/2150924 tos=0 (2192s)
  [passA] 541000/2150924 tos=0 (2192s)
  [passA] 541500/2150924 tos=0 (2192s)
  [passA] 542000/2150924 tos=0 (2192s)
  [passA] 542500/2150924 tos=0 (2192s)
  [passA] 543000/2150924 tos=0 (2192s)
  [passA] 543500/2150924 tos=0 (2192s)
  [passA] 544000/2150924 tos=0 (2192s)
  [passA] 544500/2150924 tos=0 (2192s)
  [passA] 545000/2150924 tos=0 (2192s)
  [passA] 545500/2150924 tos=0 (2192s)
  [passA] 546000/2150924 tos=0 (2192s)
  [passA] 546500/2150924 tos=0 (2193s)
  [passA] 547000/2150924 tos=0 (2193s)
  [passA] 547500/2150924 tos=0 (2193s)
  [passA] 548000/2150924 tos=0 (2193s)
  [passA] 548500/2150924 tos=0 (2193s)
  [passA] 549000/2150924 tos=0 (2193s)
  [passA] 549500/2150924 tos=0 (2193s)
  [passA] 550000/2150924 tos=0 (2193s)
  [passA] 550500/2150924 tos=0 (2193s)
  [passA] 551000/2150924 tos=0 (2193s)
  [passA] 551500/2150924 tos=0 (2193s)
  [passA] 552000/2150924 tos=0 (2193s)
  [passA] 552500/2150924 tos=0 (2193s)
  [passA] 553000/2150924 tos=0 (2193s)
  [passA] 553500/2150924 tos=0 (2194s)
  [passA] 554000/2150924 tos=0 (2194s)
  [passA] 554500/2150924 tos=0 (2194s)
  [passA] 555000/2150924 tos=0 (2194s)
  [passA] 555500/2150924 tos=0 (2194s)
  [passA] 556000/2150924 tos=0 (2194s)
  [passA] 556500/2150924 tos=0 (2194s)
  [passA] 557000/2150924 tos=0 (2194s)
  [passA] 557500/2150924 tos=0 (2194s)
  [passA] 558000/2150924 tos=0 (2194s)
  [passA] 558500/2150924 tos=0 (2194s)
  [passA] 559000/2150924 tos=0 (2194s)
  [passA] 559500/2150924 tos=0 (2194s)
  [passA] 560000/2150924 tos=0 (2194s)
  [passA] 560500/2150924 tos=0 (2194s)
  [passA] 561000/2150924 tos=0 (2194s)
  [passA] 561500/2150924 tos=0 (2194s)
  [passA] 562000/2150924 tos=0 (2194s)
  [passA] 562500/2150924 tos=0 (2194s)
  [passA] 563000/2150924 tos=0 (2194s)
  [passA] 563500/2150924 tos=0 (2195s)
  [passA] 564000/2150924 tos=0 (2195s)
  [passA] 564500/2150924 tos=0 (2195s)
  [passA] 565000/2150924 tos=0 (2195s)
  [passA] 565500/2150924 tos=0 (2195s)
  [passA] 566000/2150924 tos=0 (2195s)
  [passA] 566500/2150924 tos=0 (2195s)
  [passA] 567000/2150924 tos=0 (2195s)
  [passA] 567500/2150924 tos=0 (2195s)
  [passA] 568000/2150924 tos=0 (2195s)
  [passA] 568500/2150924 tos=0 (2195s)
  [passA] 569000/2150924 tos=0 (2195s)
  [passA] 569500/2150924 tos=0 (2195s)
  [passA] 570000/2150924 tos=0 (2195s)
  [passA] 570500/2150924 tos=0 (2195s)
  [passA] 571000/2150924 tos=0 (2195s)
  [passA] 571500/2150924 tos=0 (2195s)
  [passA] 572000/2150924 tos=0 (2196s)
  [passA] 572500/2150924 tos=0 (2196s)
  [passA] 573000/2150924 tos=0 (2196s)
  [passA] 573500/2150924 tos=0 (2196s)
  [passA] 574000/2150924 tos=0 (2196s)
  [passA] 574500/2150924 tos=0 (2196s)
  [passA] 575000/2150924 tos=0 (2196s)
  [passA] 575500/2150924 tos=0 (2196s)
  [passA] 576000/2150924 tos=0 (2196s)
  [passA] 576500/2150924 tos=0 (2196s)
  [passA] 577000/2150924 tos=0 (2196s)
  [passA] 577500/2150924 tos=0 (2196s)
  [passA] 578000/2150924 tos=0 (2196s)
  [passA] 578500/2150924 tos=0 (2196s)
  [passA] 579000/2150924 tos=0 (2196s)
  [passA] 579500/2150924 tos=0 (2196s)
  [passA] 580000/2150924 tos=0 (2196s)
  [passA] 580500/2150924 tos=0 (2196s)
  [passA] 581000/2150924 tos=0 (2196s)
  [passA] 581500/2150924 tos=0 (2196s)
  [passA] 582000/2150924 tos=0 (2197s)
  [passA] 582500/2150924 tos=0 (2197s)
  [passA] 583000/2150924 tos=0 (2197s)
  [passA] 583500/2150924 tos=0 (2197s)
  [passA] 584000/2150924 tos=0 (2197s)
  [passA] 584500/2150924 tos=0 (2197s)
  [passA] 585000/2150924 tos=0 (2197s)
  [passA] 585500/2150924 tos=0 (2197s)
  [passA] 586000/2150924 tos=0 (2197s)
  [passA] 586500/2150924 tos=0 (2197s)
  [passA] 587000/2150924 tos=0 (2197s)
  [passA] 587500/2150924 tos=0 (2197s)
  [passA] 588000/2150924 tos=0 (2197s)
  [passA] 588500/2150924 tos=0 (2197s)
  [passA] 589000/2150924 tos=0 (2197s)
  [passA] 589500/2150924 tos=0 (2197s)
  [passA] 590000/2150924 tos=0 (2197s)
  [passA] 590500/2150924 tos=0 (2197s)
  [passA] 591000/2150924 tos=0 (2197s)
  [passA] 591500/2150924 tos=0 (2197s)
  [passA] 592000/2150924 tos=0 (2197s)
  [passA] 592500/2150924 tos=0 (2198s)
  [passA] 593000/2150924 tos=0 (2198s)
  [passA] 593500/2150924 tos=0 (2198s)
  [passA] 594000/2150924 tos=0 (2198s)
  [passA] 594500/2150924 tos=0 (2198s)
  [passA] 595000/2150924 tos=0 (2198s)
  [passA] 595500/2150924 tos=0 (2198s)
  [passA] 596000/2150924 tos=0 (2198s)
  [passA] 596500/2150924 tos=0 (2198s)
  [passA] 597000/2150924 tos=0 (2198s)
  [passA] 597500/2150924 tos=0 (2198s)
  [passA] 598000/2150924 tos=0 (2198s)
  [passA] 598500/2150924 tos=0 (2198s)
  [passA] 599000/2150924 tos=0 (2198s)
  [passA] 599500/2150924 tos=0 (2198s)
  [passA] 600000/2150924 tos=0 (2198s)
  [passA] 600500/2150924 tos=0 (2199s)
  [passA] 601000/2150924 tos=0 (2199s)
  [passA] 601500/2150924 tos=0 (2199s)
  [passA] 602000/2150924 tos=0 (2199s)
  [passA] 602500/2150924 tos=0 (2199s)
  [passA] 603000/2150924 tos=0 (2199s)
  [passA] 603500/2150924 tos=0 (2199s)
  [passA] 604000/2150924 tos=0 (2199s)
  [passA] 604500/2150924 tos=0 (2199s)
  [passA] 605000/2150924 tos=0 (2199s)
  [passA] 605500/2150924 tos=0 (2199s)
  [passA] 606000/2150924 tos=0 (2199s)
  [passA] 606500/2150924 tos=0 (2199s)
  [passA] 607000/2150924 tos=0 (2199s)
  [passA] 607500/2150924 tos=0 (2199s)
  [passA] 608000/2150924 tos=0 (2199s)
  [passA] 608500/2150924 tos=0 (2199s)
  [passA] 609000/2150924 tos=0 (2199s)
  [passA] 609500/2150924 tos=0 (2199s)
  [passA] 610000/2150924 tos=0 (2199s)
  [passA] 610500/2150924 tos=0 (2199s)
  [passA] 611000/2150924 tos=0 (2199s)
  [passA] 611500/2150924 tos=0 (2200s)
  [passA] 612000/2150924 tos=0 (2200s)
  [passA] 612500/2150924 tos=0 (2200s)
  [passA] 613000/2150924 tos=0 (2200s)
  [passA] 613500/2150924 tos=0 (2200s)
  [passA] 614000/2150924 tos=0 (2200s)
  [passA] 614500/2150924 tos=0 (2200s)
  [passA] 615000/2150924 tos=0 (2200s)
  [passA] 615500/2150924 tos=0 (2200s)
  [passA] 616000/2150924 tos=0 (2200s)
  [passA] 616500/2150924 tos=0 (2200s)
  [passA] 617000/2150924 tos=0 (2200s)
  [passA] 617500/2150924 tos=0 (2200s)
  [passA] 618000/2150924 tos=0 (2200s)
  [passA] 618500/2150924 tos=0 (2200s)
  [passA] 619000/2150924 tos=0 (2200s)
  [passA] 619500/2150924 tos=0 (2200s)
  [passA] 620000/2150924 tos=0 (2200s)
  [passA] 620500/2150924 tos=0 (2200s)
  [passA] 621000/2150924 tos=0 (2201s)
  [passA] 621500/2150924 tos=0 (2201s)
  [passA] 622000/2150924 tos=0 (2201s)
  [passA] 622500/2150924 tos=0 (2201s)
  [passA] 623000/2150924 tos=0 (2201s)
  [passA] 623500/2150924 tos=0 (2201s)
  [passA] 624000/2150924 tos=0 (2201s)
  [passA] 624500/2150924 tos=0 (2201s)
  [passA] 625000/2150924 tos=0 (2201s)
  [passA] 625500/2150924 tos=0 (2201s)
  [passA] 626000/2150924 tos=0 (2201s)
  [passA] 626500/2150924 tos=0 (2201s)
  [passA] 627000/2150924 tos=0 (2201s)
  [passA] 627500/2150924 tos=0 (2201s)
  [passA] 628000/2150924 tos=0 (2201s)
  [passA] 628500/2150924 tos=0 (2201s)
  [passA] 629000/2150924 tos=0 (2201s)
  [passA] 629500/2150924 tos=0 (2201s)
  [passA] 630000/2150924 tos=0 (2201s)
  [passA] 630500/2150924 tos=0 (2201s)
  [passA] 631000/2150924 tos=0 (2201s)
  [passA] 631500/2150924 tos=0 (2202s)
  [passA] 632000/2150924 tos=0 (2202s)
  [passA] 632500/2150924 tos=0 (2202s)
  [passA] 633000/2150924 tos=0 (2202s)
  [passA] 633500/2150924 tos=0 (2202s)
  [passA] 634000/2150924 tos=0 (2202s)
  [passA] 634500/2150924 tos=0 (2202s)
  [passA] 635000/2150924 tos=0 (2202s)
  [passA] 635500/2150924 tos=0 (2202s)
  [passA] 636000/2150924 tos=0 (2202s)
  [passA] 636500/2150924 tos=0 (2202s)
  [passA] 637000/2150924 tos=0 (2202s)
  [passA] 637500/2150924 tos=0 (2202s)
  [passA] 638000/2150924 tos=0 (2202s)
  [passA] 638500/2150924 tos=0 (2202s)
  [passA] 639000/2150924 tos=0 (2202s)
  [passA] 639500/2150924 tos=0 (2202s)
  [passA] 640000/2150924 tos=0 (2202s)
  [passA] 640500/2150924 tos=0 (2202s)
  [passA] 641000/2150924 tos=0 (2202s)
  [passA] 641500/2150924 tos=0 (2202s)
  [passA] 642000/2150924 tos=0 (2202s)
  [passA] 642500/2150924 tos=0 (2202s)
  [passA] 643000/2150924 tos=0 (2203s)
  [passA] 643500/2150924 tos=0 (2203s)
  [passA] 644000/2150924 tos=0 (2203s)
  [passA] 644500/2150924 tos=0 (2203s)
  [passA] 645000/2150924 tos=0 (2203s)
  [passA] 645500/2150924 tos=0 (2203s)
  [passA] 646000/2150924 tos=0 (2203s)
  [passA] 646500/2150924 tos=0 (2203s)
  [passA] 647000/2150924 tos=0 (2203s)
  [passA] 647500/2150924 tos=0 (2203s)
  [passA] 648000/2150924 tos=0 (2203s)
  [passA] 648500/2150924 tos=0 (2203s)
  [passA] 649000/2150924 tos=0 (2203s)
  [passA] 649500/2150924 tos=0 (2203s)
  [passA] 650000/2150924 tos=0 (2203s)
  [passA] 650500/2150924 tos=0 (2203s)
  [passA] 651000/2150924 tos=0 (2203s)
  [passA] 651500/2150924 tos=0 (2203s)
  [passA] 652000/2150924 tos=0 (2203s)
  [passA] 652500/2150924 tos=0 (2203s)
  [passA] 653000/2150924 tos=0 (2204s)
  [passA] 653500/2150924 tos=0 (2204s)
  [passA] 654000/2150924 tos=0 (2204s)
  [passA] 654500/2150924 tos=0 (2204s)
  [passA] 655000/2150924 tos=0 (2204s)
  [passA] 655500/2150924 tos=0 (2204s)
  [passA] 656000/2150924 tos=0 (2204s)
  [passA] 656500/2150924 tos=0 (2204s)
  [passA] 657000/2150924 tos=0 (2204s)
  [passA] 657500/2150924 tos=0 (2204s)
  [passA] 658000/2150924 tos=0 (2204s)
  [passA] 658500/2150924 tos=0 (2204s)
  [passA] 659000/2150924 tos=0 (2204s)
  [passA] 659500/2150924 tos=0 (2204s)
  [passA] 660000/2150924 tos=0 (2204s)
  [passA] 660500/2150924 tos=0 (2204s)
  [passA] 661000/2150924 tos=0 (2204s)
  [passA] 661500/2150924 tos=0 (2204s)
  [passA] 662000/2150924 tos=0 (2204s)
  [passA] 662500/2150924 tos=0 (2204s)
  [passA] 663000/2150924 tos=0 (2204s)
  [passA] 663500/2150924 tos=0 (2204s)
  [passA] 664000/2150924 tos=0 (2204s)
  [passA] 664500/2150924 tos=0 (2204s)
  [passA] 665000/2150924 tos=0 (2205s)
  [passA] 665500/2150924 tos=0 (2205s)
  [passA] 666000/2150924 tos=0 (2205s)
  [passA] 666500/2150924 tos=0 (2205s)
  [passA] 667000/2150924 tos=0 (2205s)
  [passA] 667500/2150924 tos=0 (2205s)
  [passA] 668000/2150924 tos=0 (2205s)
  [passA] 668500/2150924 tos=0 (2205s)
  [passA] 669000/2150924 tos=0 (2205s)
  [passA] 669500/2150924 tos=0 (2205s)
  [passA] 670000/2150924 tos=0 (2205s)
  [passA] 670500/2150924 tos=0 (2205s)
  [passA] 671000/2150924 tos=0 (2205s)
  [passA] 671500/2150924 tos=0 (2205s)
  [passA] 672000/2150924 tos=0 (2205s)
  [passA] 672500/2150924 tos=0 (2205s)
  [passA] 673000/2150924 tos=0 (2205s)
  [passA] 673500/2150924 tos=0 (2205s)
  [passA] 674000/2150924 tos=0 (2205s)
  [passA] 674500/2150924 tos=0 (2205s)
  [passA] 675000/2150924 tos=0 (2206s)
  [passA] 675500/2150924 tos=0 (2206s)
  [passA] 676000/2150924 tos=0 (2206s)
  [passA] 676500/2150924 tos=0 (2206s)
  [passA] 677000/2150924 tos=0 (2206s)
  [passA] 677500/2150924 tos=0 (2206s)
  [passA] 678000/2150924 tos=0 (2206s)
  [passA] 678500/2150924 tos=0 (2206s)
  [passA] 679000/2150924 tos=0 (2206s)
  [passA] 679500/2150924 tos=0 (2206s)
  [passA] 680000/2150924 tos=0 (2206s)
  [passA] 680500/2150924 tos=0 (2206s)
  [passA] 681000/2150924 tos=0 (2206s)
  [passA] 681500/2150924 tos=0 (2206s)
  [passA] 682000/2150924 tos=0 (2206s)
  [passA] 682500/2150924 tos=0 (2206s)
  [passA] 683000/2150924 tos=0 (2206s)
  [passA] 683500/2150924 tos=0 (2206s)
  [passA] 684000/2150924 tos=0 (2206s)
  [passA] 684500/2150924 tos=0 (2206s)
  [passA] 685000/2150924 tos=0 (2206s)
  [passA] 685500/2150924 tos=0 (2206s)
  [passA] 686000/2150924 tos=0 (2206s)
  [passA] 686500/2150924 tos=0 (2206s)
  [passA] 687000/2150924 tos=0 (2207s)
  [passA] 687500/2150924 tos=0 (2207s)
  [passA] 688000/2150924 tos=0 (2207s)
  [passA] 688500/2150924 tos=0 (2207s)
  [passA] 689000/2150924 tos=0 (2207s)
  [passA] 689500/2150924 tos=0 (2207s)
  [passA] 690000/2150924 tos=0 (2207s)
  [passA] 690500/2150924 tos=0 (2207s)
  [passA] 691000/2150924 tos=0 (2207s)
  [passA] 691500/2150924 tos=0 (2207s)
  [passA] 692000/2150924 tos=0 (2207s)
  [passA] 692500/2150924 tos=0 (2207s)
  [passA] 693000/2150924 tos=0 (2207s)
  [passA] 693500/2150924 tos=0 (2207s)
  [passA] 694000/2150924 tos=0 (2207s)
  [passA] 694500/2150924 tos=0 (2207s)
  [passA] 695000/2150924 tos=0 (2207s)
  [passA] 695500/2150924 tos=0 (2207s)
  [passA] 696000/2150924 tos=0 (2207s)
  [passA] 696500/2150924 tos=0 (2207s)
  [passA] 697000/2150924 tos=0 (2207s)
  [passA] 697500/2150924 tos=0 (2207s)
  [passA] 698000/2150924 tos=0 (2207s)
  [passA] 698500/2150924 tos=0 (2207s)
  [passA] 699000/2150924 tos=0 (2207s)
  [passA] 699500/2150924 tos=0 (2207s)
  [passA] 700000/2150924 tos=0 (2207s)
  [passA] 700500/2150924 tos=0 (2208s)
  [passA] 701000/2150924 tos=0 (2208s)
  [passA] 701500/2150924 tos=0 (2208s)
  [passA] 702000/2150924 tos=0 (2208s)
  [passA] 702500/2150924 tos=0 (2208s)
  [passA] 703000/2150924 tos=0 (2208s)
  [passA] 703500/2150924 tos=0 (2208s)
  [passA] 704000/2150924 tos=0 (2208s)
  [passA] 704500/2150924 tos=0 (2208s)
  [passA] 705000/2150924 tos=0 (2208s)
  [passA] 705500/2150924 tos=0 (2208s)
  [passA] 706000/2150924 tos=0 (2208s)
  [passA] 706500/2150924 tos=0 (2208s)
  [passA] 707000/2150924 tos=0 (2208s)
  [passA] 707500/2150924 tos=0 (2208s)
  [passA] 708000/2150924 tos=0 (2208s)
  [passA] 708500/2150924 tos=0 (2208s)
  [passA] 709000/2150924 tos=0 (2208s)
  [passA] 709500/2150924 tos=0 (2208s)
  [passA] 710000/2150924 tos=0 (2208s)
  [passA] 710500/2150924 tos=0 (2208s)
  [passA] 711000/2150924 tos=0 (2208s)
  [passA] 711500/2150924 tos=0 (2208s)
  [passA] 712000/2150924 tos=0 (2208s)
  [passA] 712500/2150924 tos=0 (2208s)
  [passA] 713000/2150924 tos=0 (2208s)
  [passA] 713500/2150924 tos=0 (2208s)
  [passA] 714000/2150924 tos=0 (2209s)
  [passA] 714500/2150924 tos=0 (2209s)
  [passA] 715000/2150924 tos=0 (2209s)
  [passA] 715500/2150924 tos=0 (2209s)
  [passA] 716000/2150924 tos=0 (2209s)
  [passA] 716500/2150924 tos=0 (2209s)
  [passA] 717000/2150924 tos=0 (2209s)
  [passA] 717500/2150924 tos=0 (2209s)
  [passA] 718000/2150924 tos=0 (2209s)
  [passA] 718500/2150924 tos=0 (2209s)
  [passA] 719000/2150924 tos=0 (2209s)
  [passA] 719500/2150924 tos=0 (2209s)
  [passA] 720000/2150924 tos=0 (2209s)
  [passA] 720500/2150924 tos=0 (2209s)
  [passA] 721000/2150924 tos=0 (2209s)
  [passA] 721500/2150924 tos=0 (2209s)
  [passA] 722000/2150924 tos=0 (2209s)
  [passA] 722500/2150924 tos=0 (2209s)
  [passA] 723000/2150924 tos=0 (2209s)
  [passA] 723500/2150924 tos=0 (2209s)
  [passA] 724000/2150924 tos=0 (2209s)
  [passA] 724500/2150924 tos=0 (2209s)
  [passA] 725000/2150924 tos=0 (2209s)
  [passA] 725500/2150924 tos=0 (2209s)
  [passA] 726000/2150924 tos=0 (2209s)
  [passA] 726500/2150924 tos=0 (2210s)
  [passA] 727000/2150924 tos=0 (2210s)
  [passA] 727500/2150924 tos=0 (2210s)
  [passA] 728000/2150924 tos=0 (2210s)
  [passA] 728500/2150924 tos=0 (2210s)
  [passA] 729000/2150924 tos=0 (2210s)
  [passA] 729500/2150924 tos=0 (2210s)
  [passA] 730000/2150924 tos=0 (2210s)
  [passA] 730500/2150924 tos=0 (2210s)
  [passA] 731000/2150924 tos=0 (2210s)
  [passA] 731500/2150924 tos=0 (2210s)
  [passA] 732000/2150924 tos=0 (2210s)
  [passA] 732500/2150924 tos=0 (2210s)
  [passA] 733000/2150924 tos=0 (2210s)
  [passA] 733500/2150924 tos=0 (2210s)
  [passA] 734000/2150924 tos=0 (2210s)
  [passA] 734500/2150924 tos=0 (2210s)
  [passA] 735000/2150924 tos=0 (2210s)
  [passA] 735500/2150924 tos=0 (2210s)
  [passA] 736000/2150924 tos=0 (2210s)
  [passA] 736500/2150924 tos=0 (2210s)
  [passA] 737000/2150924 tos=0 (2210s)
  [passA] 737500/2150924 tos=0 (2210s)
  [passA] 738000/2150924 tos=0 (2210s)
  [passA] 738500/2150924 tos=0 (2210s)
  [passA] 739000/2150924 tos=0 (2210s)
  [passA] 739500/2150924 tos=0 (2210s)
  [passA] 740000/2150924 tos=0 (2210s)
  [passA] 740500/2150924 tos=0 (2211s)
  [passA] 741000/2150924 tos=0 (2211s)
  [passA] 741500/2150924 tos=0 (2211s)
  [passA] 742000/2150924 tos=0 (2211s)
  [passA] 742500/2150924 tos=0 (2211s)
  [passA] 743000/2150924 tos=0 (2211s)
  [passA] 743500/2150924 tos=0 (2211s)
  [passA] 744000/2150924 tos=0 (2211s)
  [passA] 744500/2150924 tos=0 (2211s)
  [passA] 745000/2150924 tos=0 (2211s)
  [passA] 745500/2150924 tos=0 (2211s)
  [passA] 746000/2150924 tos=0 (2211s)
  [passA] 746500/2150924 tos=0 (2211s)
  [passA] 747000/2150924 tos=0 (2211s)
  [passA] 747500/2150924 tos=0 (2211s)
  [passA] 748000/2150924 tos=0 (2211s)
  [passA] 748500/2150924 tos=0 (2211s)
  [passA] 749000/2150924 tos=0 (2211s)
  [passA] 749500/2150924 tos=0 (2211s)
  [passA] 750000/2150924 tos=0 (2211s)
  [passA] 750500/2150924 tos=0 (2211s)
  [passA] 751000/2150924 tos=0 (2211s)
  [passA] 751500/2150924 tos=0 (2211s)
  [passA] 752000/2150924 tos=0 (2211s)
  [passA] 752500/2150924 tos=0 (2211s)
  [passA] 753000/2150924 tos=0 (2211s)
  [passA] 753500/2150924 tos=0 (2211s)
  [passA] 754000/2150924 tos=0 (2211s)
  [passA] 754500/2150924 tos=0 (2212s)
  [passA] 755000/2150924 tos=0 (2212s)
  [passA] 755500/2150924 tos=0 (2212s)
  [passA] 756000/2150924 tos=0 (2212s)
  [passA] 756500/2150924 tos=0 (2212s)
  [passA] 757000/2150924 tos=0 (2212s)
  [passA] 757500/2150924 tos=0 (2212s)
  [passA] 758000/2150924 tos=0 (2212s)
  [passA] 758500/2150924 tos=0 (2212s)
  [passA] 759000/2150924 tos=0 (2212s)
  [passA] 759500/2150924 tos=0 (2212s)
  [passA] 760000/2150924 tos=0 (2212s)
  [passA] 760500/2150924 tos=0 (2212s)
  [passA] 761000/2150924 tos=0 (2212s)
  [passA] 761500/2150924 tos=0 (2212s)
  [passA] 762000/2150924 tos=0 (2212s)
  [passA] 762500/2150924 tos=0 (2212s)
  [passA] 763000/2150924 tos=0 (2212s)
  [passA] 763500/2150924 tos=0 (2212s)
  [passA] 764000/2150924 tos=0 (2212s)
  [passA] 764500/2150924 tos=0 (2212s)
  [passA] 765000/2150924 tos=0 (2212s)
  [passA] 765500/2150924 tos=0 (2212s)
  [passA] 766000/2150924 tos=0 (2212s)
  [passA] 766500/2150924 tos=0 (2212s)
  [passA] 767000/2150924 tos=0 (2212s)
  [passA] 767500/2150924 tos=0 (2212s)
  [passA] 768000/2150924 tos=0 (2212s)
  [passA] 768500/2150924 tos=0 (2212s)
  [passA] 769000/2150924 tos=0 (2212s)
  [passA] 769500/2150924 tos=0 (2212s)
  [passA] 770000/2150924 tos=0 (2212s)
  [passA] 770500/2150924 tos=0 (2213s)
  [passA] 771000/2150924 tos=0 (2213s)
  [passA] 771500/2150924 tos=0 (2213s)
  [passA] 772000/2150924 tos=0 (2213s)
  [passA] 772500/2150924 tos=0 (2213s)
  [passA] 773000/2150924 tos=0 (2213s)
  [passA] 773500/2150924 tos=0 (2213s)
  [passA] 774000/2150924 tos=0 (2213s)
  [passA] 774500/2150924 tos=0 (2213s)
  [passA] 775000/2150924 tos=0 (2213s)
  [passA] 775500/2150924 tos=0 (2213s)
  [passA] 776000/2150924 tos=0 (2213s)
  [passA] 776500/2150924 tos=0 (2213s)
  [passA] 777000/2150924 tos=0 (2213s)
  [passA] 777500/2150924 tos=0 (2213s)
  [passA] 778000/2150924 tos=0 (2213s)
  [passA] 778500/2150924 tos=0 (2213s)
  [passA] 779000/2150924 tos=0 (2213s)
  [passA] 779500/2150924 tos=0 (2213s)
  [passA] 780000/2150924 tos=0 (2213s)
  [passA] 780500/2150924 tos=0 (2213s)
  [passA] 781000/2150924 tos=0 (2213s)
  [passA] 781500/2150924 tos=0 (2213s)
  [passA] 782000/2150924 tos=0 (2213s)
  [passA] 782500/2150924 tos=0 (2213s)
  [passA] 783000/2150924 tos=0 (2213s)
  [passA] 783500/2150924 tos=0 (2213s)
  [passA] 784000/2150924 tos=0 (2213s)
  [passA] 784500/2150924 tos=0 (2214s)
  [passA] 785000/2150924 tos=0 (2214s)
  [passA] 785500/2150924 tos=0 (2214s)
  [passA] 786000/2150924 tos=0 (2214s)
  [passA] 786500/2150924 tos=0 (2214s)
  [passA] 787000/2150924 tos=0 (2214s)
  [passA] 787500/2150924 tos=0 (2214s)
  [passA] 788000/2150924 tos=0 (2214s)
  [passA] 788500/2150924 tos=0 (2214s)
  [passA] 789000/2150924 tos=0 (2214s)
  [passA] 789500/2150924 tos=0 (2214s)
  [passA] 790000/2150924 tos=0 (2214s)
  [passA] 790500/2150924 tos=0 (2214s)
  [passA] 791000/2150924 tos=0 (2214s)
  [passA] 791500/2150924 tos=0 (2214s)
  [passA] 792000/2150924 tos=0 (2214s)
  [passA] 792500/2150924 tos=0 (2214s)
  [passA] 793000/2150924 tos=0 (2214s)
  [passA] 793500/2150924 tos=0 (2214s)
  [passA] 794000/2150924 tos=0 (2214s)
  [passA] 794500/2150924 tos=0 (2214s)
  [passA] 795000/2150924 tos=0 (2214s)
  [passA] 795500/2150924 tos=0 (2214s)
  [passA] 796000/2150924 tos=0 (2214s)
  [passA] 796500/2150924 tos=0 (2214s)
  [passA] 797000/2150924 tos=0 (2214s)
  [passA] 797500/2150924 tos=0 (2214s)
  [passA] 798000/2150924 tos=0 (2214s)
  [passA] 798500/2150924 tos=0 (2214s)
  [passA] 799000/2150924 tos=0 (2214s)
  [passA] 799500/2150924 tos=0 (2215s)
  [passA] 800000/2150924 tos=0 (2215s)
  [passA] 800500/2150924 tos=0 (2215s)
  [passA] 801000/2150924 tos=0 (2215s)
  [passA] 801500/2150924 tos=0 (2215s)
  [passA] 802000/2150924 tos=0 (2215s)
  [passA] 802500/2150924 tos=0 (2215s)
  [passA] 803000/2150924 tos=0 (2215s)
  [passA] 803500/2150924 tos=0 (2215s)
  [passA] 804000/2150924 tos=0 (2215s)
  [passA] 804500/2150924 tos=0 (2215s)
  [passA] 805000/2150924 tos=0 (2215s)
  [passA] 805500/2150924 tos=0 (2215s)
  [passA] 806000/2150924 tos=0 (2215s)
  [passA] 806500/2150924 tos=0 (2215s)
  [passA] 807000/2150924 tos=0 (2215s)
  [passA] 807500/2150924 tos=0 (2215s)
  [passA] 808000/2150924 tos=0 (2215s)
  [passA] 808500/2150924 tos=0 (2215s)
  [passA] 809000/2150924 tos=0 (2215s)
  [passA] 809500/2150924 tos=0 (2215s)
  [passA] 810000/2150924 tos=0 (2215s)
  [passA] 810500/2150924 tos=0 (2215s)
  [passA] 811000/2150924 tos=0 (2215s)
  [passA] 811500/2150924 tos=0 (2215s)
  [passA] 812000/2150924 tos=0 (2215s)
  [passA] 812500/2150924 tos=0 (2215s)
  [passA] 813000/2150924 tos=0 (2215s)
  [passA] 813500/2150924 tos=0 (2215s)
  [passA] 814000/2150924 tos=0 (2215s)
  [passA] 814500/2150924 tos=0 (2215s)
  [passA] 815000/2150924 tos=0 (2215s)
  [passA] 815500/2150924 tos=0 (2215s)
  [passA] 816000/2150924 tos=0 (2216s)
  [passA] 816500/2150924 tos=0 (2216s)
  [passA] 817000/2150924 tos=0 (2216s)
  [passA] 817500/2150924 tos=0 (2216s)
  [passA] 818000/2150924 tos=0 (2216s)
  [passA] 818500/2150924 tos=0 (2216s)
  [passA] 819000/2150924 tos=0 (2216s)
  [passA] 819500/2150924 tos=0 (2216s)
  [passA] 820000/2150924 tos=0 (2216s)
  [passA] 820500/2150924 tos=0 (2216s)
  [passA] 821000/2150924 tos=0 (2216s)
  [passA] 821500/2150924 tos=0 (2216s)
  [passA] 822000/2150924 tos=0 (2216s)
  [passA] 822500/2150924 tos=0 (2216s)
  [passA] 823000/2150924 tos=0 (2216s)
  [passA] 823500/2150924 tos=0 (2216s)
  [passA] 824000/2150924 tos=0 (2216s)
  [passA] 824500/2150924 tos=0 (2216s)
  [passA] 825000/2150924 tos=0 (2216s)
  [passA] 825500/2150924 tos=0 (2216s)
  [passA] 826000/2150924 tos=0 (2216s)
  [passA] 826500/2150924 tos=0 (2216s)
  [passA] 827000/2150924 tos=0 (2216s)
  [passA] 827500/2150924 tos=0 (2216s)
  [passA] 828000/2150924 tos=0 (2216s)
  [passA] 828500/2150924 tos=0 (2216s)
  [passA] 829000/2150924 tos=0 (2216s)
  [passA] 829500/2150924 tos=0 (2216s)
  [passA] 830000/2150924 tos=0 (2216s)
  [passA] 830500/2150924 tos=0 (2216s)
  [passA] 831000/2150924 tos=0 (2216s)
  [passA] 831500/2150924 tos=0 (2216s)
  [passA] 832000/2150924 tos=0 (2216s)
  [passA] 832500/2150924 tos=0 (2217s)
  [passA] 833000/2150924 tos=0 (2217s)
  [passA] 833500/2150924 tos=0 (2217s)
  [passA] 834000/2150924 tos=0 (2217s)
  [passA] 834500/2150924 tos=0 (2217s)
  [passA] 835000/2150924 tos=0 (2217s)
  [passA] 835500/2150924 tos=0 (2217s)
  [passA] 836000/2150924 tos=0 (2217s)
  [passA] 836500/2150924 tos=0 (2217s)
  [passA] 837000/2150924 tos=0 (2217s)
  [passA] 837500/2150924 tos=0 (2217s)
  [passA] 838000/2150924 tos=0 (2217s)
  [passA] 838500/2150924 tos=0 (2217s)
  [passA] 839000/2150924 tos=0 (2217s)
  [passA] 839500/2150924 tos=0 (2217s)
  [passA] 840000/2150924 tos=0 (2217s)
  [passA] 840500/2150924 tos=0 (2217s)
  [passA] 841000/2150924 tos=0 (2217s)
  [passA] 841500/2150924 tos=0 (2217s)
  [passA] 842000/2150924 tos=0 (2217s)
  [passA] 842500/2150924 tos=0 (2217s)
  [passA] 843000/2150924 tos=0 (2217s)
  [passA] 843500/2150924 tos=0 (2217s)
  [passA] 844000/2150924 tos=0 (2217s)
  [passA] 844500/2150924 tos=0 (2217s)
  [passA] 845000/2150924 tos=0 (2217s)
  [passA] 845500/2150924 tos=0 (2217s)
  [passA] 846000/2150924 tos=0 (2217s)
  [passA] 846500/2150924 tos=0 (2217s)
  [passA] 847000/2150924 tos=0 (2217s)
  [passA] 847500/2150924 tos=0 (2217s)
  [passA] 848000/2150924 tos=0 (2217s)
  [passA] 848500/2150924 tos=0 (2217s)
  [passA] 849000/2150924 tos=0 (2218s)
  [passA] 849500/2150924 tos=0 (2218s)
  [passA] 850000/2150924 tos=0 (2218s)
  [passA] 850500/2150924 tos=0 (2218s)
  [passA] 851000/2150924 tos=0 (2218s)
  [passA] 851500/2150924 tos=0 (2218s)
  [passA] 852000/2150924 tos=0 (2218s)
  [passA] 852500/2150924 tos=0 (2218s)
  [passA] 853000/2150924 tos=0 (2218s)
  [passA] 853500/2150924 tos=0 (2218s)
  [passA] 854000/2150924 tos=0 (2218s)
  [passA] 854500/2150924 tos=0 (2218s)
  [passA] 855000/2150924 tos=0 (2218s)
  [passA] 855500/2150924 tos=0 (2218s)
  [passA] 856000/2150924 tos=0 (2218s)
  [passA] 856500/2150924 tos=0 (2218s)
  [passA] 857000/2150924 tos=0 (2218s)
  [passA] 857500/2150924 tos=0 (2218s)
  [passA] 858000/2150924 tos=0 (2218s)
  [passA] 858500/2150924 tos=0 (2218s)
  [passA] 859000/2150924 tos=0 (2218s)
  [passA] 859500/2150924 tos=0 (2218s)
  [passA] 860000/2150924 tos=0 (2218s)
  [passA] 860500/2150924 tos=0 (2218s)
  [passA] 861000/2150924 tos=0 (2218s)
  [passA] 861500/2150924 tos=0 (2218s)
  [passA] 862000/2150924 tos=0 (2218s)
  [passA] 862500/2150924 tos=0 (2218s)
  [passA] 863000/2150924 tos=0 (2218s)
  [passA] 863500/2150924 tos=0 (2218s)
  [passA] 864000/2150924 tos=0 (2218s)
  [passA] 864500/2150924 tos=0 (2218s)
  [passA] 865000/2150924 tos=0 (2218s)
  [passA] 865500/2150924 tos=0 (2218s)
  [passA] 866000/2150924 tos=0 (2218s)
  [passA] 866500/2150924 tos=0 (2218s)
  [passA] 867000/2150924 tos=0 (2219s)
  [passA] 867500/2150924 tos=0 (2219s)
  [passA] 868000/2150924 tos=0 (2219s)
  [passA] 868500/2150924 tos=0 (2219s)
  [passA] 869000/2150924 tos=0 (2219s)
  [passA] 869500/2150924 tos=0 (2219s)
  [passA] 870000/2150924 tos=0 (2219s)
  [passA] 870500/2150924 tos=0 (2219s)
  [passA] 871000/2150924 tos=0 (2219s)
  [passA] 871500/2150924 tos=0 (2219s)
  [passA] 872000/2150924 tos=0 (2219s)
  [passA] 872500/2150924 tos=0 (2219s)
  [passA] 873000/2150924 tos=0 (2219s)
  [passA] 873500/2150924 tos=0 (2219s)
  [passA] 874000/2150924 tos=0 (2219s)
  [passA] 874500/2150924 tos=0 (2219s)
  [passA] 875000/2150924 tos=0 (2219s)
  [passA] 875500/2150924 tos=0 (2219s)
  [passA] 876000/2150924 tos=0 (2219s)
  [passA] 876500/2150924 tos=0 (2219s)
  [passA] 877000/2150924 tos=0 (2219s)
  [passA] 877500/2150924 tos=0 (2219s)
  [passA] 878000/2150924 tos=0 (2219s)
  [passA] 878500/2150924 tos=0 (2219s)
  [passA] 879000/2150924 tos=0 (2219s)
  [passA] 879500/2150924 tos=0 (2219s)
  [passA] 880000/2150924 tos=0 (2219s)
  [passA] 880500/2150924 tos=0 (2219s)
  [passA] 881000/2150924 tos=0 (2219s)
  [passA] 881500/2150924 tos=0 (2219s)
  [passA] 882000/2150924 tos=0 (2219s)
  [passA] 882500/2150924 tos=0 (2219s)
  [passA] 883000/2150924 tos=0 (2219s)
  [passA] 883500/2150924 tos=0 (2219s)
  [passA] 884000/2150924 tos=0 (2219s)
  [passA] 884500/2150924 tos=0 (2219s)
  [passA] 885000/2150924 tos=0 (2219s)
  [passA] 885500/2150924 tos=0 (2219s)
  [passA] 886000/2150924 tos=0 (2220s)
  [passA] 886500/2150924 tos=0 (2220s)
  [passA] 887000/2150924 tos=0 (2220s)
  [passA] 887500/2150924 tos=0 (2220s)
  [passA] 888000/2150924 tos=0 (2220s)
  [passA] 888500/2150924 tos=0 (2220s)
  [passA] 889000/2150924 tos=0 (2220s)
  [passA] 889500/2150924 tos=0 (2220s)
  [passA] 890000/2150924 tos=0 (2220s)
  [passA] 890500/2150924 tos=0 (2220s)
  [passA] 891000/2150924 tos=0 (2220s)
  [passA] 891500/2150924 tos=0 (2220s)
  [passA] 892000/2150924 tos=0 (2220s)
  [passA] 892500/2150924 tos=0 (2220s)
  [passA] 893000/2150924 tos=0 (2220s)
  [passA] 893500/2150924 tos=0 (2220s)
  [passA] 894000/2150924 tos=0 (2220s)
  [passA] 894500/2150924 tos=0 (2220s)
  [passA] 895000/2150924 tos=0 (2220s)
  [passA] 895500/2150924 tos=0 (2220s)
  [passA] 896000/2150924 tos=0 (2220s)
  [passA] 896500/2150924 tos=0 (2220s)
  [passA] 897000/2150924 tos=0 (2220s)
  [passA] 897500/2150924 tos=0 (2220s)
  [passA] 898000/2150924 tos=0 (2220s)
  [passA] 898500/2150924 tos=0 (2220s)
  [passA] 899000/2150924 tos=0 (2220s)
  [passA] 899500/2150924 tos=0 (2220s)
  [passA] 900000/2150924 tos=0 (2220s)
  [passA] 900500/2150924 tos=0 (2220s)
  [passA] 901000/2150924 tos=0 (2220s)
  [passA] 901500/2150924 tos=0 (2220s)
  [passA] 902000/2150924 tos=0 (2220s)
  [passA] 902500/2150924 tos=0 (2220s)
  [passA] 903000/2150924 tos=0 (2220s)
  [passA] 903500/2150924 tos=0 (2221s)
  [passA] 904000/2150924 tos=0 (2221s)
  [passA] 904500/2150924 tos=0 (2221s)
  [passA] 905000/2150924 tos=0 (2221s)
  [passA] 905500/2150924 tos=0 (2221s)
  [passA] 906000/2150924 tos=0 (2221s)
  [passA] 906500/2150924 tos=0 (2221s)
  [passA] 907000/2150924 tos=0 (2221s)
  [passA] 907500/2150924 tos=0 (2221s)
  [passA] 908000/2150924 tos=0 (2221s)
  [passA] 908500/2150924 tos=0 (2221s)
  [passA] 909000/2150924 tos=0 (2221s)
  [passA] 909500/2150924 tos=0 (2221s)
  [passA] 910000/2150924 tos=0 (2221s)
  [passA] 910500/2150924 tos=0 (2221s)
  [passA] 911000/2150924 tos=0 (2221s)
  [passA] 911500/2150924 tos=0 (2221s)
  [passA] 912000/2150924 tos=0 (2221s)
  [passA] 912500/2150924 tos=0 (2221s)
  [passA] 913000/2150924 tos=0 (2221s)
  [passA] 913500/2150924 tos=0 (2221s)
  [passA] 914000/2150924 tos=0 (2221s)
  [passA] 914500/2150924 tos=0 (2221s)
  [passA] 915000/2150924 tos=0 (2221s)
  [passA] 915500/2150924 tos=0 (2221s)
  [passA] 916000/2150924 tos=0 (2221s)
  [passA] 916500/2150924 tos=0 (2221s)
  [passA] 917000/2150924 tos=0 (2221s)
  [passA] 917500/2150924 tos=0 (2221s)
  [passA] 918000/2150924 tos=0 (2221s)
  [passA] 918500/2150924 tos=0 (2221s)
  [passA] 919000/2150924 tos=0 (2221s)
  [passA] 919500/2150924 tos=0 (2221s)
  [passA] 920000/2150924 tos=0 (2221s)
  [passA] 920500/2150924 tos=0 (2221s)
  [passA] 921000/2150924 tos=0 (2221s)
  [passA] 921500/2150924 tos=0 (2222s)
  [passA] 922000/2150924 tos=0 (2222s)
  [passA] 922500/2150924 tos=0 (2222s)
  [passA] 923000/2150924 tos=0 (2222s)
  [passA] 923500/2150924 tos=0 (2222s)
  [passA] 924000/2150924 tos=0 (2222s)
  [passA] 924500/2150924 tos=0 (2222s)
  [passA] 925000/2150924 tos=0 (2222s)
  [passA] 925500/2150924 tos=0 (2222s)
  [passA] 926000/2150924 tos=0 (2222s)
  [passA] 926500/2150924 tos=0 (2222s)
  [passA] 927000/2150924 tos=0 (2222s)
  [passA] 927500/2150924 tos=0 (2222s)
  [passA] 928000/2150924 tos=0 (2222s)
  [passA] 928500/2150924 tos=0 (2222s)
  [passA] 929000/2150924 tos=0 (2222s)
  [passA] 929500/2150924 tos=0 (2222s)
  [passA] 930000/2150924 tos=0 (2222s)
  [passA] 930500/2150924 tos=0 (2222s)
  [passA] 931000/2150924 tos=0 (2222s)
  [passA] 931500/2150924 tos=0 (2222s)
  [passA] 932000/2150924 tos=0 (2222s)
  [passA] 932500/2150924 tos=0 (2222s)
  [passA] 933000/2150924 tos=0 (2222s)
  [passA] 933500/2150924 tos=0 (2222s)
  [passA] 934000/2150924 tos=0 (2222s)
  [passA] 934500/2150924 tos=0 (2222s)
  [passA] 935000/2150924 tos=0 (2222s)
  [passA] 935500/2150924 tos=0 (2222s)
  [passA] 936000/2150924 tos=0 (2222s)
  [passA] 936500/2150924 tos=0 (2222s)
  [passA] 937000/2150924 tos=0 (2222s)
  [passA] 937500/2150924 tos=0 (2222s)
  [passA] 938000/2150924 tos=0 (2222s)
  [passA] 938500/2150924 tos=0 (2222s)
  [passA] 939000/2150924 tos=0 (2222s)
  [passA] 939500/2150924 tos=0 (2223s)
  [passA] 940000/2150924 tos=0 (2223s)
  [passA] 940500/2150924 tos=0 (2223s)
  [passA] 941000/2150924 tos=0 (2223s)
  [passA] 941500/2150924 tos=0 (2223s)
  [passA] 942000/2150924 tos=0 (2223s)
  [passA] 942500/2150924 tos=0 (2223s)
  [passA] 943000/2150924 tos=0 (2223s)
  [passA] 943500/2150924 tos=0 (2223s)
  [passA] 944000/2150924 tos=0 (2223s)
  [passA] 944500/2150924 tos=0 (2223s)
  [passA] 945000/2150924 tos=0 (2223s)
  [passA] 945500/2150924 tos=0 (2223s)
  [passA] 946000/2150924 tos=0 (2223s)
  [passA] 946500/2150924 tos=0 (2223s)
  [passA] 947000/2150924 tos=0 (2223s)
  [passA] 947500/2150924 tos=0 (2223s)
  [passA] 948000/2150924 tos=0 (2223s)
  [passA] 948500/2150924 tos=0 (2223s)
  [passA] 949000/2150924 tos=0 (2223s)
  [passA] 949500/2150924 tos=0 (2223s)
  [passA] 950000/2150924 tos=0 (2223s)
  [passA] 950500/2150924 tos=0 (2223s)
  [passA] 951000/2150924 tos=0 (2223s)
  [passA] 951500/2150924 tos=0 (2223s)
  [passA] 952000/2150924 tos=0 (2223s)
  [passA] 952500/2150924 tos=0 (2223s)
  [passA] 953000/2150924 tos=0 (2223s)
  [passA] 953500/2150924 tos=0 (2223s)
  [passA] 954000/2150924 tos=0 (2223s)
  [passA] 954500/2150924 tos=0 (2223s)
  [passA] 955000/2150924 tos=0 (2223s)
  [passA] 955500/2150924 tos=0 (2223s)
  [passA] 956000/2150924 tos=0 (2223s)
  [passA] 956500/2150924 tos=0 (2223s)
  [passA] 957000/2150924 tos=0 (2223s)
  [passA] 957500/2150924 tos=0 (2223s)
  [passA] 958000/2150924 tos=0 (2223s)
  [passA] 958500/2150924 tos=0 (2223s)
  [passA] 959000/2150924 tos=0 (2224s)
  [passA] 959500/2150924 tos=0 (2224s)
  [passA] 960000/2150924 tos=0 (2224s)
  [passA] 960500/2150924 tos=0 (2224s)
  [passA] 961000/2150924 tos=0 (2224s)
  [passA] 961500/2150924 tos=0 (2224s)
  [passA] 962000/2150924 tos=0 (2224s)
  [passA] 962500/2150924 tos=0 (2224s)
  [passA] 963000/2150924 tos=0 (2224s)
  [passA] 963500/2150924 tos=0 (2224s)
  [passA] 964000/2150924 tos=0 (2224s)
  [passA] 964500/2150924 tos=0 (2224s)
  [passA] 965000/2150924 tos=0 (2224s)
  [passA] 965500/2150924 tos=0 (2224s)
  [passA] 966000/2150924 tos=0 (2224s)
  [passA] 966500/2150924 tos=0 (2224s)
  [passA] 967000/2150924 tos=0 (2224s)
  [passA] 967500/2150924 tos=0 (2224s)
  [passA] 968000/2150924 tos=0 (2224s)
  [passA] 968500/2150924 tos=0 (2224s)
  [passA] 969000/2150924 tos=0 (2224s)
  [passA] 969500/2150924 tos=0 (2224s)
  [passA] 970000/2150924 tos=0 (2224s)
  [passA] 970500/2150924 tos=0 (2224s)
  [passA] 971000/2150924 tos=0 (2224s)
  [passA] 971500/2150924 tos=0 (2224s)
  [passA] 972000/2150924 tos=0 (2224s)
  [passA] 972500/2150924 tos=0 (2224s)
  [passA] 973000/2150924 tos=0 (2224s)
  [passA] 973500/2150924 tos=0 (2224s)
  [passA] 974000/2150924 tos=0 (2224s)
  [passA] 974500/2150924 tos=0 (2224s)
  [passA] 975000/2150924 tos=0 (2224s)
  [passA] 975500/2150924 tos=0 (2224s)
  [passA] 976000/2150924 tos=0 (2224s)
  [passA] 976500/2150924 tos=0 (2224s)
  [passA] 977000/2150924 tos=0 (2224s)
  [passA] 977500/2150924 tos=0 (2224s)
  [passA] 978000/2150924 tos=0 (2224s)
  [passA] 978500/2150924 tos=0 (2225s)
  [passA] 979000/2150924 tos=0 (2225s)
  [passA] 979500/2150924 tos=0 (2225s)
  [passA] 980000/2150924 tos=0 (2225s)
  [passA] 980500/2150924 tos=0 (2225s)
  [passA] 981000/2150924 tos=0 (2225s)
  [passA] 981500/2150924 tos=0 (2225s)
  [passA] 982000/2150924 tos=0 (2225s)
  [passA] 982500/2150924 tos=0 (2225s)
  [passA] 983000/2150924 tos=0 (2225s)
  [passA] 983500/2150924 tos=0 (2225s)
  [passA] 984000/2150924 tos=0 (2225s)
  [passA] 984500/2150924 tos=0 (2225s)
  [passA] 985000/2150924 tos=0 (2225s)
  [passA] 985500/2150924 tos=0 (2225s)
  [passA] 986000/2150924 tos=0 (2225s)
  [passA] 986500/2150924 tos=0 (2225s)
  [passA] 987000/2150924 tos=0 (2225s)
  [passA] 987500/2150924 tos=0 (2225s)
  [passA] 988000/2150924 tos=0 (2225s)
  [passA] 988500/2150924 tos=0 (2225s)
  [passA] 989000/2150924 tos=0 (2225s)
  [passA] 989500/2150924 tos=0 (2225s)
  [passA] 990000/2150924 tos=0 (2225s)
  [passA] 990500/2150924 tos=0 (2225s)
  [passA] 991000/2150924 tos=0 (2225s)
  [passA] 991500/2150924 tos=0 (2225s)
  [passA] 992000/2150924 tos=0 (2225s)
  [passA] 992500/2150924 tos=0 (2225s)
  [passA] 993000/2150924 tos=0 (2225s)
  [passA] 993500/2150924 tos=0 (2225s)
  [passA] 994000/2150924 tos=0 (2225s)
  [passA] 994500/2150924 tos=0 (2225s)
  [passA] 995000/2150924 tos=0 (2225s)
  [passA] 995500/2150924 tos=0 (2225s)
  [passA] 996000/2150924 tos=0 (2225s)
  [passA] 996500/2150924 tos=0 (2225s)
  [passA] 997000/2150924 tos=0 (2226s)
  [passA] 997500/2150924 tos=0 (2226s)
  [passA] 998000/2150924 tos=0 (2226s)
  [passA] 998500/2150924 tos=0 (2226s)
  [passA] 999000/2150924 tos=0 (2226s)
  [passA] 999500/2150924 tos=0 (2226s)
  [passA] 1000000/2150924 tos=0 (2226s)
  [passA] 1000500/2150924 tos=0 (2226s)
  [passA] 1001000/2150924 tos=0 (2226s)
  [passA] 1001500/2150924 tos=0 (2226s)
  [passA] 1002000/2150924 tos=0 (2226s)
  [passA] 1002500/2150924 tos=0 (2226s)
  [passA] 1003000/2150924 tos=0 (2226s)
  [passA] 1003500/2150924 tos=0 (2226s)
  [passA] 1004000/2150924 tos=0 (2226s)
  [passA] 1004500/2150924 tos=0 (2226s)
  [passA] 1005000/2150924 tos=0 (2226s)
  [passA] 1005500/2150924 tos=0 (2226s)
  [passA] 1006000/2150924 tos=0 (2226s)
  [passA] 1006500/2150924 tos=0 (2226s)
  [passA] 1007000/2150924 tos=0 (2226s)
  [passA] 1007500/2150924 tos=0 (2226s)
  [passA] 1008000/2150924 tos=0 (2226s)
  [passA] 1008500/2150924 tos=0 (2226s)
  [passA] 1009000/2150924 tos=0 (2226s)
  [passA] 1009500/2150924 tos=0 (2226s)
  [passA] 1010000/2150924 tos=0 (2226s)
  [passA] 1010500/2150924 tos=0 (2226s)
  [passA] 1011000/2150924 tos=0 (2226s)
  [passA] 1011500/2150924 tos=0 (2226s)
  [passA] 1012000/2150924 tos=0 (2226s)
  [passA] 1012500/2150924 tos=0 (2226s)
  [passA] 1013000/2150924 tos=0 (2226s)
  [passA] 1013500/2150924 tos=0 (2226s)
  [passA] 1014000/2150924 tos=0 (2226s)
  [passA] 1014500/2150924 tos=0 (2226s)
  [passA] 1015000/2150924 tos=0 (2226s)
  [passA] 1015500/2150924 tos=0 (2226s)
  [passA] 1016000/2150924 tos=0 (2226s)
  [passA] 1016500/2150924 tos=0 (2226s)
  [passA] 1017000/2150924 tos=0 (2226s)
  [passA] 1017500/2150924 tos=0 (2226s)
  [passA] 1018000/2150924 tos=0 (2226s)
  [passA] 1018500/2150924 tos=0 (2226s)
  [passA] 1019000/2150924 tos=0 (2227s)
  [passA] 1019500/2150924 tos=0 (2227s)
  [passA] 1020000/2150924 tos=0 (2227s)
  [passA] 1020500/2150924 tos=0 (2227s)
  [passA] 1021000/2150924 tos=0 (2227s)
  [passA] 1021500/2150924 tos=0 (2227s)
  [passA] 1022000/2150924 tos=0 (2227s)
  [passA] 1022500/2150924 tos=0 (2227s)
  [passA] 1023000/2150924 tos=0 (2227s)
  [passA] 1023500/2150924 tos=0 (2227s)
  [passA] 1024000/2150924 tos=0 (2227s)
  [passA] 1024500/2150924 tos=0 (2227s)
  [passA] 1025000/2150924 tos=0 (2227s)
  [passA] 1025500/2150924 tos=0 (2227s)
  [passA] 1026000/2150924 tos=0 (2227s)
  [passA] 1026500/2150924 tos=0 (2227s)
  [passA] 1027000/2150924 tos=0 (2227s)
  [passA] 1027500/2150924 tos=0 (2227s)
  [passA] 1028000/2150924 tos=0 (2227s)
  [passA] 1028500/2150924 tos=0 (2227s)
  [passA] 1029000/2150924 tos=0 (2227s)
  [passA] 1029500/2150924 tos=0 (2227s)
  [passA] 1030000/2150924 tos=0 (2227s)
  [passA] 1030500/2150924 tos=0 (2227s)
  [passA] 1031000/2150924 tos=0 (2227s)
  [passA] 1031500/2150924 tos=0 (2227s)
  [passA] 1032000/2150924 tos=0 (2227s)
  [passA] 1032500/2150924 tos=0 (2227s)
  [passA] 1033000/2150924 tos=0 (2227s)
  [passA] 1033500/2150924 tos=0 (2227s)
  [passA] 1034000/2150924 tos=0 (2227s)
  [passA] 1034500/2150924 tos=0 (2227s)
  [passA] 1035000/2150924 tos=0 (2227s)
  [passA] 1035500/2150924 tos=0 (2227s)
  [passA] 1036000/2150924 tos=0 (2227s)
  [passA] 1036500/2150924 tos=0 (2227s)
  [passA] 1037000/2150924 tos=0 (2227s)
  [passA] 1037500/2150924 tos=0 (2227s)
  [passA] 1038000/2150924 tos=0 (2227s)
  [passA] 1038500/2150924 tos=0 (2228s)
  [passA] 1039000/2150924 tos=0 (2228s)
  [passA] 1039500/2150924 tos=0 (2228s)
  [passA] 1040000/2150924 tos=0 (2228s)
  [passA] 1040500/2150924 tos=0 (2228s)
  [passA] 1041000/2150924 tos=0 (2228s)
  [passA] 1041500/2150924 tos=0 (2228s)
  [passA] 1042000/2150924 tos=0 (2228s)
  [passA] 1042500/2150924 tos=0 (2228s)
  [passA] 1043000/2150924 tos=0 (2228s)
  [passA] 1043500/2150924 tos=0 (2228s)
  [passA] 1044000/2150924 tos=0 (2228s)
  [passA] 1044500/2150924 tos=0 (2228s)
  [passA] 1045000/2150924 tos=0 (2228s)
  [passA] 1045500/2150924 tos=0 (2228s)
  [passA] 1046000/2150924 tos=0 (2228s)
  [passA] 1046500/2150924 tos=0 (2228s)
  [passA] 1047000/2150924 tos=0 (2228s)
  [passA] 1047500/2150924 tos=0 (2228s)
  [passA] 1048000/2150924 tos=0 (2228s)
  [passA] 1048500/2150924 tos=0 (2228s)
  [passA] 1049000/2150924 tos=0 (2228s)
  [passA] 1049500/2150924 tos=0 (2228s)
  [passA] 1050000/2150924 tos=0 (2228s)
  [passA] 1050500/2150924 tos=0 (2228s)
  [passA] 1051000/2150924 tos=0 (2228s)
  [passA] 1051500/2150924 tos=0 (2228s)
  [passA] 1052000/2150924 tos=0 (2228s)
  [passA] 1052500/2150924 tos=0 (2228s)
  [passA] 1053000/2150924 tos=0 (2228s)
  [passA] 1053500/2150924 tos=0 (2228s)
  [passA] 1054000/2150924 tos=0 (2228s)
  [passA] 1054500/2150924 tos=0 (2228s)
  [passA] 1055000/2150924 tos=0 (2228s)
  [passA] 1055500/2150924 tos=0 (2228s)
  [passA] 1056000/2150924 tos=0 (2228s)
  [passA] 1056500/2150924 tos=0 (2228s)
  [passA] 1057000/2150924 tos=0 (2228s)
  [passA] 1057500/2150924 tos=0 (2228s)
  [passA] 1058000/2150924 tos=0 (2228s)
  [passA] 1058500/2150924 tos=0 (2228s)
  [passA] 1059000/2150924 tos=0 (2228s)
  [passA] 1059500/2150924 tos=0 (2229s)
  [passA] 1060000/2150924 tos=0 (2229s)
  [passA] 1060500/2150924 tos=0 (2229s)
  [passA] 1061000/2150924 tos=0 (2229s)
  [passA] 1061500/2150924 tos=0 (2229s)
  [passA] 1062000/2150924 tos=0 (2229s)
  [passA] 1062500/2150924 tos=0 (2229s)
  [passA] 1063000/2150924 tos=0 (2229s)
  [passA] 1063500/2150924 tos=0 (2229s)
  [passA] 1064000/2150924 tos=0 (2229s)
  [passA] 1064500/2150924 tos=0 (2229s)
  [passA] 1065000/2150924 tos=0 (2229s)
  [passA] 1065500/2150924 tos=0 (2229s)
  [passA] 1066000/2150924 tos=0 (2229s)
  [passA] 1066500/2150924 tos=0 (2229s)
  [passA] 1067000/2150924 tos=0 (2229s)
  [passA] 1067500/2150924 tos=0 (2229s)
  [passA] 1068000/2150924 tos=0 (2229s)
  [passA] 1068500/2150924 tos=0 (2229s)
  [passA] 1069000/2150924 tos=0 (2229s)
  [passA] 1069500/2150924 tos=0 (2229s)
  [passA] 1070000/2150924 tos=0 (2229s)
  [passA] 1070500/2150924 tos=0 (2229s)
  [passA] 1071000/2150924 tos=0 (2229s)
  [passA] 1071500/2150924 tos=0 (2229s)
  [passA] 1072000/2150924 tos=0 (2229s)
  [passA] 1072500/2150924 tos=0 (2229s)
  [passA] 1073000/2150924 tos=0 (2229s)
  [passA] 1073500/2150924 tos=0 (2229s)
  [passA] 1074000/2150924 tos=0 (2229s)
  [passA] 1074500/2150924 tos=0 (2229s)
  [passA] 1075000/2150924 tos=0 (2229s)
  [passA] 1075500/2150924 tos=0 (2229s)
  [passA] 1076000/2150924 tos=0 (2229s)
  [passA] 1076500/2150924 tos=0 (2229s)
  [passA] 1077000/2150924 tos=0 (2229s)
  [passA] 1077500/2150924 tos=0 (2229s)
  [passA] 1078000/2150924 tos=0 (2229s)
  [passA] 1078500/2150924 tos=0 (2229s)
  [passA] 1079000/2150924 tos=0 (2229s)
  [passA] 1079500/2150924 tos=0 (2229s)
  [passA] 1080000/2150924 tos=0 (2229s)
  [passA] 1080500/2150924 tos=0 (2229s)
  [passA] 1081000/2150924 tos=0 (2230s)
  [passA] 1081500/2150924 tos=0 (2230s)
  [passA] 1082000/2150924 tos=0 (2230s)
  [passA] 1082500/2150924 tos=0 (2230s)
  [passA] 1083000/2150924 tos=0 (2230s)
  [passA] 1083500/2150924 tos=0 (2230s)
  [passA] 1084000/2150924 tos=0 (2230s)
  [passA] 1084500/2150924 tos=0 (2230s)
  [passA] 1085000/2150924 tos=0 (2230s)
  [passA] 1085500/2150924 tos=0 (2230s)
  [passA] 1086000/2150924 tos=0 (2230s)
  [passA] 1086500/2150924 tos=0 (2230s)
  [passA] 1087000/2150924 tos=0 (2230s)
  [passA] 1087500/2150924 tos=0 (2230s)
  [passA] 1088000/2150924 tos=0 (2230s)
  [passA] 1088500/2150924 tos=0 (2230s)
  [passA] 1089000/2150924 tos=0 (2230s)
  [passA] 1089500/2150924 tos=0 (2230s)
  [passA] 1090000/2150924 tos=0 (2230s)
  [passA] 1090500/2150924 tos=0 (2230s)
  [passA] 1091000/2150924 tos=0 (2230s)
  [passA] 1091500/2150924 tos=0 (2230s)
  [passA] 1092000/2150924 tos=0 (2230s)
  [passA] 1092500/2150924 tos=0 (2230s)
  [passA] 1093000/2150924 tos=0 (2230s)
  [passA] 1093500/2150924 tos=0 (2230s)
  [passA] 1094000/2150924 tos=0 (2230s)
  [passA] 1094500/2150924 tos=0 (2230s)
  [passA] 1095000/2150924 tos=0 (2230s)
  [passA] 1095500/2150924 tos=0 (2230s)
  [passA] 1096000/2150924 tos=0 (2230s)
  [passA] 1096500/2150924 tos=0 (2230s)
  [passA] 1097000/2150924 tos=0 (2230s)
  [passA] 1097500/2150924 tos=0 (2230s)
  [passA] 1098000/2150924 tos=0 (2230s)
  [passA] 1098500/2150924 tos=0 (2230s)
  [passA] 1099000/2150924 tos=0 (2230s)
  [passA] 1099500/2150924 tos=0 (2230s)
  [passA] 1100000/2150924 tos=0 (2230s)
  [passA] 1100500/2150924 tos=0 (2230s)
  [passA] 1101000/2150924 tos=0 (2230s)
  [passA] 1101500/2150924 tos=0 (2230s)
  [passA] 1102000/2150924 tos=0 (2230s)
  [passA] 1102500/2150924 tos=0 (2230s)
  [passA] 1103000/2150924 tos=0 (2231s)
  [passA] 1103500/2150924 tos=0 (2231s)
  [passA] 1104000/2150924 tos=0 (2231s)
  [passA] 1104500/2150924 tos=0 (2231s)
  [passA] 1105000/2150924 tos=0 (2231s)
  [passA] 1105500/2150924 tos=0 (2231s)
  [passA] 1106000/2150924 tos=0 (2231s)
  [passA] 1106500/2150924 tos=0 (2231s)
  [passA] 1107000/2150924 tos=0 (2231s)
  [passA] 1107500/2150924 tos=0 (2231s)
  [passA] 1108000/2150924 tos=0 (2231s)
  [passA] 1108500/2150924 tos=0 (2231s)
  [passA] 1109000/2150924 tos=0 (2231s)
  [passA] 1109500/2150924 tos=0 (2231s)
  [passA] 1110000/2150924 tos=0 (2231s)
  [passA] 1110500/2150924 tos=0 (2231s)
  [passA] 1111000/2150924 tos=0 (2231s)
  [passA] 1111500/2150924 tos=0 (2231s)
  [passA] 1112000/2150924 tos=0 (2231s)
  [passA] 1112500/2150924 tos=0 (2231s)
  [passA] 1113000/2150924 tos=0 (2231s)
  [passA] 1113500/2150924 tos=0 (2231s)
  [passA] 1114000/2150924 tos=0 (2231s)
  [passA] 1114500/2150924 tos=0 (2231s)
  [passA] 1115000/2150924 tos=0 (2231s)
  [passA] 1115500/2150924 tos=0 (2231s)
  [passA] 1116000/2150924 tos=0 (2231s)
  [passA] 1116500/2150924 tos=0 (2231s)
  [passA] 1117000/2150924 tos=0 (2231s)
  [passA] 1117500/2150924 tos=0 (2231s)
  [passA] 1118000/2150924 tos=0 (2231s)
  [passA] 1118500/2150924 tos=0 (2231s)
  [passA] 1119000/2150924 tos=0 (2231s)
  [passA] 1119500/2150924 tos=0 (2231s)
  [passA] 1120000/2150924 tos=0 (2231s)
  [passA] 1120500/2150924 tos=0 (2231s)
  [passA] 1121000/2150924 tos=0 (2231s)
  [passA] 1121500/2150924 tos=0 (2231s)
  [passA] 1122000/2150924 tos=0 (2231s)
  [passA] 1122500/2150924 tos=0 (2231s)
  [passA] 1123000/2150924 tos=0 (2231s)
  [passA] 1123500/2150924 tos=0 (2231s)
  [passA] 1124000/2150924 tos=0 (2231s)
  [passA] 1124500/2150924 tos=0 (2231s)
  [passA] 1125000/2150924 tos=0 (2231s)
  [passA] 1125500/2150924 tos=0 (2232s)
  [passA] 1126000/2150924 tos=0 (2232s)
  [passA] 1126500/2150924 tos=0 (2232s)
  [passA] 1127000/2150924 tos=0 (2232s)
  [passA] 1127500/2150924 tos=0 (2232s)
  [passA] 1128000/2150924 tos=0 (2232s)
  [passA] 1128500/2150924 tos=0 (2232s)
  [passA] 1129000/2150924 tos=0 (2232s)
  [passA] 1129500/2150924 tos=0 (2232s)
  [passA] 1130000/2150924 tos=0 (2232s)
  [passA] 1130500/2150924 tos=0 (2232s)
  [passA] 1131000/2150924 tos=0 (2232s)
  [passA] 1131500/2150924 tos=0 (2232s)
  [passA] 1132000/2150924 tos=0 (2232s)
  [passA] 1132500/2150924 tos=0 (2232s)
  [passA] 1133000/2150924 tos=0 (2232s)
  [passA] 1133500/2150924 tos=0 (2232s)
  [passA] 1134000/2150924 tos=0 (2232s)
  [passA] 1134500/2150924 tos=0 (2232s)
  [passA] 1135000/2150924 tos=0 (2232s)
  [passA] 1135500/2150924 tos=0 (2232s)
  [passA] 1136000/2150924 tos=0 (2232s)
  [passA] 1136500/2150924 tos=0 (2232s)
  [passA] 1137000/2150924 tos=0 (2232s)
  [passA] 1137500/2150924 tos=0 (2232s)
  [passA] 1138000/2150924 tos=0 (2232s)
  [passA] 1138500/2150924 tos=0 (2232s)
  [passA] 1139000/2150924 tos=0 (2232s)
  [passA] 1139500/2150924 tos=0 (2232s)
  [passA] 1140000/2150924 tos=0 (2232s)
  [passA] 1140500/2150924 tos=0 (2232s)
  [passA] 1141000/2150924 tos=0 (2232s)
  [passA] 1141500/2150924 tos=0 (2232s)
  [passA] 1142000/2150924 tos=0 (2232s)
  [passA] 1142500/2150924 tos=0 (2232s)
  [passA] 1143000/2150924 tos=0 (2232s)
  [passA] 1143500/2150924 tos=0 (2232s)
  [passA] 1144000/2150924 tos=0 (2232s)
  [passA] 1144500/2150924 tos=0 (2232s)
  [passA] 1145000/2150924 tos=0 (2232s)
  [passA] 1145500/2150924 tos=0 (2232s)
  [passA] 1146000/2150924 tos=0 (2232s)
  [passA] 1146500/2150924 tos=0 (2232s)
  [passA] 1147000/2150924 tos=0 (2232s)
  [passA] 1147500/2150924 tos=0 (2232s)
  [passA] 1148000/2150924 tos=0 (2233s)
  [passA] 1148500/2150924 tos=0 (2233s)
  [passA] 1149000/2150924 tos=0 (2233s)
  [passA] 1149500/2150924 tos=0 (2233s)
  [passA] 1150000/2150924 tos=0 (2233s)
  [passA] 1150500/2150924 tos=0 (2233s)
  [passA] 1151000/2150924 tos=0 (2233s)
  [passA] 1151500/2150924 tos=0 (2233s)
  [passA] 1152000/2150924 tos=0 (2233s)
  [passA] 1152500/2150924 tos=0 (2233s)
  [passA] 1153000/2150924 tos=0 (2233s)
  [passA] 1153500/2150924 tos=0 (2233s)
  [passA] 1154000/2150924 tos=0 (2233s)
  [passA] 1154500/2150924 tos=0 (2233s)
  [passA] 1155000/2150924 tos=0 (2233s)
  [passA] 1155500/2150924 tos=0 (2233s)
  [passA] 1156000/2150924 tos=0 (2233s)
  [passA] 1156500/2150924 tos=0 (2233s)
  [passA] 1157000/2150924 tos=0 (2233s)
  [passA] 1157500/2150924 tos=0 (2233s)
  [passA] 1158000/2150924 tos=0 (2233s)
  [passA] 1158500/2150924 tos=0 (2233s)
  [passA] 1159000/2150924 tos=0 (2233s)
  [passA] 1159500/2150924 tos=0 (2233s)
  [passA] 1160000/2150924 tos=0 (2233s)
  [passA] 1160500/2150924 tos=0 (2233s)
  [passA] 1161000/2150924 tos=0 (2233s)
  [passA] 1161500/2150924 tos=0 (2233s)
  [passA] 1162000/2150924 tos=0 (2233s)
  [passA] 1162500/2150924 tos=0 (2233s)
  [passA] 1163000/2150924 tos=0 (2233s)
  [passA] 1163500/2150924 tos=0 (2233s)
  [passA] 1164000/2150924 tos=0 (2233s)
  [passA] 1164500/2150924 tos=0 (2233s)
  [passA] 1165000/2150924 tos=0 (2233s)
  [passA] 1165500/2150924 tos=0 (2233s)
  [passA] 1166000/2150924 tos=0 (2233s)
  [passA] 1166500/2150924 tos=0 (2233s)
  [passA] 1167000/2150924 tos=0 (2233s)
  [passA] 1167500/2150924 tos=0 (2233s)
  [passA] 1168000/2150924 tos=0 (2233s)
  [passA] 1168500/2150924 tos=0 (2233s)
  [passA] 1169000/2150924 tos=0 (2233s)
  [passA] 1169500/2150924 tos=0 (2233s)
  [passA] 1170000/2150924 tos=0 (2233s)
  [passA] 1170500/2150924 tos=0 (2233s)
  [passA] 1171000/2150924 tos=0 (2234s)
  [passA] 1171500/2150924 tos=0 (2234s)
  [passA] 1172000/2150924 tos=0 (2234s)
  [passA] 1172500/2150924 tos=0 (2234s)
  [passA] 1173000/2150924 tos=0 (2234s)
  [passA] 1173500/2150924 tos=0 (2234s)
  [passA] 1174000/2150924 tos=0 (2234s)
  [passA] 1174500/2150924 tos=0 (2234s)
  [passA] 1175000/2150924 tos=0 (2234s)
  [passA] 1175500/2150924 tos=0 (2234s)
  [passA] 1176000/2150924 tos=0 (2234s)
  [passA] 1176500/2150924 tos=0 (2234s)
  [passA] 1177000/2150924 tos=0 (2234s)
  [passA] 1177500/2150924 tos=0 (2234s)
  [passA] 1178000/2150924 tos=0 (2234s)
  [passA] 1178500/2150924 tos=0 (2234s)
  [passA] 1179000/2150924 tos=0 (2234s)
  [passA] 1179500/2150924 tos=0 (2234s)
  [passA] 1180000/2150924 tos=0 (2234s)
  [passA] 1180500/2150924 tos=0 (2234s)
  [passA] 1181000/2150924 tos=0 (2234s)
  [passA] 1181500/2150924 tos=0 (2234s)
  [passA] 1182000/2150924 tos=0 (2234s)
  [passA] 1182500/2150924 tos=0 (2234s)
  [passA] 1183000/2150924 tos=0 (2234s)
  [passA] 1183500/2150924 tos=0 (2234s)
  [passA] 1184000/2150924 tos=0 (2234s)
  [passA] 1184500/2150924 tos=0 (2234s)
  [passA] 1185000/2150924 tos=0 (2234s)
  [passA] 1185500/2150924 tos=0 (2234s)
  [passA] 1186000/2150924 tos=0 (2234s)
  [passA] 1186500/2150924 tos=0 (2234s)
  [passA] 1187000/2150924 tos=0 (2234s)
  [passA] 1187500/2150924 tos=0 (2234s)
  [passA] 1188000/2150924 tos=0 (2234s)
  [passA] 1188500/2150924 tos=0 (2234s)
  [passA] 1189000/2150924 tos=0 (2234s)
  [passA] 1189500/2150924 tos=0 (2234s)
  [passA] 1190000/2150924 tos=0 (2234s)
  [passA] 1190500/2150924 tos=0 (2234s)
  [passA] 1191000/2150924 tos=0 (2234s)
  [passA] 1191500/2150924 tos=0 (2234s)
  [passA] 1192000/2150924 tos=0 (2234s)
  [passA] 1192500/2150924 tos=0 (2234s)
  [passA] 1193000/2150924 tos=0 (2234s)
  [passA] 1193500/2150924 tos=0 (2234s)
  [passA] 1194000/2150924 tos=0 (2235s)
  [passA] 1194500/2150924 tos=0 (2235s)
  [passA] 1195000/2150924 tos=0 (2235s)
  [passA] 1195500/2150924 tos=0 (2235s)
  [passA] 1196000/2150924 tos=0 (2235s)
  [passA] 1196500/2150924 tos=0 (2235s)
  [passA] 1197000/2150924 tos=0 (2235s)
  [passA] 1197500/2150924 tos=0 (2235s)
  [passA] 1198000/2150924 tos=0 (2235s)
  [passA] 1198500/2150924 tos=0 (2235s)
  [passA] 1199000/2150924 tos=0 (2235s)
  [passA] 1199500/2150924 tos=0 (2235s)
  [passA] 1200000/2150924 tos=0 (2235s)
  [passA] 1200500/2150924 tos=0 (2235s)
  [passA] 1201000/2150924 tos=0 (2235s)
  [passA] 1201500/2150924 tos=0 (2235s)
  [passA] 1202000/2150924 tos=0 (2235s)
  [passA] 1202500/2150924 tos=0 (2235s)
  [passA] 1203000/2150924 tos=0 (2235s)
  [passA] 1203500/2150924 tos=0 (2235s)
  [passA] 1204000/2150924 tos=0 (2235s)
  [passA] 1204500/2150924 tos=0 (2235s)
  [passA] 1205000/2150924 tos=0 (2235s)
  [passA] 1205500/2150924 tos=0 (2235s)
  [passA] 1206000/2150924 tos=0 (2235s)
  [passA] 1206500/2150924 tos=0 (2235s)
  [passA] 1207000/2150924 tos=0 (2235s)
  [passA] 1207500/2150924 tos=0 (2235s)
  [passA] 1208000/2150924 tos=0 (2235s)
  [passA] 1208500/2150924 tos=0 (2235s)
  [passA] 1209000/2150924 tos=0 (2235s)
  [passA] 1209500/2150924 tos=0 (2235s)
  [passA] 1210000/2150924 tos=0 (2235s)
  [passA] 1210500/2150924 tos=0 (2235s)
  [passA] 1211000/2150924 tos=0 (2235s)
  [passA] 1211500/2150924 tos=0 (2235s)
  [passA] 1212000/2150924 tos=0 (2235s)
  [passA] 1212500/2150924 tos=0 (2235s)
  [passA] 1213000/2150924 tos=0 (2235s)
  [passA] 1213500/2150924 tos=0 (2235s)
  [passA] 1214000/2150924 tos=0 (2235s)
  [passA] 1214500/2150924 tos=0 (2235s)
  [passA] 1215000/2150924 tos=0 (2235s)
  [passA] 1215500/2150924 tos=0 (2236s)
  [passA] 1216000/2150924 tos=0 (2236s)
  [passA] 1216500/2150924 tos=0 (2236s)
  [passA] 1217000/2150924 tos=0 (2236s)
  [passA] 1217500/2150924 tos=0 (2236s)
  [passA] 1218000/2150924 tos=0 (2236s)
  [passA] 1218500/2150924 tos=0 (2236s)
  [passA] 1219000/2150924 tos=0 (2236s)
  [passA] 1219500/2150924 tos=0 (2236s)
  [passA] 1220000/2150924 tos=0 (2236s)
  [passA] 1220500/2150924 tos=0 (2236s)
  [passA] 1221000/2150924 tos=0 (2236s)
  [passA] 1221500/2150924 tos=0 (2236s)
  [passA] 1222000/2150924 tos=0 (2236s)
  [passA] 1222500/2150924 tos=0 (2236s)
  [passA] 1223000/2150924 tos=0 (2236s)
  [passA] 1223500/2150924 tos=0 (2236s)
  [passA] 1224000/2150924 tos=0 (2236s)
  [passA] 1224500/2150924 tos=0 (2236s)
  [passA] 1225000/2150924 tos=0 (2236s)
  [passA] 1225500/2150924 tos=0 (2236s)
  [passA] 1226000/2150924 tos=0 (2236s)
  [passA] 1226500/2150924 tos=0 (2236s)
  [passA] 1227000/2150924 tos=0 (2236s)
  [passA] 1227500/2150924 tos=0 (2236s)
  [passA] 1228000/2150924 tos=0 (2236s)
  [passA] 1228500/2150924 tos=0 (2236s)
  [passA] 1229000/2150924 tos=0 (2236s)
  [passA] 1229500/2150924 tos=0 (2236s)
  [passA] 1230000/2150924 tos=0 (2236s)
  [passA] 1230500/2150924 tos=0 (2236s)
  [passA] 1231000/2150924 tos=0 (2236s)
  [passA] 1231500/2150924 tos=0 (2236s)
  [passA] 1232000/2150924 tos=0 (2236s)
  [passA] 1232500/2150924 tos=0 (2236s)
  [passA] 1233000/2150924 tos=0 (2236s)
  [passA] 1233500/2150924 tos=0 (2236s)
  [passA] 1234000/2150924 tos=0 (2236s)
  [passA] 1234500/2150924 tos=0 (2236s)
  [passA] 1235000/2150924 tos=0 (2236s)
  [passA] 1235500/2150924 tos=0 (2236s)
  [passA] 1236000/2150924 tos=0 (2236s)
  [passA] 1236500/2150924 tos=0 (2236s)
  [passA] 1237000/2150924 tos=0 (2236s)
  [passA] 1237500/2150924 tos=0 (2236s)
  [passA] 1238000/2150924 tos=0 (2236s)
  [passA] 1238500/2150924 tos=0 (2236s)
  [passA] 1239000/2150924 tos=0 (2236s)
  [passA] 1239500/2150924 tos=0 (2236s)
  [passA] 1240000/2150924 tos=0 (2236s)
  [passA] 1240500/2150924 tos=0 (2237s)
  [passA] 1241000/2150924 tos=0 (2237s)
  [passA] 1241500/2150924 tos=0 (2237s)
  [passA] 1242000/2150924 tos=0 (2237s)
  [passA] 1242500/2150924 tos=0 (2237s)
  [passA] 1243000/2150924 tos=0 (2237s)
  [passA] 1243500/2150924 tos=0 (2237s)
  [passA] 1244000/2150924 tos=0 (2237s)
  [passA] 1244500/2150924 tos=0 (2237s)
  [passA] 1245000/2150924 tos=0 (2237s)
  [passA] 1245500/2150924 tos=0 (2237s)
  [passA] 1246000/2150924 tos=0 (2237s)
  [passA] 1246500/2150924 tos=0 (2237s)
  [passA] 1247000/2150924 tos=0 (2237s)
  [passA] 1247500/2150924 tos=0 (2237s)
  [passA] 1248000/2150924 tos=0 (2237s)
  [passA] 1248500/2150924 tos=0 (2237s)
  [passA] 1249000/2150924 tos=0 (2237s)
  [passA] 1249500/2150924 tos=0 (2237s)
  [passA] 1250000/2150924 tos=0 (2237s)
  [passA] 1250500/2150924 tos=0 (2237s)
  [passA] 1251000/2150924 tos=0 (2237s)
  [passA] 1251500/2150924 tos=0 (2237s)
  [passA] 1252000/2150924 tos=0 (2237s)
  [passA] 1252500/2150924 tos=0 (2237s)
  [passA] 1253000/2150924 tos=0 (2237s)
  [passA] 1253500/2150924 tos=0 (2237s)
  [passA] 1254000/2150924 tos=0 (2237s)
  [passA] 1254500/2150924 tos=0 (2237s)
  [passA] 1255000/2150924 tos=0 (2237s)
  [passA] 1255500/2150924 tos=0 (2237s)
  [passA] 1256000/2150924 tos=0 (2237s)
  [passA] 1256500/2150924 tos=0 (2237s)
  [passA] 1257000/2150924 tos=0 (2237s)
  [passA] 1257500/2150924 tos=0 (2237s)
  [passA] 1258000/2150924 tos=0 (2237s)
  [passA] 1258500/2150924 tos=0 (2237s)
  [passA] 1259000/2150924 tos=0 (2237s)
  [passA] 1259500/2150924 tos=0 (2237s)
  [passA] 1260000/2150924 tos=0 (2237s)
  [passA] 1260500/2150924 tos=0 (2237s)
  [passA] 1261000/2150924 tos=0 (2237s)
  [passA] 1261500/2150924 tos=0 (2237s)
  [passA] 1262000/2150924 tos=0 (2237s)
  [passA] 1262500/2150924 tos=0 (2237s)
  [passA] 1263000/2150924 tos=0 (2237s)
  [passA] 1263500/2150924 tos=0 (2237s)
  [passA] 1264000/2150924 tos=0 (2238s)
  [passA] 1264500/2150924 tos=0 (2238s)
  [passA] 1265000/2150924 tos=0 (2238s)
  [passA] 1265500/2150924 tos=0 (2238s)
  [passA] 1266000/2150924 tos=0 (2238s)
  [passA] 1266500/2150924 tos=0 (2238s)
  [passA] 1267000/2150924 tos=0 (2238s)
  [passA] 1267500/2150924 tos=0 (2238s)
  [passA] 1268000/2150924 tos=0 (2238s)
  [passA] 1268500/2150924 tos=0 (2238s)
  [passA] 1269000/2150924 tos=0 (2238s)
  [passA] 1269500/2150924 tos=0 (2238s)
  [passA] 1270000/2150924 tos=0 (2238s)
  [passA] 1270500/2150924 tos=0 (2238s)
  [passA] 1271000/2150924 tos=0 (2238s)
  [passA] 1271500/2150924 tos=0 (2238s)
  [passA] 1272000/2150924 tos=0 (2238s)
  [passA] 1272500/2150924 tos=0 (2238s)
  [passA] 1273000/2150924 tos=0 (2238s)
  [passA] 1273500/2150924 tos=0 (2238s)
  [passA] 1274000/2150924 tos=0 (2238s)
  [passA] 1274500/2150924 tos=0 (2238s)
  [passA] 1275000/2150924 tos=0 (2238s)
  [passA] 1275500/2150924 tos=0 (2238s)
  [passA] 1276000/2150924 tos=0 (2238s)
  [passA] 1276500/2150924 tos=0 (2238s)
  [passA] 1277000/2150924 tos=0 (2238s)
  [passA] 1277500/2150924 tos=0 (2238s)
  [passA] 1278000/2150924 tos=0 (2238s)
  [passA] 1278500/2150924 tos=0 (2238s)
  [passA] 1279000/2150924 tos=0 (2238s)
  [passA] 1279500/2150924 tos=0 (2238s)
  [passA] 1280000/2150924 tos=0 (2238s)
  [passA] 1280500/2150924 tos=0 (2238s)
  [passA] 1281000/2150924 tos=0 (2238s)
  [passA] 1281500/2150924 tos=0 (2238s)
  [passA] 1282000/2150924 tos=0 (2238s)
  [passA] 1282500/2150924 tos=0 (2238s)
  [passA] 1283000/2150924 tos=0 (2238s)
  [passA] 1283500/2150924 tos=0 (2238s)
  [passA] 1284000/2150924 tos=0 (2238s)
  [passA] 1284500/2150924 tos=0 (2238s)
  [passA] 1285000/2150924 tos=0 (2238s)
  [passA] 1285500/2150924 tos=0 (2238s)
  [passA] 1286000/2150924 tos=0 (2238s)
  [passA] 1286500/2150924 tos=0 (2238s)
  [passA] 1287000/2150924 tos=0 (2238s)
  [passA] 1287500/2150924 tos=0 (2238s)
  [passA] 1288000/2150924 tos=0 (2239s)
  [passA] 1288500/2150924 tos=0 (2239s)
  [passA] 1289000/2150924 tos=0 (2239s)
  [passA] 1289500/2150924 tos=0 (2239s)
  [passA] 1290000/2150924 tos=0 (2239s)
  [passA] 1290500/2150924 tos=0 (2239s)
  [passA] 1291000/2150924 tos=0 (2239s)
  [passA] 1291500/2150924 tos=0 (2239s)
  [passA] 1292000/2150924 tos=0 (2239s)
  [passA] 1292500/2150924 tos=0 (2239s)
  [passA] 1293000/2150924 tos=0 (2239s)
  [passA] 1293500/2150924 tos=0 (2239s)
  [passA] 1294000/2150924 tos=0 (2239s)
  [passA] 1294500/2150924 tos=0 (2239s)
  [passA] 1295000/2150924 tos=0 (2239s)
  [passA] 1295500/2150924 tos=0 (2239s)
  [passA] 1296000/2150924 tos=0 (2239s)
  [passA] 1296500/2150924 tos=0 (2239s)
  [passA] 1297000/2150924 tos=0 (2239s)
  [passA] 1297500/2150924 tos=0 (2239s)
  [passA] 1298000/2150924 tos=0 (2239s)
  [passA] 1298500/2150924 tos=0 (2239s)
  [passA] 1299000/2150924 tos=0 (2239s)
  [passA] 1299500/2150924 tos=0 (2239s)
  [passA] 1300000/2150924 tos=0 (2239s)
  [passA] 1300500/2150924 tos=0 (2239s)
  [passA] 1301000/2150924 tos=0 (2239s)
  [passA] 1301500/2150924 tos=0 (2239s)
  [passA] 1302000/2150924 tos=0 (2239s)
  [passA] 1302500/2150924 tos=0 (2239s)
  [passA] 1303000/2150924 tos=0 (2239s)
  [passA] 1303500/2150924 tos=0 (2239s)
  [passA] 1304000/2150924 tos=0 (2239s)
  [passA] 1304500/2150924 tos=0 (2239s)
  [passA] 1305000/2150924 tos=0 (2239s)
  [passA] 1305500/2150924 tos=0 (2239s)
  [passA] 1306000/2150924 tos=0 (2239s)
  [passA] 1306500/2150924 tos=0 (2239s)
  [passA] 1307000/2150924 tos=0 (2239s)
  [passA] 1307500/2150924 tos=0 (2239s)
  [passA] 1308000/2150924 tos=0 (2239s)
  [passA] 1308500/2150924 tos=0 (2239s)
  [passA] 1309000/2150924 tos=0 (2239s)
  [passA] 1309500/2150924 tos=0 (2239s)
  [passA] 1310000/2150924 tos=0 (2239s)
  [passA] 1310500/2150924 tos=0 (2239s)
  [passA] 1311000/2150924 tos=0 (2239s)
  [passA] 1311500/2150924 tos=0 (2239s)
  [passA] 1312000/2150924 tos=0 (2239s)
  [passA] 1312500/2150924 tos=0 (2239s)
  [passA] 1313000/2150924 tos=0 (2239s)
  [passA] 1313500/2150924 tos=0 (2239s)
  [passA] 1314000/2150924 tos=0 (2240s)
  [passA] 1314500/2150924 tos=0 (2240s)
  [passA] 1315000/2150924 tos=0 (2240s)
  [passA] 1315500/2150924 tos=0 (2240s)
  [passA] 1316000/2150924 tos=0 (2240s)
  [passA] 1316500/2150924 tos=0 (2240s)
  [passA] 1317000/2150924 tos=0 (2240s)
  [passA] 1317500/2150924 tos=0 (2240s)
  [passA] 1318000/2150924 tos=0 (2240s)
  [passA] 1318500/2150924 tos=0 (2240s)
  [passA] 1319000/2150924 tos=0 (2240s)
  [passA] 1319500/2150924 tos=0 (2240s)
  [passA] 1320000/2150924 tos=0 (2240s)
  [passA] 1320500/2150924 tos=0 (2240s)
  [passA] 1321000/2150924 tos=0 (2240s)
  [passA] 1321500/2150924 tos=0 (2240s)
  [passA] 1322000/2150924 tos=0 (2240s)
  [passA] 1322500/2150924 tos=0 (2240s)
  [passA] 1323000/2150924 tos=0 (2240s)
  [passA] 1323500/2150924 tos=0 (2240s)
  [passA] 1324000/2150924 tos=0 (2240s)
  [passA] 1324500/2150924 tos=0 (2240s)
  [passA] 1325000/2150924 tos=0 (2240s)
  [passA] 1325500/2150924 tos=0 (2240s)
  [passA] 1326000/2150924 tos=0 (2240s)
  [passA] 1326500/2150924 tos=0 (2240s)
  [passA] 1327000/2150924 tos=0 (2240s)
  [passA] 1327500/2150924 tos=0 (2240s)
  [passA] 1328000/2150924 tos=0 (2240s)
  [passA] 1328500/2150924 tos=0 (2240s)
  [passA] 1329000/2150924 tos=0 (2240s)
  [passA] 1329500/2150924 tos=0 (2240s)
  [passA] 1330000/2150924 tos=0 (2240s)
  [passA] 1330500/2150924 tos=0 (2240s)
  [passA] 1331000/2150924 tos=0 (2240s)
  [passA] 1331500/2150924 tos=0 (2240s)
  [passA] 1332000/2150924 tos=0 (2240s)
  [passA] 1332500/2150924 tos=0 (2240s)
  [passA] 1333000/2150924 tos=0 (2240s)
  [passA] 1333500/2150924 tos=0 (2240s)
  [passA] 1334000/2150924 tos=0 (2240s)
  [passA] 1334500/2150924 tos=0 (2240s)
  [passA] 1335000/2150924 tos=0 (2240s)
  [passA] 1335500/2150924 tos=0 (2240s)
  [passA] 1336000/2150924 tos=0 (2240s)
  [passA] 1336500/2150924 tos=0 (2240s)
  [passA] 1337000/2150924 tos=0 (2240s)
  [passA] 1337500/2150924 tos=0 (2241s)
  [passA] 1338000/2150924 tos=0 (2241s)
  [passA] 1338500/2150924 tos=0 (2241s)
  [passA] 1339000/2150924 tos=0 (2241s)
  [passA] 1339500/2150924 tos=0 (2241s)
  [passA] 1340000/2150924 tos=0 (2241s)
  [passA] 1340500/2150924 tos=0 (2241s)
  [passA] 1341000/2150924 tos=0 (2241s)
  [passA] 1341500/2150924 tos=0 (2241s)
  [passA] 1342000/2150924 tos=0 (2241s)
  [passA] 1342500/2150924 tos=0 (2241s)
  [passA] 1343000/2150924 tos=0 (2241s)
  [passA] 1343500/2150924 tos=0 (2241s)
  [passA] 1344000/2150924 tos=0 (2241s)
  [passA] 1344500/2150924 tos=0 (2241s)
  [passA] 1345000/2150924 tos=0 (2241s)
  [passA] 1345500/2150924 tos=0 (2241s)
  [passA] 1346000/2150924 tos=0 (2241s)
  [passA] 1346500/2150924 tos=0 (2241s)
  [passA] 1347000/2150924 tos=0 (2241s)
  [passA] 1347500/2150924 tos=0 (2241s)
  [passA] 1348000/2150924 tos=0 (2241s)
  [passA] 1348500/2150924 tos=0 (2241s)
  [passA] 1349000/2150924 tos=0 (2241s)
  [passA] 1349500/2150924 tos=0 (2241s)
  [passA] 1350000/2150924 tos=0 (2241s)
  [passA] 1350500/2150924 tos=0 (2241s)
  [passA] 1351000/2150924 tos=0 (2241s)
  [passA] 1351500/2150924 tos=0 (2241s)
  [passA] 1352000/2150924 tos=0 (2241s)
  [passA] 1352500/2150924 tos=0 (2241s)
  [passA] 1353000/2150924 tos=0 (2241s)
  [passA] 1353500/2150924 tos=0 (2241s)
  [passA] 1354000/2150924 tos=0 (2241s)
  [passA] 1354500/2150924 tos=0 (2241s)
  [passA] 1355000/2150924 tos=0 (2241s)
  [passA] 1355500/2150924 tos=0 (2241s)
  [passA] 1356000/2150924 tos=0 (2241s)
  [passA] 1356500/2150924 tos=0 (2241s)
  [passA] 1357000/2150924 tos=0 (2241s)
  [passA] 1357500/2150924 tos=0 (2241s)
  [passA] 1358000/2150924 tos=0 (2241s)
  [passA] 1358500/2150924 tos=0 (2241s)
  [passA] 1359000/2150924 tos=0 (2241s)
  [passA] 1359500/2150924 tos=0 (2241s)
  [passA] 1360000/2150924 tos=0 (2241s)
  [passA] 1360500/2150924 tos=0 (2241s)
  [passA] 1361000/2150924 tos=0 (2241s)
  [passA] 1361500/2150924 tos=0 (2241s)
  [passA] 1362000/2150924 tos=0 (2242s)
  [passA] 1362500/2150924 tos=0 (2242s)
  [passA] 1363000/2150924 tos=0 (2242s)
  [passA] 1363500/2150924 tos=0 (2242s)
  [passA] 1364000/2150924 tos=0 (2242s)
  [passA] 1364500/2150924 tos=0 (2242s)
  [passA] 1365000/2150924 tos=0 (2242s)
  [passA] 1365500/2150924 tos=0 (2242s)
  [passA] 1366000/2150924 tos=0 (2242s)
  [passA] 1366500/2150924 tos=0 (2242s)
  [passA] 1367000/2150924 tos=0 (2242s)
  [passA] 1367500/2150924 tos=0 (2242s)
  [passA] 1368000/2150924 tos=0 (2242s)
  [passA] 1368500/2150924 tos=0 (2242s)
  [passA] 1369000/2150924 tos=0 (2242s)
  [passA] 1369500/2150924 tos=0 (2242s)
  [passA] 1370000/2150924 tos=0 (2242s)
  [passA] 1370500/2150924 tos=0 (2242s)
  [passA] 1371000/2150924 tos=0 (2242s)
  [passA] 1371500/2150924 tos=0 (2242s)
  [passA] 1372000/2150924 tos=0 (2242s)
  [passA] 1372500/2150924 tos=0 (2242s)
  [passA] 1373000/2150924 tos=0 (2242s)
  [passA] 1373500/2150924 tos=0 (2242s)
  [passA] 1374000/2150924 tos=0 (2242s)
  [passA] 1374500/2150924 tos=0 (2242s)
  [passA] 1375000/2150924 tos=0 (2242s)
  [passA] 1375500/2150924 tos=0 (2242s)
  [passA] 1376000/2150924 tos=0 (2242s)
  [passA] 1376500/2150924 tos=0 (2242s)
  [passA] 1377000/2150924 tos=0 (2242s)
  [passA] 1377500/2150924 tos=0 (2242s)
  [passA] 1378000/2150924 tos=0 (2242s)
  [passA] 1378500/2150924 tos=0 (2242s)
  [passA] 1379000/2150924 tos=0 (2242s)
  [passA] 1379500/2150924 tos=0 (2242s)
  [passA] 1380000/2150924 tos=0 (2242s)
  [passA] 1380500/2150924 tos=0 (2242s)
  [passA] 1381000/2150924 tos=0 (2242s)
  [passA] 1381500/2150924 tos=0 (2242s)
  [passA] 1382000/2150924 tos=0 (2242s)
  [passA] 1382500/2150924 tos=0 (2242s)
  [passA] 1383000/2150924 tos=0 (2242s)
  [passA] 1383500/2150924 tos=0 (2242s)
  [passA] 1384000/2150924 tos=0 (2242s)
  [passA] 1384500/2150924 tos=0 (2242s)
  [passA] 1385000/2150924 tos=0 (2242s)
  [passA] 1385500/2150924 tos=0 (2242s)
  [passA] 1386000/2150924 tos=0 (2242s)
  [passA] 1386500/2150924 tos=0 (2243s)
  [passA] 1387000/2150924 tos=0 (2243s)
  [passA] 1387500/2150924 tos=0 (2243s)
  [passA] 1388000/2150924 tos=0 (2243s)
  [passA] 1388500/2150924 tos=0 (2243s)
  [passA] 1389000/2150924 tos=0 (2243s)
  [passA] 1389500/2150924 tos=0 (2243s)
  [passA] 1390000/2150924 tos=0 (2243s)
  [passA] 1390500/2150924 tos=0 (2243s)
  [passA] 1391000/2150924 tos=0 (2243s)
  [passA] 1391500/2150924 tos=0 (2243s)
  [passA] 1392000/2150924 tos=0 (2243s)
  [passA] 1392500/2150924 tos=0 (2243s)
  [passA] 1393000/2150924 tos=0 (2243s)
  [passA] 1393500/2150924 tos=0 (2243s)
  [passA] 1394000/2150924 tos=0 (2243s)
  [passA] 1394500/2150924 tos=0 (2243s)
  [passA] 1395000/2150924 tos=0 (2243s)
  [passA] 1395500/2150924 tos=0 (2243s)
  [passA] 1396000/2150924 tos=0 (2243s)
  [passA] 1396500/2150924 tos=0 (2243s)
  [passA] 1397000/2150924 tos=0 (2243s)
  [passA] 1397500/2150924 tos=0 (2243s)
  [passA] 1398000/2150924 tos=0 (2243s)
  [passA] 1398500/2150924 tos=0 (2243s)
  [passA] 1399000/2150924 tos=0 (2243s)
  [passA] 1399500/2150924 tos=0 (2243s)
  [passA] 1400000/2150924 tos=0 (2243s)
  [passA] 1400500/2150924 tos=0 (2243s)
  [passA] 1401000/2150924 tos=0 (2243s)
  [passA] 1401500/2150924 tos=0 (2243s)
  [passA] 1402000/2150924 tos=0 (2243s)
  [passA] 1402500/2150924 tos=0 (2243s)
  [passA] 1403000/2150924 tos=0 (2243s)
  [passA] 1403500/2150924 tos=0 (2243s)
  [passA] 1404000/2150924 tos=0 (2243s)
  [passA] 1404500/2150924 tos=0 (2243s)
  [passA] 1405000/2150924 tos=0 (2243s)
  [passA] 1405500/2150924 tos=0 (2243s)
  [passA] 1406000/2150924 tos=0 (2243s)
  [passA] 1406500/2150924 tos=0 (2243s)
  [passA] 1407000/2150924 tos=0 (2243s)
  [passA] 1407500/2150924 tos=0 (2243s)
  [passA] 1408000/2150924 tos=0 (2243s)
  [passA] 1408500/2150924 tos=0 (2243s)
  [passA] 1409000/2150924 tos=0 (2243s)
  [passA] 1409500/2150924 tos=0 (2243s)
  [passA] 1410000/2150924 tos=0 (2243s)
  [passA] 1410500/2150924 tos=0 (2243s)
  [passA] 1411000/2150924 tos=0 (2243s)
  [passA] 1411500/2150924 tos=0 (2243s)
  [passA] 1412000/2150924 tos=0 (2244s)
  [passA] 1412500/2150924 tos=0 (2244s)
  [passA] 1413000/2150924 tos=0 (2244s)
  [passA] 1413500/2150924 tos=0 (2244s)
  [passA] 1414000/2150924 tos=0 (2244s)
  [passA] 1414500/2150924 tos=0 (2244s)
  [passA] 1415000/2150924 tos=0 (2244s)
  [passA] 1415500/2150924 tos=0 (2244s)
  [passA] 1416000/2150924 tos=0 (2244s)
  [passA] 1416500/2150924 tos=0 (2244s)
  [passA] 1417000/2150924 tos=0 (2244s)
  [passA] 1417500/2150924 tos=0 (2244s)
  [passA] 1418000/2150924 tos=0 (2244s)
  [passA] 1418500/2150924 tos=0 (2244s)
  [passA] 1419000/2150924 tos=0 (2244s)
  [passA] 1419500/2150924 tos=0 (2244s)
  [passA] 1420000/2150924 tos=0 (2244s)
  [passA] 1420500/2150924 tos=0 (2244s)
  [passA] 1421000/2150924 tos=0 (2244s)
  [passA] 1421500/2150924 tos=0 (2244s)
  [passA] 1422000/2150924 tos=0 (2244s)
  [passA] 1422500/2150924 tos=0 (2244s)
  [passA] 1423000/2150924 tos=0 (2244s)
  [passA] 1423500/2150924 tos=0 (2244s)
  [passA] 1424000/2150924 tos=0 (2244s)
  [passA] 1424500/2150924 tos=0 (2244s)
  [passA] 1425000/2150924 tos=0 (2244s)
  [passA] 1425500/2150924 tos=0 (2244s)
  [passA] 1426000/2150924 tos=0 (2244s)
  [passA] 1426500/2150924 tos=0 (2244s)
  [passA] 1427000/2150924 tos=0 (2244s)
  [passA] 1427500/2150924 tos=0 (2244s)
  [passA] 1428000/2150924 tos=0 (2244s)
  [passA] 1428500/2150924 tos=0 (2244s)
  [passA] 1429000/2150924 tos=0 (2244s)
  [passA] 1429500/2150924 tos=0 (2244s)
  [passA] 1430000/2150924 tos=0 (2244s)
  [passA] 1430500/2150924 tos=0 (2244s)
  [passA] 1431000/2150924 tos=0 (2244s)
  [passA] 1431500/2150924 tos=0 (2244s)
  [passA] 1432000/2150924 tos=0 (2244s)
  [passA] 1432500/2150924 tos=0 (2244s)
  [passA] 1433000/2150924 tos=0 (2244s)
  [passA] 1433500/2150924 tos=0 (2244s)
  [passA] 1434000/2150924 tos=0 (2244s)
  [passA] 1434500/2150924 tos=0 (2244s)
  [passA] 1435000/2150924 tos=0 (2244s)
  [passA] 1435500/2150924 tos=0 (2244s)
  [passA] 1436000/2150924 tos=0 (2244s)
  [passA] 1436500/2150924 tos=0 (2245s)
  [passA] 1437000/2150924 tos=0 (2245s)
  [passA] 1437500/2150924 tos=0 (2245s)
  [passA] 1438000/2150924 tos=0 (2245s)
  [passA] 1438500/2150924 tos=0 (2245s)
  [passA] 1439000/2150924 tos=0 (2245s)
  [passA] 1439500/2150924 tos=0 (2245s)
  [passA] 1440000/2150924 tos=0 (2245s)
  [passA] 1440500/2150924 tos=0 (2245s)
  [passA] 1441000/2150924 tos=0 (2245s)
  [passA] 1441500/2150924 tos=0 (2245s)
  [passA] 1442000/2150924 tos=0 (2245s)
  [passA] 1442500/2150924 tos=0 (2245s)
  [passA] 1443000/2150924 tos=0 (2245s)
  [passA] 1443500/2150924 tos=0 (2245s)
  [passA] 1444000/2150924 tos=0 (2245s)
  [passA] 1444500/2150924 tos=0 (2245s)
  [passA] 1445000/2150924 tos=0 (2245s)
  [passA] 1445500/2150924 tos=0 (2245s)
  [passA] 1446000/2150924 tos=0 (2245s)
  [passA] 1446500/2150924 tos=0 (2245s)
  [passA] 1447000/2150924 tos=0 (2245s)
  [passA] 1447500/2150924 tos=0 (2245s)
  [passA] 1448000/2150924 tos=0 (2245s)
  [passA] 1448500/2150924 tos=0 (2245s)
  [passA] 1449000/2150924 tos=0 (2245s)
  [passA] 1449500/2150924 tos=0 (2245s)
  [passA] 1450000/2150924 tos=0 (2245s)
  [passA] 1450500/2150924 tos=0 (2245s)
  [passA] 1451000/2150924 tos=0 (2245s)
  [passA] 1451500/2150924 tos=0 (2245s)
  [passA] 1452000/2150924 tos=0 (2245s)
  [passA] 1452500/2150924 tos=0 (2245s)
  [passA] 1453000/2150924 tos=0 (2245s)
  [passA] 1453500/2150924 tos=0 (2245s)
  [passA] 1454000/2150924 tos=0 (2245s)
  [passA] 1454500/2150924 tos=0 (2245s)
  [passA] 1455000/2150924 tos=0 (2245s)
  [passA] 1455500/2150924 tos=0 (2245s)
  [passA] 1456000/2150924 tos=0 (2245s)
  [passA] 1456500/2150924 tos=0 (2245s)
  [passA] 1457000/2150924 tos=0 (2245s)
  [passA] 1457500/2150924 tos=0 (2245s)
  [passA] 1458000/2150924 tos=0 (2245s)
  [passA] 1458500/2150924 tos=0 (2245s)
  [passA] 1459000/2150924 tos=0 (2245s)
  [passA] 1459500/2150924 tos=0 (2245s)
  [passA] 1460000/2150924 tos=0 (2245s)
  [passA] 1460500/2150924 tos=0 (2245s)
  [passA] 1461000/2150924 tos=0 (2246s)
  [passA] 1461500/2150924 tos=0 (2246s)
  [passA] 1462000/2150924 tos=0 (2246s)
  [passA] 1462500/2150924 tos=0 (2246s)
  [passA] 1463000/2150924 tos=0 (2246s)
  [passA] 1463500/2150924 tos=0 (2246s)
  [passA] 1464000/2150924 tos=0 (2246s)
  [passA] 1464500/2150924 tos=0 (2246s)
  [passA] 1465000/2150924 tos=0 (2246s)
  [passA] 1465500/2150924 tos=0 (2246s)
  [passA] 1466000/2150924 tos=0 (2246s)
  [passA] 1466500/2150924 tos=0 (2246s)
  [passA] 1467000/2150924 tos=0 (2246s)
  [passA] 1467500/2150924 tos=0 (2246s)
  [passA] 1468000/2150924 tos=0 (2246s)
  [passA] 1468500/2150924 tos=0 (2246s)
  [passA] 1469000/2150924 tos=0 (2246s)
  [passA] 1469500/2150924 tos=0 (2246s)
  [passA] 1470000/2150924 tos=0 (2246s)
  [passA] 1470500/2150924 tos=0 (2246s)
  [passA] 1471000/2150924 tos=0 (2246s)
  [passA] 1471500/2150924 tos=0 (2246s)
  [passA] 1472000/2150924 tos=0 (2246s)
  [passA] 1472500/2150924 tos=0 (2246s)
  [passA] 1473000/2150924 tos=0 (2246s)
  [passA] 1473500/2150924 tos=0 (2246s)
  [passA] 1474000/2150924 tos=0 (2246s)
  [passA] 1474500/2150924 tos=0 (2246s)
  [passA] 1475000/2150924 tos=0 (2246s)
  [passA] 1475500/2150924 tos=0 (2246s)
  [passA] 1476000/2150924 tos=0 (2246s)
  [passA] 1476500/2150924 tos=0 (2246s)
  [passA] 1477000/2150924 tos=0 (2246s)
  [passA] 1477500/2150924 tos=0 (2246s)
  [passA] 1478000/2150924 tos=0 (2246s)
  [passA] 1478500/2150924 tos=0 (2246s)
  [passA] 1479000/2150924 tos=0 (2246s)
  [passA] 1479500/2150924 tos=0 (2246s)
  [passA] 1480000/2150924 tos=0 (2246s)
  [passA] 1480500/2150924 tos=0 (2246s)
  [passA] 1481000/2150924 tos=0 (2246s)
  [passA] 1481500/2150924 tos=0 (2246s)
  [passA] 1482000/2150924 tos=0 (2246s)
  [passA] 1482500/2150924 tos=0 (2246s)
  [passA] 1483000/2150924 tos=0 (2246s)
  [passA] 1483500/2150924 tos=0 (2246s)
  [passA] 1484000/2150924 tos=0 (2246s)
  [passA] 1484500/2150924 tos=0 (2246s)
  [passA] 1485000/2150924 tos=0 (2246s)
  [passA] 1485500/2150924 tos=0 (2247s)
  [passA] 1486000/2150924 tos=0 (2247s)
  [passA] 1486500/2150924 tos=0 (2247s)
  [passA] 1487000/2150924 tos=0 (2247s)
  [passA] 1487500/2150924 tos=0 (2247s)
  [passA] 1488000/2150924 tos=0 (2247s)
  [passA] 1488500/2150924 tos=0 (2247s)
  [passA] 1489000/2150924 tos=0 (2247s)
  [passA] 1489500/2150924 tos=0 (2247s)
  [passA] 1490000/2150924 tos=0 (2247s)
  [passA] 1490500/2150924 tos=0 (2247s)
  [passA] 1491000/2150924 tos=0 (2247s)
  [passA] 1491500/2150924 tos=0 (2247s)
  [passA] 1492000/2150924 tos=0 (2247s)
  [passA] 1492500/2150924 tos=0 (2247s)
  [passA] 1493000/2150924 tos=0 (2247s)
  [passA] 1493500/2150924 tos=0 (2247s)
  [passA] 1494000/2150924 tos=0 (2247s)
  [passA] 1494500/2150924 tos=0 (2247s)
  [passA] 1495000/2150924 tos=0 (2247s)
  [passA] 1495500/2150924 tos=0 (2247s)
  [passA] 1496000/2150924 tos=0 (2247s)
  [passA] 1496500/2150924 tos=0 (2247s)
  [passA] 1497000/2150924 tos=0 (2247s)
  [passA] 1497500/2150924 tos=0 (2247s)
  [passA] 1498000/2150924 tos=0 (2247s)
  [passA] 1498500/2150924 tos=0 (2247s)
  [passA] 1499000/2150924 tos=0 (2247s)
  [passA] 1499500/2150924 tos=0 (2247s)
  [passA] 1500000/2150924 tos=0 (2247s)
  [passA] 1500500/2150924 tos=0 (2247s)
  [passA] 1501000/2150924 tos=0 (2247s)
  [passA] 1501500/2150924 tos=0 (2247s)
  [passA] 1502000/2150924 tos=0 (2247s)
  [passA] 1502500/2150924 tos=0 (2247s)
  [passA] 1503000/2150924 tos=0 (2247s)
  [passA] 1503500/2150924 tos=0 (2247s)
  [passA] 1504000/2150924 tos=0 (2247s)
  [passA] 1504500/2150924 tos=0 (2247s)
  [passA] 1505000/2150924 tos=0 (2247s)
  [passA] 1505500/2150924 tos=0 (2247s)
  [passA] 1506000/2150924 tos=0 (2247s)
  [passA] 1506500/2150924 tos=0 (2247s)
  [passA] 1507000/2150924 tos=0 (2247s)
  [passA] 1507500/2150924 tos=0 (2247s)
  [passA] 1508000/2150924 tos=0 (2247s)
  [passA] 1508500/2150924 tos=0 (2247s)
  [passA] 1509000/2150924 tos=0 (2247s)
  [passA] 1509500/2150924 tos=0 (2248s)
  [passA] 1510000/2150924 tos=0 (2248s)
  [passA] 1510500/2150924 tos=0 (2248s)
  [passA] 1511000/2150924 tos=0 (2248s)
  [passA] 1511500/2150924 tos=0 (2248s)
  [passA] 1512000/2150924 tos=0 (2248s)
  [passA] 1512500/2150924 tos=0 (2248s)
  [passA] 1513000/2150924 tos=0 (2248s)
  [passA] 1513500/2150924 tos=0 (2248s)
  [passA] 1514000/2150924 tos=0 (2248s)
  [passA] 1514500/2150924 tos=0 (2248s)
  [passA] 1515000/2150924 tos=0 (2248s)
  [passA] 1515500/2150924 tos=0 (2248s)
  [passA] 1516000/2150924 tos=0 (2248s)
  [passA] 1516500/2150924 tos=0 (2248s)
  [passA] 1517000/2150924 tos=0 (2248s)
  [passA] 1517500/2150924 tos=0 (2248s)
  [passA] 1518000/2150924 tos=0 (2248s)
  [passA] 1518500/2150924 tos=0 (2248s)
  [passA] 1519000/2150924 tos=0 (2248s)
  [passA] 1519500/2150924 tos=0 (2248s)
  [passA] 1520000/2150924 tos=0 (2248s)
  [passA] 1520500/2150924 tos=0 (2248s)
  [passA] 1521000/2150924 tos=0 (2248s)
  [passA] 1521500/2150924 tos=0 (2248s)
  [passA] 1522000/2150924 tos=0 (2248s)
  [passA] 1522500/2150924 tos=0 (2248s)
  [passA] 1523000/2150924 tos=0 (2248s)
  [passA] 1523500/2150924 tos=0 (2248s)
  [passA] 1524000/2150924 tos=0 (2248s)
  [passA] 1524500/2150924 tos=0 (2248s)
  [passA] 1525000/2150924 tos=0 (2248s)
  [passA] 1525500/2150924 tos=0 (2248s)
  [passA] 1526000/2150924 tos=0 (2248s)
  [passA] 1526500/2150924 tos=0 (2248s)
  [passA] 1527000/2150924 tos=0 (2248s)
  [passA] 1527500/2150924 tos=0 (2248s)
  [passA] 1528000/2150924 tos=0 (2248s)
  [passA] 1528500/2150924 tos=0 (2248s)
  [passA] 1529000/2150924 tos=0 (2248s)
  [passA] 1529500/2150924 tos=0 (2248s)
  [passA] 1530000/2150924 tos=0 (2248s)
  [passA] 1530500/2150924 tos=0 (2248s)
  [passA] 1531000/2150924 tos=0 (2248s)
  [passA] 1531500/2150924 tos=0 (2248s)
  [passA] 1532000/2150924 tos=0 (2248s)
  [passA] 1532500/2150924 tos=0 (2248s)
  [passA] 1533000/2150924 tos=0 (2248s)
  [passA] 1533500/2150924 tos=0 (2248s)
  [passA] 1534000/2150924 tos=0 (2248s)
  [passA] 1534500/2150924 tos=0 (2248s)
  [passA] 1535000/2150924 tos=0 (2249s)
  [passA] 1535500/2150924 tos=0 (2249s)
  [passA] 1536000/2150924 tos=0 (2249s)
  [passA] 1536500/2150924 tos=0 (2249s)
  [passA] 1537000/2150924 tos=0 (2249s)
  [passA] 1537500/2150924 tos=0 (2249s)
  [passA] 1538000/2150924 tos=0 (2249s)
  [passA] 1538500/2150924 tos=0 (2249s)
  [passA] 1539000/2150924 tos=0 (2249s)
  [passA] 1539500/2150924 tos=0 (2249s)
  [passA] 1540000/2150924 tos=0 (2249s)
  [passA] 1540500/2150924 tos=0 (2249s)
  [passA] 1541000/2150924 tos=0 (2249s)
  [passA] 1541500/2150924 tos=0 (2249s)
  [passA] 1542000/2150924 tos=0 (2249s)
  [passA] 1542500/2150924 tos=0 (2249s)
  [passA] 1543000/2150924 tos=0 (2249s)
  [passA] 1543500/2150924 tos=0 (2249s)
  [passA] 1544000/2150924 tos=0 (2249s)
  [passA] 1544500/2150924 tos=0 (2249s)
  [passA] 1545000/2150924 tos=0 (2249s)
  [passA] 1545500/2150924 tos=0 (2249s)
  [passA] 1546000/2150924 tos=0 (2249s)
  [passA] 1546500/2150924 tos=0 (2249s)
  [passA] 1547000/2150924 tos=0 (2249s)
  [passA] 1547500/2150924 tos=0 (2249s)
  [passA] 1548000/2150924 tos=0 (2249s)
  [passA] 1548500/2150924 tos=0 (2249s)
  [passA] 1549000/2150924 tos=0 (2249s)
  [passA] 1549500/2150924 tos=0 (2249s)
  [passA] 1550000/2150924 tos=0 (2249s)
  [passA] 1550500/2150924 tos=0 (2249s)
  [passA] 1551000/2150924 tos=0 (2249s)
  [passA] 1551500/2150924 tos=0 (2249s)
  [passA] 1552000/2150924 tos=0 (2249s)
  [passA] 1552500/2150924 tos=0 (2249s)
  [passA] 1553000/2150924 tos=0 (2249s)
  [passA] 1553500/2150924 tos=0 (2249s)
  [passA] 1554000/2150924 tos=0 (2249s)
  [passA] 1554500/2150924 tos=0 (2249s)
  [passA] 1555000/2150924 tos=0 (2249s)
  [passA] 1555500/2150924 tos=0 (2249s)
  [passA] 1556000/2150924 tos=0 (2249s)
  [passA] 1556500/2150924 tos=0 (2249s)
  [passA] 1557000/2150924 tos=0 (2249s)
  [passA] 1557500/2150924 tos=0 (2249s)
  [passA] 1558000/2150924 tos=0 (2249s)
  [passA] 1558500/2150924 tos=0 (2249s)
  [passA] 1559000/2150924 tos=0 (2250s)
  [passA] 1559500/2150924 tos=0 (2250s)
  [passA] 1560000/2150924 tos=0 (2250s)
  [passA] 1560500/2150924 tos=0 (2250s)
  [passA] 1561000/2150924 tos=0 (2250s)
  [passA] 1561500/2150924 tos=0 (2250s)
  [passA] 1562000/2150924 tos=0 (2250s)
  [passA] 1562500/2150924 tos=0 (2250s)
  [passA] 1563000/2150924 tos=0 (2250s)
  [passA] 1563500/2150924 tos=0 (2250s)
  [passA] 1564000/2150924 tos=0 (2250s)
  [passA] 1564500/2150924 tos=0 (2250s)
  [passA] 1565000/2150924 tos=0 (2250s)
  [passA] 1565500/2150924 tos=0 (2250s)
  [passA] 1566000/2150924 tos=0 (2250s)
  [passA] 1566500/2150924 tos=0 (2250s)
  [passA] 1567000/2150924 tos=0 (2250s)
  [passA] 1567500/2150924 tos=0 (2250s)
  [passA] 1568000/2150924 tos=0 (2250s)
  [passA] 1568500/2150924 tos=0 (2250s)
  [passA] 1569000/2150924 tos=0 (2250s)
  [passA] 1569500/2150924 tos=0 (2250s)
  [passA] 1570000/2150924 tos=0 (2250s)
  [passA] 1570500/2150924 tos=0 (2250s)
  [passA] 1571000/2150924 tos=0 (2250s)
  [passA] 1571500/2150924 tos=0 (2250s)
  [passA] 1572000/2150924 tos=0 (2250s)
  [passA] 1572500/2150924 tos=0 (2250s)
  [passA] 1573000/2150924 tos=0 (2250s)
  [passA] 1573500/2150924 tos=0 (2250s)
  [passA] 1574000/2150924 tos=0 (2250s)
  [passA] 1574500/2150924 tos=0 (2250s)
  [passA] 1575000/2150924 tos=0 (2250s)
  [passA] 1575500/2150924 tos=0 (2250s)
  [passA] 1576000/2150924 tos=0 (2250s)
  [passA] 1576500/2150924 tos=0 (2250s)
  [passA] 1577000/2150924 tos=0 (2250s)
  [passA] 1577500/2150924 tos=0 (2250s)
  [passA] 1578000/2150924 tos=0 (2250s)
  [passA] 1578500/2150924 tos=0 (2250s)
  [passA] 1579000/2150924 tos=0 (2250s)
  [passA] 1579500/2150924 tos=0 (2250s)
  [passA] 1580000/2150924 tos=0 (2250s)
  [passA] 1580500/2150924 tos=0 (2250s)
  [passA] 1581000/2150924 tos=0 (2250s)
  [passA] 1581500/2150924 tos=0 (2250s)
  [passA] 1582000/2150924 tos=0 (2250s)
  [passA] 1582500/2150924 tos=0 (2250s)
  [passA] 1583000/2150924 tos=0 (2250s)
  [passA] 1583500/2150924 tos=0 (2250s)
  [passA] 1584000/2150924 tos=0 (2250s)
  [passA] 1584500/2150924 tos=0 (2250s)
  [passA] 1585000/2150924 tos=0 (2251s)
  [passA] 1585500/2150924 tos=0 (2251s)
  [passA] 1586000/2150924 tos=0 (2251s)
  [passA] 1586500/2150924 tos=0 (2251s)
  [passA] 1587000/2150924 tos=0 (2251s)
  [passA] 1587500/2150924 tos=0 (2251s)
  [passA] 1588000/2150924 tos=0 (2251s)
  [passA] 1588500/2150924 tos=0 (2251s)
  [passA] 1589000/2150924 tos=0 (2251s)
  [passA] 1589500/2150924 tos=0 (2251s)
  [passA] 1590000/2150924 tos=0 (2251s)
  [passA] 1590500/2150924 tos=0 (2251s)
  [passA] 1591000/2150924 tos=0 (2251s)
  [passA] 1591500/2150924 tos=0 (2251s)
  [passA] 1592000/2150924 tos=0 (2251s)
  [passA] 1592500/2150924 tos=0 (2251s)
  [passA] 1593000/2150924 tos=0 (2251s)
  [passA] 1593500/2150924 tos=0 (2251s)
  [passA] 1594000/2150924 tos=0 (2251s)
  [passA] 1594500/2150924 tos=0 (2251s)
  [passA] 1595000/2150924 tos=0 (2251s)
  [passA] 1595500/2150924 tos=0 (2251s)
  [passA] 1596000/2150924 tos=0 (2251s)
  [passA] 1596500/2150924 tos=0 (2251s)
  [passA] 1597000/2150924 tos=0 (2251s)
  [passA] 1597500/2150924 tos=0 (2251s)
  [passA] 1598000/2150924 tos=0 (2251s)
  [passA] 1598500/2150924 tos=0 (2251s)
  [passA] 1599000/2150924 tos=0 (2251s)
  [passA] 1599500/2150924 tos=0 (2251s)
  [passA] 1600000/2150924 tos=0 (2251s)
  [passA] 1600500/2150924 tos=0 (2251s)
  [passA] 1601000/2150924 tos=0 (2251s)
  [passA] 1601500/2150924 tos=0 (2251s)
  [passA] 1602000/2150924 tos=0 (2251s)
  [passA] 1602500/2150924 tos=0 (2251s)
  [passA] 1603000/2150924 tos=0 (2251s)
  [passA] 1603500/2150924 tos=0 (2251s)
  [passA] 1604000/2150924 tos=0 (2251s)
  [passA] 1604500/2150924 tos=0 (2251s)
  [passA] 1605000/2150924 tos=0 (2251s)
  [passA] 1605500/2150924 tos=0 (2251s)
  [passA] 1606000/2150924 tos=0 (2251s)
  [passA] 1606500/2150924 tos=0 (2251s)
  [passA] 1607000/2150924 tos=0 (2251s)
  [passA] 1607500/2150924 tos=0 (2251s)
  [passA] 1608000/2150924 tos=0 (2251s)
  [passA] 1608500/2150924 tos=0 (2251s)
  [passA] 1609000/2150924 tos=0 (2251s)
  [passA] 1609500/2150924 tos=0 (2251s)
  [passA] 1610000/2150924 tos=0 (2252s)
  [passA] 1610500/2150924 tos=0 (2252s)
  [passA] 1611000/2150924 tos=0 (2252s)
  [passA] 1611500/2150924 tos=0 (2252s)
  [passA] 1612000/2150924 tos=0 (2252s)
  [passA] 1612500/2150924 tos=0 (2252s)
  [passA] 1613000/2150924 tos=0 (2252s)
  [passA] 1613500/2150924 tos=0 (2252s)
  [passA] 1614000/2150924 tos=0 (2252s)
  [passA] 1614500/2150924 tos=0 (2252s)
  [passA] 1615000/2150924 tos=0 (2252s)
  [passA] 1615500/2150924 tos=0 (2252s)
  [passA] 1616000/2150924 tos=0 (2252s)
  [passA] 1616500/2150924 tos=0 (2252s)
  [passA] 1617000/2150924 tos=0 (2252s)
  [passA] 1617500/2150924 tos=0 (2252s)
  [passA] 1618000/2150924 tos=0 (2252s)
  [passA] 1618500/2150924 tos=0 (2252s)
  [passA] 1619000/2150924 tos=0 (2252s)
  [passA] 1619500/2150924 tos=0 (2252s)
  [passA] 1620000/2150924 tos=0 (2252s)
  [passA] 1620500/2150924 tos=0 (2252s)
  [passA] 1621000/2150924 tos=0 (2252s)
  [passA] 1621500/2150924 tos=0 (2252s)
  [passA] 1622000/2150924 tos=0 (2252s)
  [passA] 1622500/2150924 tos=0 (2252s)
  [passA] 1623000/2150924 tos=0 (2252s)
  [passA] 1623500/2150924 tos=0 (2252s)
  [passA] 1624000/2150924 tos=0 (2252s)
  [passA] 1624500/2150924 tos=0 (2252s)
  [passA] 1625000/2150924 tos=0 (2252s)
  [passA] 1625500/2150924 tos=0 (2252s)
  [passA] 1626000/2150924 tos=0 (2252s)
  [passA] 1626500/2150924 tos=0 (2252s)
  [passA] 1627000/2150924 tos=0 (2252s)
  [passA] 1627500/2150924 tos=0 (2252s)
  [passA] 1628000/2150924 tos=0 (2252s)
  [passA] 1628500/2150924 tos=0 (2252s)
  [passA] 1629000/2150924 tos=0 (2252s)
  [passA] 1629500/2150924 tos=0 (2252s)
  [passA] 1630000/2150924 tos=0 (2252s)
  [passA] 1630500/2150924 tos=0 (2252s)
  [passA] 1631000/2150924 tos=0 (2252s)
  [passA] 1631500/2150924 tos=0 (2252s)
  [passA] 1632000/2150924 tos=0 (2252s)
  [passA] 1632500/2150924 tos=0 (2252s)
  [passA] 1633000/2150924 tos=0 (2252s)
  [passA] 1633500/2150924 tos=0 (2252s)
  [passA] 1634000/2150924 tos=0 (2252s)
  [passA] 1634500/2150924 tos=0 (2252s)
  [passA] 1635000/2150924 tos=0 (2253s)
  [passA] 1635500/2150924 tos=0 (2253s)
  [passA] 1636000/2150924 tos=0 (2253s)
  [passA] 1636500/2150924 tos=0 (2253s)
  [passA] 1637000/2150924 tos=0 (2253s)
  [passA] 1637500/2150924 tos=0 (2253s)
  [passA] 1638000/2150924 tos=0 (2253s)
  [passA] 1638500/2150924 tos=0 (2253s)
  [passA] 1639000/2150924 tos=0 (2253s)
  [passA] 1639500/2150924 tos=0 (2253s)
  [passA] 1640000/2150924 tos=0 (2253s)
  [passA] 1640500/2150924 tos=0 (2253s)
  [passA] 1641000/2150924 tos=0 (2253s)
  [passA] 1641500/2150924 tos=0 (2253s)
  [passA] 1642000/2150924 tos=0 (2253s)
  [passA] 1642500/2150924 tos=0 (2253s)
  [passA] 1643000/2150924 tos=0 (2253s)
  [passA] 1643500/2150924 tos=0 (2253s)
  [passA] 1644000/2150924 tos=0 (2253s)
  [passA] 1644500/2150924 tos=0 (2253s)
  [passA] 1645000/2150924 tos=0 (2253s)
  [passA] 1645500/2150924 tos=0 (2253s)
  [passA] 1646000/2150924 tos=0 (2253s)
  [passA] 1646500/2150924 tos=0 (2253s)
  [passA] 1647000/2150924 tos=0 (2253s)
  [passA] 1647500/2150924 tos=0 (2253s)
  [passA] 1648000/2150924 tos=0 (2253s)
  [passA] 1648500/2150924 tos=0 (2253s)
  [passA] 1649000/2150924 tos=0 (2253s)
  [passA] 1649500/2150924 tos=0 (2253s)
  [passA] 1650000/2150924 tos=0 (2253s)
  [passA] 1650500/2150924 tos=0 (2253s)
  [passA] 1651000/2150924 tos=0 (2253s)
  [passA] 1651500/2150924 tos=0 (2253s)
  [passA] 1652000/2150924 tos=0 (2253s)
  [passA] 1652500/2150924 tos=0 (2253s)
  [passA] 1653000/2150924 tos=0 (2253s)
  [passA] 1653500/2150924 tos=0 (2253s)
  [passA] 1654000/2150924 tos=0 (2253s)
  [passA] 1654500/2150924 tos=0 (2253s)
  [passA] 1655000/2150924 tos=0 (2253s)
  [passA] 1655500/2150924 tos=0 (2253s)
  [passA] 1656000/2150924 tos=0 (2253s)
  [passA] 1656500/2150924 tos=0 (2253s)
  [passA] 1657000/2150924 tos=0 (2253s)
  [passA] 1657500/2150924 tos=0 (2253s)
  [passA] 1658000/2150924 tos=0 (2253s)
  [passA] 1658500/2150924 tos=0 (2253s)
  [passA] 1659000/2150924 tos=0 (2253s)
  [passA] 1659500/2150924 tos=0 (2253s)
  [passA] 1660000/2150924 tos=0 (2253s)
  [passA] 1660500/2150924 tos=0 (2253s)
  [passA] 1661000/2150924 tos=0 (2254s)
  [passA] 1661500/2150924 tos=0 (2254s)
  [passA] 1662000/2150924 tos=0 (2254s)
  [passA] 1662500/2150924 tos=0 (2254s)
  [passA] 1663000/2150924 tos=0 (2254s)
  [passA] 1663500/2150924 tos=0 (2254s)
  [passA] 1664000/2150924 tos=0 (2254s)
  [passA] 1664500/2150924 tos=0 (2254s)
  [passA] 1665000/2150924 tos=0 (2254s)
  [passA] 1665500/2150924 tos=0 (2254s)
  [passA] 1666000/2150924 tos=0 (2254s)
  [passA] 1666500/2150924 tos=0 (2254s)
  [passA] 1667000/2150924 tos=0 (2254s)
  [passA] 1667500/2150924 tos=0 (2254s)
  [passA] 1668000/2150924 tos=0 (2254s)
  [passA] 1668500/2150924 tos=0 (2254s)
  [passA] 1669000/2150924 tos=0 (2254s)
  [passA] 1669500/2150924 tos=0 (2254s)
  [passA] 1670000/2150924 tos=0 (2254s)
  [passA] 1670500/2150924 tos=0 (2254s)
  [passA] 1671000/2150924 tos=0 (2254s)
  [passA] 1671500/2150924 tos=0 (2254s)
  [passA] 1672000/2150924 tos=0 (2254s)
  [passA] 1672500/2150924 tos=0 (2254s)
  [passA] 1673000/2150924 tos=0 (2254s)
  [passA] 1673500/2150924 tos=0 (2254s)
  [passA] 1674000/2150924 tos=0 (2254s)
  [passA] 1674500/2150924 tos=0 (2254s)
  [passA] 1675000/2150924 tos=0 (2254s)
  [passA] 1675500/2150924 tos=0 (2254s)
  [passA] 1676000/2150924 tos=0 (2254s)
  [passA] 1676500/2150924 tos=0 (2254s)
  [passA] 1677000/2150924 tos=0 (2254s)
  [passA] 1677500/2150924 tos=0 (2254s)
  [passA] 1678000/2150924 tos=0 (2254s)
  [passA] 1678500/2150924 tos=0 (2254s)
  [passA] 1679000/2150924 tos=0 (2254s)
  [passA] 1679500/2150924 tos=0 (2254s)
  [passA] 1680000/2150924 tos=0 (2254s)
  [passA] 1680500/2150924 tos=0 (2254s)
  [passA] 1681000/2150924 tos=0 (2254s)
  [passA] 1681500/2150924 tos=0 (2254s)
  [passA] 1682000/2150924 tos=0 (2254s)
  [passA] 1682500/2150924 tos=0 (2254s)
  [passA] 1683000/2150924 tos=0 (2254s)
  [passA] 1683500/2150924 tos=0 (2254s)
  [passA] 1684000/2150924 tos=0 (2254s)
  [passA] 1684500/2150924 tos=0 (2254s)
  [passA] 1685000/2150924 tos=0 (2254s)
  [passA] 1685500/2150924 tos=0 (2254s)
  [passA] 1686000/2150924 tos=0 (2254s)
  [passA] 1686500/2150924 tos=0 (2255s)
  [passA] 1687000/2150924 tos=0 (2255s)
  [passA] 1687500/2150924 tos=0 (2255s)
  [passA] 1688000/2150924 tos=0 (2255s)
  [passA] 1688500/2150924 tos=0 (2255s)
  [passA] 1689000/2150924 tos=0 (2255s)
  [passA] 1689500/2150924 tos=0 (2255s)
  [passA] 1690000/2150924 tos=0 (2255s)
  [passA] 1690500/2150924 tos=0 (2255s)
  [passA] 1691000/2150924 tos=0 (2255s)
  [passA] 1691500/2150924 tos=0 (2255s)
  [passA] 1692000/2150924 tos=0 (2255s)
  [passA] 1692500/2150924 tos=0 (2255s)
  [passA] 1693000/2150924 tos=0 (2255s)
  [passA] 1693500/2150924 tos=0 (2255s)
  [passA] 1694000/2150924 tos=0 (2255s)
  [passA] 1694500/2150924 tos=0 (2255s)
  [passA] 1695000/2150924 tos=0 (2255s)
  [passA] 1695500/2150924 tos=0 (2255s)
  [passA] 1696000/2150924 tos=0 (2255s)
  [passA] 1696500/2150924 tos=0 (2255s)
  [passA] 1697000/2150924 tos=0 (2255s)
  [passA] 1697500/2150924 tos=0 (2255s)
  [passA] 1698000/2150924 tos=0 (2255s)
  [passA] 1698500/2150924 tos=0 (2255s)
  [passA] 1699000/2150924 tos=0 (2255s)
  [passA] 1699500/2150924 tos=0 (2255s)
  [passA] 1700000/2150924 tos=0 (2255s)
  [passA] 1700500/2150924 tos=0 (2255s)
  [passA] 1701000/2150924 tos=0 (2255s)
  [passA] 1701500/2150924 tos=0 (2255s)
  [passA] 1702000/2150924 tos=0 (2255s)
  [passA] 1702500/2150924 tos=0 (2255s)
  [passA] 1703000/2150924 tos=0 (2255s)
  [passA] 1703500/2150924 tos=0 (2255s)
  [passA] 1704000/2150924 tos=0 (2255s)
  [passA] 1704500/2150924 tos=0 (2255s)
  [passA] 1705000/2150924 tos=0 (2255s)
  [passA] 1705500/2150924 tos=0 (2255s)
  [passA] 1706000/2150924 tos=0 (2255s)
  [passA] 1706500/2150924 tos=0 (2255s)
  [passA] 1707000/2150924 tos=0 (2255s)
  [passA] 1707500/2150924 tos=0 (2255s)
  [passA] 1708000/2150924 tos=0 (2255s)
  [passA] 1708500/2150924 tos=0 (2255s)
  [passA] 1709000/2150924 tos=0 (2255s)
  [passA] 1709500/2150924 tos=0 (2255s)
  [passA] 1710000/2150924 tos=0 (2255s)
  [passA] 1710500/2150924 tos=0 (2255s)
  [passA] 1711000/2150924 tos=0 (2255s)
  [passA] 1711500/2150924 tos=0 (2255s)
  [passA] 1712000/2150924 tos=0 (2255s)
  [passA] 1712500/2150924 tos=0 (2255s)
  [passA] 1713000/2150924 tos=0 (2255s)
  [passA] 1713500/2150924 tos=0 (2255s)
  [passA] 1714000/2150924 tos=0 (2256s)
  [passA] 1714500/2150924 tos=0 (2256s)
  [passA] 1715000/2150924 tos=0 (2256s)
  [passA] 1715500/2150924 tos=0 (2256s)
  [passA] 1716000/2150924 tos=0 (2256s)
  [passA] 1716500/2150924 tos=0 (2256s)
  [passA] 1717000/2150924 tos=0 (2256s)
  [passA] 1717500/2150924 tos=0 (2256s)
  [passA] 1718000/2150924 tos=0 (2256s)
  [passA] 1718500/2150924 tos=0 (2256s)
  [passA] 1719000/2150924 tos=0 (2256s)
  [passA] 1719500/2150924 tos=0 (2256s)
  [passA] 1720000/2150924 tos=0 (2256s)
  [passA] 1720500/2150924 tos=0 (2256s)
  [passA] 1721000/2150924 tos=0 (2256s)
  [passA] 1721500/2150924 tos=0 (2256s)
  [passA] 1722000/2150924 tos=0 (2256s)
  [passA] 1722500/2150924 tos=0 (2256s)
  [passA] 1723000/2150924 tos=0 (2256s)
  [passA] 1723500/2150924 tos=0 (2256s)
  [passA] 1724000/2150924 tos=0 (2256s)
  [passA] 1724500/2150924 tos=0 (2256s)
  [passA] 1725000/2150924 tos=0 (2256s)
  [passA] 1725500/2150924 tos=0 (2256s)
  [passA] 1726000/2150924 tos=0 (2256s)
  [passA] 1726500/2150924 tos=0 (2256s)
  [passA] 1727000/2150924 tos=0 (2256s)
  [passA] 1727500/2150924 tos=0 (2256s)
  [passA] 1728000/2150924 tos=0 (2256s)
  [passA] 1728500/2150924 tos=0 (2256s)
  [passA] 1729000/2150924 tos=0 (2256s)
  [passA] 1729500/2150924 tos=0 (2256s)
  [passA] 1730000/2150924 tos=0 (2256s)
  [passA] 1730500/2150924 tos=0 (2256s)
  [passA] 1731000/2150924 tos=0 (2256s)
  [passA] 1731500/2150924 tos=0 (2256s)
  [passA] 1732000/2150924 tos=0 (2256s)
  [passA] 1732500/2150924 tos=0 (2256s)
  [passA] 1733000/2150924 tos=0 (2256s)
  [passA] 1733500/2150924 tos=0 (2256s)
  [passA] 1734000/2150924 tos=0 (2256s)
  [passA] 1734500/2150924 tos=0 (2256s)
  [passA] 1735000/2150924 tos=0 (2256s)
  [passA] 1735500/2150924 tos=0 (2256s)
  [passA] 1736000/2150924 tos=0 (2256s)
  [passA] 1736500/2150924 tos=0 (2256s)
  [passA] 1737000/2150924 tos=0 (2256s)
  [passA] 1737500/2150924 tos=0 (2256s)
  [passA] 1738000/2150924 tos=0 (2256s)
  [passA] 1738500/2150924 tos=0 (2256s)
  [passA] 1739000/2150924 tos=0 (2256s)
  [passA] 1739500/2150924 tos=0 (2256s)
  [passA] 1740000/2150924 tos=0 (2257s)
  [passA] 1740500/2150924 tos=0 (2257s)
  [passA] 1741000/2150924 tos=0 (2257s)
  [passA] 1741500/2150924 tos=0 (2257s)
  [passA] 1742000/2150924 tos=0 (2257s)
  [passA] 1742500/2150924 tos=0 (2257s)
  [passA] 1743000/2150924 tos=0 (2257s)
  [passA] 1743500/2150924 tos=0 (2257s)
  [passA] 1744000/2150924 tos=0 (2257s)
  [passA] 1744500/2150924 tos=0 (2257s)
  [passA] 1745000/2150924 tos=0 (2257s)
  [passA] 1745500/2150924 tos=0 (2257s)
  [passA] 1746000/2150924 tos=0 (2257s)
  [passA] 1746500/2150924 tos=0 (2257s)
  [passA] 1747000/2150924 tos=0 (2257s)
  [passA] 1747500/2150924 tos=0 (2257s)
  [passA] 1748000/2150924 tos=0 (2257s)
  [passA] 1748500/2150924 tos=0 (2257s)
  [passA] 1749000/2150924 tos=0 (2257s)
  [passA] 1749500/2150924 tos=0 (2257s)
  [passA] 1750000/2150924 tos=0 (2257s)
  [passA] 1750500/2150924 tos=0 (2257s)
  [passA] 1751000/2150924 tos=0 (2257s)
  [passA] 1751500/2150924 tos=0 (2257s)
  [passA] 1752000/2150924 tos=0 (2257s)
  [passA] 1752500/2150924 tos=0 (2257s)
  [passA] 1753000/2150924 tos=0 (2257s)
  [passA] 1753500/2150924 tos=0 (2257s)
  [passA] 1754000/2150924 tos=0 (2257s)
  [passA] 1754500/2150924 tos=0 (2257s)
  [passA] 1755000/2150924 tos=0 (2257s)
  [passA] 1755500/2150924 tos=0 (2257s)
  [passA] 1756000/2150924 tos=0 (2257s)
  [passA] 1756500/2150924 tos=0 (2257s)
  [passA] 1757000/2150924 tos=0 (2257s)
  [passA] 1757500/2150924 tos=0 (2257s)
  [passA] 1758000/2150924 tos=0 (2257s)
  [passA] 1758500/2150924 tos=0 (2257s)
  [passA] 1759000/2150924 tos=0 (2257s)
  [passA] 1759500/2150924 tos=0 (2257s)
  [passA] 1760000/2150924 tos=0 (2257s)
  [passA] 1760500/2150924 tos=0 (2257s)
  [passA] 1761000/2150924 tos=0 (2257s)
  [passA] 1761500/2150924 tos=0 (2257s)
  [passA] 1762000/2150924 tos=0 (2257s)
  [passA] 1762500/2150924 tos=0 (2257s)
  [passA] 1763000/2150924 tos=0 (2257s)
  [passA] 1763500/2150924 tos=0 (2257s)
  [passA] 1764000/2150924 tos=0 (2257s)
  [passA] 1764500/2150924 tos=0 (2257s)
  [passA] 1765000/2150924 tos=0 (2257s)
  [passA] 1765500/2150924 tos=0 (2257s)
  [passA] 1766000/2150924 tos=0 (2258s)
  [passA] 1766500/2150924 tos=0 (2258s)
  [passA] 1767000/2150924 tos=0 (2258s)
  [passA] 1767500/2150924 tos=0 (2258s)
  [passA] 1768000/2150924 tos=0 (2258s)
  [passA] 1768500/2150924 tos=0 (2258s)
  [passA] 1769000/2150924 tos=0 (2258s)
  [passA] 1769500/2150924 tos=0 (2258s)
  [passA] 1770000/2150924 tos=0 (2258s)
  [passA] 1770500/2150924 tos=0 (2258s)
  [passA] 1771000/2150924 tos=0 (2258s)
  [passA] 1771500/2150924 tos=0 (2258s)
  [passA] 1772000/2150924 tos=0 (2258s)
  [passA] 1772500/2150924 tos=0 (2258s)
  [passA] 1773000/2150924 tos=0 (2258s)
  [passA] 1773500/2150924 tos=0 (2258s)
  [passA] 1774000/2150924 tos=0 (2258s)
  [passA] 1774500/2150924 tos=0 (2258s)
  [passA] 1775000/2150924 tos=0 (2258s)
  [passA] 1775500/2150924 tos=0 (2258s)
  [passA] 1776000/2150924 tos=0 (2258s)
  [passA] 1776500/2150924 tos=0 (2258s)
  [passA] 1777000/2150924 tos=0 (2258s)
  [passA] 1777500/2150924 tos=0 (2258s)
  [passA] 1778000/2150924 tos=0 (2258s)
  [passA] 1778500/2150924 tos=0 (2258s)
  [passA] 1779000/2150924 tos=0 (2258s)
  [passA] 1779500/2150924 tos=0 (2258s)
  [passA] 1780000/2150924 tos=0 (2258s)
  [passA] 1780500/2150924 tos=0 (2258s)
  [passA] 1781000/2150924 tos=0 (2258s)
  [passA] 1781500/2150924 tos=0 (2258s)
  [passA] 1782000/2150924 tos=0 (2258s)
  [passA] 1782500/2150924 tos=0 (2258s)
  [passA] 1783000/2150924 tos=0 (2258s)
  [passA] 1783500/2150924 tos=0 (2258s)
  [passA] 1784000/2150924 tos=0 (2258s)
  [passA] 1784500/2150924 tos=0 (2258s)
  [passA] 1785000/2150924 tos=0 (2258s)
  [passA] 1785500/2150924 tos=0 (2258s)
  [passA] 1786000/2150924 tos=0 (2258s)
  [passA] 1786500/2150924 tos=0 (2258s)
  [passA] 1787000/2150924 tos=0 (2258s)
  [passA] 1787500/2150924 tos=0 (2258s)
  [passA] 1788000/2150924 tos=0 (2258s)
  [passA] 1788500/2150924 tos=0 (2258s)
  [passA] 1789000/2150924 tos=0 (2258s)
  [passA] 1789500/2150924 tos=0 (2258s)
  [passA] 1790000/2150924 tos=0 (2258s)
  [passA] 1790500/2150924 tos=0 (2258s)
  [passA] 1791000/2150924 tos=0 (2258s)
  [passA] 1791500/2150924 tos=0 (2258s)
  [passA] 1792000/2150924 tos=0 (2259s)
  [passA] 1792500/2150924 tos=0 (2259s)
  [passA] 1793000/2150924 tos=0 (2259s)
  [passA] 1793500/2150924 tos=0 (2259s)
  [passA] 1794000/2150924 tos=0 (2259s)
  [passA] 1794500/2150924 tos=0 (2259s)
  [passA] 1795000/2150924 tos=0 (2259s)
  [passA] 1795500/2150924 tos=0 (2259s)
  [passA] 1796000/2150924 tos=0 (2259s)
  [passA] 1796500/2150924 tos=0 (2259s)
  [passA] 1797000/2150924 tos=0 (2259s)
  [passA] 1797500/2150924 tos=0 (2259s)
  [passA] 1798000/2150924 tos=0 (2259s)
  [passA] 1798500/2150924 tos=0 (2259s)
  [passA] 1799000/2150924 tos=0 (2259s)
  [passA] 1799500/2150924 tos=0 (2259s)
  [passA] 1800000/2150924 tos=0 (2259s)
  [passA] 1800500/2150924 tos=0 (2259s)
  [passA] 1801000/2150924 tos=0 (2259s)
  [passA] 1801500/2150924 tos=0 (2259s)
  [passA] 1802000/2150924 tos=0 (2259s)
  [passA] 1802500/2150924 tos=0 (2259s)
  [passA] 1803000/2150924 tos=0 (2259s)
  [passA] 1803500/2150924 tos=0 (2259s)
  [passA] 1804000/2150924 tos=0 (2259s)
  [passA] 1804500/2150924 tos=0 (2259s)
  [passA] 1805000/2150924 tos=0 (2259s)
  [passA] 1805500/2150924 tos=0 (2259s)
  [passA] 1806000/2150924 tos=0 (2259s)
  [passA] 1806500/2150924 tos=0 (2259s)
  [passA] 1807000/2150924 tos=0 (2259s)
  [passA] 1807500/2150924 tos=0 (2259s)
  [passA] 1808000/2150924 tos=0 (2259s)
  [passA] 1808500/2150924 tos=0 (2259s)
  [passA] 1809000/2150924 tos=0 (2259s)
  [passA] 1809500/2150924 tos=0 (2259s)
  [passA] 1810000/2150924 tos=0 (2259s)
  [passA] 1810500/2150924 tos=0 (2259s)
  [passA] 1811000/2150924 tos=0 (2259s)
  [passA] 1811500/2150924 tos=0 (2259s)
  [passA] 1812000/2150924 tos=0 (2259s)
  [passA] 1812500/2150924 tos=0 (2259s)
  [passA] 1813000/2150924 tos=0 (2259s)
  [passA] 1813500/2150924 tos=0 (2259s)
  [passA] 1814000/2150924 tos=0 (2259s)
  [passA] 1814500/2150924 tos=0 (2259s)
  [passA] 1815000/2150924 tos=0 (2259s)
  [passA] 1815500/2150924 tos=0 (2259s)
  [passA] 1816000/2150924 tos=0 (2259s)
  [passA] 1816500/2150924 tos=0 (2259s)
  [passA] 1817000/2150924 tos=0 (2259s)
  [passA] 1817500/2150924 tos=0 (2259s)
  [passA] 1818000/2150924 tos=0 (2260s)
  [passA] 1818500/2150924 tos=0 (2260s)
  [passA] 1819000/2150924 tos=0 (2260s)
  [passA] 1819500/2150924 tos=0 (2260s)
  [passA] 1820000/2150924 tos=0 (2260s)
  [passA] 1820500/2150924 tos=0 (2260s)
  [passA] 1821000/2150924 tos=0 (2260s)
  [passA] 1821500/2150924 tos=0 (2260s)
  [passA] 1822000/2150924 tos=0 (2260s)
  [passA] 1822500/2150924 tos=0 (2260s)
  [passA] 1823000/2150924 tos=0 (2260s)
  [passA] 1823500/2150924 tos=0 (2260s)
  [passA] 1824000/2150924 tos=0 (2260s)
  [passA] 1824500/2150924 tos=0 (2260s)
  [passA] 1825000/2150924 tos=0 (2260s)
  [passA] 1825500/2150924 tos=0 (2260s)
  [passA] 1826000/2150924 tos=0 (2260s)
  [passA] 1826500/2150924 tos=0 (2260s)
  [passA] 1827000/2150924 tos=0 (2260s)
  [passA] 1827500/2150924 tos=0 (2260s)
  [passA] 1828000/2150924 tos=0 (2260s)
  [passA] 1828500/2150924 tos=0 (2260s)
  [passA] 1829000/2150924 tos=0 (2260s)
  [passA] 1829500/2150924 tos=0 (2260s)
  [passA] 1830000/2150924 tos=0 (2260s)
  [passA] 1830500/2150924 tos=0 (2260s)
  [passA] 1831000/2150924 tos=0 (2260s)
  [passA] 1831500/2150924 tos=0 (2260s)
  [passA] 1832000/2150924 tos=0 (2260s)
  [passA] 1832500/2150924 tos=0 (2260s)
  [passA] 1833000/2150924 tos=0 (2260s)
  [passA] 1833500/2150924 tos=0 (2260s)
  [passA] 1834000/2150924 tos=0 (2260s)
  [passA] 1834500/2150924 tos=0 (2260s)
  [passA] 1835000/2150924 tos=0 (2260s)
  [passA] 1835500/2150924 tos=0 (2260s)
  [passA] 1836000/2150924 tos=0 (2260s)
  [passA] 1836500/2150924 tos=0 (2260s)
  [passA] 1837000/2150924 tos=0 (2260s)
  [passA] 1837500/2150924 tos=0 (2260s)
  [passA] 1838000/2150924 tos=0 (2260s)
  [passA] 1838500/2150924 tos=0 (2260s)
  [passA] 1839000/2150924 tos=0 (2260s)
  [passA] 1839500/2150924 tos=0 (2260s)
  [passA] 1840000/2150924 tos=0 (2260s)
  [passA] 1840500/2150924 tos=0 (2260s)
  [passA] 1841000/2150924 tos=0 (2260s)
  [passA] 1841500/2150924 tos=0 (2260s)
  [passA] 1842000/2150924 tos=0 (2260s)
  [passA] 1842500/2150924 tos=0 (2260s)
  [passA] 1843000/2150924 tos=0 (2260s)
  [passA] 1843500/2150924 tos=0 (2260s)
  [passA] 1844000/2150924 tos=0 (2260s)
  [passA] 1844500/2150924 tos=0 (2261s)
  [passA] 1845000/2150924 tos=0 (2261s)
  [passA] 1845500/2150924 tos=0 (2261s)
  [passA] 1846000/2150924 tos=0 (2261s)
  [passA] 1846500/2150924 tos=0 (2261s)
  [passA] 1847000/2150924 tos=0 (2261s)
  [passA] 1847500/2150924 tos=0 (2261s)
  [passA] 1848000/2150924 tos=0 (2261s)
  [passA] 1848500/2150924 tos=0 (2261s)
  [passA] 1849000/2150924 tos=0 (2261s)
  [passA] 1849500/2150924 tos=0 (2261s)
  [passA] 1850000/2150924 tos=0 (2261s)
  [passA] 1850500/2150924 tos=0 (2261s)
  [passA] 1851000/2150924 tos=0 (2261s)
  [passA] 1851500/2150924 tos=0 (2261s)
  [passA] 1852000/2150924 tos=0 (2261s)
  [passA] 1852500/2150924 tos=0 (2261s)
  [passA] 1853000/2150924 tos=0 (2261s)
  [passA] 1853500/2150924 tos=0 (2261s)
  [passA] 1854000/2150924 tos=0 (2261s)
  [passA] 1854500/2150924 tos=0 (2261s)
  [passA] 1855000/2150924 tos=0 (2261s)
  [passA] 1855500/2150924 tos=0 (2261s)
  [passA] 1856000/2150924 tos=0 (2261s)
  [passA] 1856500/2150924 tos=0 (2261s)
  [passA] 1857000/2150924 tos=0 (2261s)
  [passA] 1857500/2150924 tos=0 (2261s)
  [passA] 1858000/2150924 tos=0 (2261s)
  [passA] 1858500/2150924 tos=0 (2261s)
  [passA] 1859000/2150924 tos=0 (2261s)
  [passA] 1859500/2150924 tos=0 (2261s)
  [passA] 1860000/2150924 tos=0 (2261s)
  [passA] 1860500/2150924 tos=0 (2261s)
  [passA] 1861000/2150924 tos=0 (2261s)
  [passA] 1861500/2150924 tos=0 (2261s)
  [passA] 1862000/2150924 tos=0 (2261s)
  [passA] 1862500/2150924 tos=0 (2261s)
  [passA] 1863000/2150924 tos=0 (2261s)
  [passA] 1863500/2150924 tos=0 (2261s)
  [passA] 1864000/2150924 tos=0 (2261s)
  [passA] 1864500/2150924 tos=0 (2261s)
  [passA] 1865000/2150924 tos=0 (2261s)
  [passA] 1865500/2150924 tos=0 (2261s)
  [passA] 1866000/2150924 tos=0 (2261s)
  [passA] 1866500/2150924 tos=0 (2261s)
  [passA] 1867000/2150924 tos=0 (2261s)
  [passA] 1867500/2150924 tos=0 (2261s)
  [passA] 1868000/2150924 tos=0 (2261s)
  [passA] 1868500/2150924 tos=0 (2261s)
  [passA] 1869000/2150924 tos=0 (2261s)
  [passA] 1869500/2150924 tos=0 (2261s)
  [passA] 1870000/2150924 tos=0 (2261s)
  [passA] 1870500/2150924 tos=0 (2262s)
  [passA] 1871000/2150924 tos=0 (2262s)
  [passA] 1871500/2150924 tos=0 (2262s)
  [passA] 1872000/2150924 tos=0 (2262s)
  [passA] 1872500/2150924 tos=0 (2262s)
  [passA] 1873000/2150924 tos=0 (2262s)
  [passA] 1873500/2150924 tos=0 (2262s)
  [passA] 1874000/2150924 tos=0 (2262s)
  [passA] 1874500/2150924 tos=0 (2262s)
  [passA] 1875000/2150924 tos=0 (2262s)
  [passA] 1875500/2150924 tos=0 (2262s)
  [passA] 1876000/2150924 tos=0 (2262s)
  [passA] 1876500/2150924 tos=0 (2262s)
  [passA] 1877000/2150924 tos=0 (2262s)
  [passA] 1877500/2150924 tos=0 (2262s)
  [passA] 1878000/2150924 tos=0 (2262s)
  [passA] 1878500/2150924 tos=0 (2262s)
  [passA] 1879000/2150924 tos=0 (2262s)
  [passA] 1879500/2150924 tos=0 (2262s)
  [passA] 1880000/2150924 tos=0 (2262s)
  [passA] 1880500/2150924 tos=0 (2262s)
  [passA] 1881000/2150924 tos=0 (2262s)
  [passA] 1881500/2150924 tos=0 (2262s)
  [passA] 1882000/2150924 tos=0 (2262s)
  [passA] 1882500/2150924 tos=0 (2262s)
  [passA] 1883000/2150924 tos=0 (2262s)
  [passA] 1883500/2150924 tos=0 (2262s)
  [passA] 1884000/2150924 tos=0 (2262s)
  [passA] 1884500/2150924 tos=0 (2262s)
  [passA] 1885000/2150924 tos=0 (2262s)
  [passA] 1885500/2150924 tos=0 (2262s)
  [passA] 1886000/2150924 tos=0 (2262s)
  [passA] 1886500/2150924 tos=0 (2262s)
  [passA] 1887000/2150924 tos=0 (2262s)
  [passA] 1887500/2150924 tos=0 (2262s)
  [passA] 1888000/2150924 tos=0 (2262s)
  [passA] 1888500/2150924 tos=0 (2262s)
  [passA] 1889000/2150924 tos=0 (2262s)
  [passA] 1889500/2150924 tos=0 (2262s)
  [passA] 1890000/2150924 tos=0 (2262s)
  [passA] 1890500/2150924 tos=0 (2262s)
  [passA] 1891000/2150924 tos=0 (2262s)
  [passA] 1891500/2150924 tos=0 (2262s)
  [passA] 1892000/2150924 tos=0 (2262s)
  [passA] 1892500/2150924 tos=0 (2262s)
  [passA] 1893000/2150924 tos=0 (2262s)
  [passA] 1893500/2150924 tos=0 (2262s)
  [passA] 1894000/2150924 tos=0 (2262s)
  [passA] 1894500/2150924 tos=0 (2262s)
  [passA] 1895000/2150924 tos=0 (2262s)
  [passA] 1895500/2150924 tos=0 (2262s)
  [passA] 1896000/2150924 tos=0 (2262s)
  [passA] 1896500/2150924 tos=0 (2263s)
  [passA] 1897000/2150924 tos=0 (2263s)
  [passA] 1897500/2150924 tos=0 (2263s)
  [passA] 1898000/2150924 tos=0 (2263s)
  [passA] 1898500/2150924 tos=0 (2263s)
  [passA] 1899000/2150924 tos=0 (2263s)
  [passA] 1899500/2150924 tos=0 (2263s)
  [passA] 1900000/2150924 tos=0 (2263s)
  [passA] 1900500/2150924 tos=0 (2263s)
  [passA] 1901000/2150924 tos=0 (2263s)
  [passA] 1901500/2150924 tos=0 (2263s)
  [passA] 1902000/2150924 tos=0 (2263s)
  [passA] 1902500/2150924 tos=0 (2263s)
  [passA] 1903000/2150924 tos=0 (2263s)
  [passA] 1903500/2150924 tos=0 (2263s)
  [passA] 1904000/2150924 tos=0 (2263s)
  [passA] 1904500/2150924 tos=0 (2263s)
  [passA] 1905000/2150924 tos=0 (2263s)
  [passA] 1905500/2150924 tos=0 (2263s)
  [passA] 1906000/2150924 tos=0 (2263s)
  [passA] 1906500/2150924 tos=0 (2263s)
  [passA] 1907000/2150924 tos=0 (2263s)
  [passA] 1907500/2150924 tos=0 (2263s)
  [passA] 1908000/2150924 tos=0 (2263s)
  [passA] 1908500/2150924 tos=0 (2263s)
  [passA] 1909000/2150924 tos=0 (2263s)
  [passA] 1909500/2150924 tos=0 (2263s)
  [passA] 1910000/2150924 tos=0 (2263s)
  [passA] 1910500/2150924 tos=0 (2263s)
  [passA] 1911000/2150924 tos=0 (2263s)
  [passA] 1911500/2150924 tos=0 (2263s)
  [passA] 1912000/2150924 tos=0 (2263s)
  [passA] 1912500/2150924 tos=0 (2263s)
  [passA] 1913000/2150924 tos=0 (2263s)
  [passA] 1913500/2150924 tos=0 (2263s)
  [passA] 1914000/2150924 tos=0 (2263s)
  [passA] 1914500/2150924 tos=0 (2263s)
  [passA] 1915000/2150924 tos=0 (2263s)
  [passA] 1915500/2150924 tos=0 (2263s)
  [passA] 1916000/2150924 tos=0 (2263s)
  [passA] 1916500/2150924 tos=0 (2263s)
  [passA] 1917000/2150924 tos=0 (2263s)
  [passA] 1917500/2150924 tos=0 (2263s)
  [passA] 1918000/2150924 tos=0 (2263s)
  [passA] 1918500/2150924 tos=0 (2263s)
  [passA] 1919000/2150924 tos=0 (2263s)
  [passA] 1919500/2150924 tos=0 (2263s)
  [passA] 1920000/2150924 tos=0 (2263s)
  [passA] 1920500/2150924 tos=0 (2263s)
  [passA] 1921000/2150924 tos=0 (2263s)
  [passA] 1921500/2150924 tos=0 (2264s)
  [passA] 1922000/2150924 tos=0 (2264s)
  [passA] 1922500/2150924 tos=0 (2264s)
  [passA] 1923000/2150924 tos=0 (2264s)
  [passA] 1923500/2150924 tos=0 (2264s)
  [passA] 1924000/2150924 tos=0 (2264s)
  [passA] 1924500/2150924 tos=0 (2264s)
  [passA] 1925000/2150924 tos=0 (2264s)
  [passA] 1925500/2150924 tos=0 (2264s)
  [passA] 1926000/2150924 tos=0 (2264s)
  [passA] 1926500/2150924 tos=0 (2264s)
  [passA] 1927000/2150924 tos=0 (2264s)
  [passA] 1927500/2150924 tos=0 (2264s)
  [passA] 1928000/2150924 tos=0 (2264s)
  [passA] 1928500/2150924 tos=0 (2264s)
  [passA] 1929000/2150924 tos=0 (2264s)
  [passA] 1929500/2150924 tos=0 (2264s)
  [passA] 1930000/2150924 tos=0 (2264s)
  [passA] 1930500/2150924 tos=0 (2264s)
  [passA] 1931000/2150924 tos=0 (2264s)
  [passA] 1931500/2150924 tos=0 (2264s)
  [passA] 1932000/2150924 tos=0 (2264s)
  [passA] 1932500/2150924 tos=0 (2264s)
  [passA] 1933000/2150924 tos=0 (2264s)
  [passA] 1933500/2150924 tos=0 (2264s)
  [passA] 1934000/2150924 tos=0 (2264s)
  [passA] 1934500/2150924 tos=0 (2264s)
  [passA] 1935000/2150924 tos=0 (2264s)
  [passA] 1935500/2150924 tos=0 (2264s)
  [passA] 1936000/2150924 tos=0 (2264s)
  [passA] 1936500/2150924 tos=0 (2264s)
  [passA] 1937000/2150924 tos=0 (2264s)
  [passA] 1937500/2150924 tos=0 (2264s)
  [passA] 1938000/2150924 tos=0 (2264s)
  [passA] 1938500/2150924 tos=0 (2264s)
  [passA] 1939000/2150924 tos=0 (2264s)
  [passA] 1939500/2150924 tos=0 (2264s)
  [passA] 1940000/2150924 tos=0 (2264s)
  [passA] 1940500/2150924 tos=0 (2264s)
  [passA] 1941000/2150924 tos=0 (2264s)
  [passA] 1941500/2150924 tos=0 (2264s)
  [passA] 1942000/2150924 tos=0 (2264s)
  [passA] 1942500/2150924 tos=0 (2264s)
  [passA] 1943000/2150924 tos=0 (2264s)
  [passA] 1943500/2150924 tos=0 (2264s)
  [passA] 1944000/2150924 tos=0 (2264s)
  [passA] 1944500/2150924 tos=0 (2264s)
  [passA] 1945000/2150924 tos=0 (2264s)
  [passA] 1945500/2150924 tos=0 (2264s)
  [passA] 1946000/2150924 tos=0 (2264s)
  [passA] 1946500/2150924 tos=0 (2264s)
  [passA] 1947000/2150924 tos=0 (2264s)
  [passA] 1947500/2150924 tos=0 (2264s)
  [passA] 1948000/2150924 tos=0 (2264s)
  [passA] 1948500/2150924 tos=0 (2264s)
  [passA] 1949000/2150924 tos=0 (2265s)
  [passA] 1949500/2150924 tos=0 (2265s)
  [passA] 1950000/2150924 tos=0 (2265s)
  [passA] 1950500/2150924 tos=0 (2265s)
  [passA] 1951000/2150924 tos=0 (2265s)
  [passA] 1951500/2150924 tos=0 (2265s)
  [passA] 1952000/2150924 tos=0 (2265s)
  [passA] 1952500/2150924 tos=0 (2265s)
  [passA] 1953000/2150924 tos=0 (2265s)
  [passA] 1953500/2150924 tos=0 (2265s)
  [passA] 1954000/2150924 tos=0 (2265s)
  [passA] 1954500/2150924 tos=0 (2265s)
  [passA] 1955000/2150924 tos=0 (2265s)
  [passA] 1955500/2150924 tos=0 (2265s)
  [passA] 1956000/2150924 tos=0 (2265s)
  [passA] 1956500/2150924 tos=0 (2265s)
  [passA] 1957000/2150924 tos=0 (2265s)
  [passA] 1957500/2150924 tos=0 (2265s)
  [passA] 1958000/2150924 tos=0 (2265s)
  [passA] 1958500/2150924 tos=0 (2265s)
  [passA] 1959000/2150924 tos=0 (2265s)
  [passA] 1959500/2150924 tos=0 (2265s)
  [passA] 1960000/2150924 tos=0 (2265s)
  [passA] 1960500/2150924 tos=0 (2265s)
  [passA] 1961000/2150924 tos=0 (2265s)
  [passA] 1961500/2150924 tos=0 (2265s)
  [passA] 1962000/2150924 tos=0 (2265s)
  [passA] 1962500/2150924 tos=0 (2265s)
  [passA] 1963000/2150924 tos=0 (2265s)
  [passA] 1963500/2150924 tos=0 (2265s)
  [passA] 1964000/2150924 tos=0 (2265s)
  [passA] 1964500/2150924 tos=0 (2265s)
  [passA] 1965000/2150924 tos=0 (2265s)
  [passA] 1965500/2150924 tos=0 (2265s)
  [passA] 1966000/2150924 tos=0 (2265s)
  [passA] 1966500/2150924 tos=0 (2265s)
  [passA] 1967000/2150924 tos=0 (2265s)
  [passA] 1967500/2150924 tos=0 (2265s)
  [passA] 1968000/2150924 tos=0 (2265s)
  [passA] 1968500/2150924 tos=0 (2265s)
  [passA] 1969000/2150924 tos=0 (2265s)
  [passA] 1969500/2150924 tos=0 (2265s)
  [passA] 1970000/2150924 tos=0 (2265s)
  [passA] 1970500/2150924 tos=0 (2265s)
  [passA] 1971000/2150924 tos=0 (2265s)
  [passA] 1971500/2150924 tos=0 (2265s)
  [passA] 1972000/2150924 tos=0 (2265s)
  [passA] 1972500/2150924 tos=0 (2265s)
  [passA] 1973000/2150924 tos=0 (2265s)
  [passA] 1973500/2150924 tos=0 (2265s)
  [passA] 1974000/2150924 tos=0 (2265s)
  [passA] 1974500/2150924 tos=0 (2266s)
  [passA] 1975000/2150924 tos=0 (2266s)
  [passA] 1975500/2150924 tos=0 (2266s)
  [passA] 1976000/2150924 tos=0 (2266s)
  [passA] 1976500/2150924 tos=0 (2266s)
  [passA] 1977000/2150924 tos=0 (2266s)
  [passA] 1977500/2150924 tos=0 (2266s)
  [passA] 1978000/2150924 tos=0 (2266s)
  [passA] 1978500/2150924 tos=0 (2266s)
  [passA] 1979000/2150924 tos=0 (2266s)
  [passA] 1979500/2150924 tos=0 (2266s)
  [passA] 1980000/2150924 tos=0 (2266s)
  [passA] 1980500/2150924 tos=0 (2266s)
  [passA] 1981000/2150924 tos=0 (2266s)
  [passA] 1981500/2150924 tos=0 (2266s)
  [passA] 1982000/2150924 tos=0 (2266s)
  [passA] 1982500/2150924 tos=0 (2266s)
  [passA] 1983000/2150924 tos=0 (2266s)
  [passA] 1983500/2150924 tos=0 (2266s)
  [passA] 1984000/2150924 tos=0 (2266s)
  [passA] 1984500/2150924 tos=0 (2266s)
  [passA] 1985000/2150924 tos=0 (2266s)
  [passA] 1985500/2150924 tos=0 (2266s)
  [passA] 1986000/2150924 tos=0 (2266s)
  [passA] 1986500/2150924 tos=0 (2266s)
  [passA] 1987000/2150924 tos=0 (2266s)
  [passA] 1987500/2150924 tos=0 (2266s)
  [passA] 1988000/2150924 tos=0 (2266s)
  [passA] 1988500/2150924 tos=0 (2266s)
  [passA] 1989000/2150924 tos=0 (2266s)
  [passA] 1989500/2150924 tos=0 (2266s)
  [passA] 1990000/2150924 tos=0 (2266s)
  [passA] 1990500/2150924 tos=0 (2266s)
  [passA] 1991000/2150924 tos=0 (2266s)
  [passA] 1991500/2150924 tos=0 (2266s)
  [passA] 1992000/2150924 tos=0 (2266s)
  [passA] 1992500/2150924 tos=0 (2266s)
  [passA] 1993000/2150924 tos=0 (2266s)
  [passA] 1993500/2150924 tos=0 (2266s)
  [passA] 1994000/2150924 tos=0 (2266s)
  [passA] 1994500/2150924 tos=0 (2266s)
  [passA] 1995000/2150924 tos=0 (2266s)
  [passA] 1995500/2150924 tos=0 (2266s)
  [passA] 1996000/2150924 tos=0 (2266s)
  [passA] 1996500/2150924 tos=0 (2266s)
  [passA] 1997000/2150924 tos=0 (2266s)
  [passA] 1997500/2150924 tos=0 (2266s)
  [passA] 1998000/2150924 tos=0 (2266s)
  [passA] 1998500/2150924 tos=0 (2266s)
  [passA] 1999000/2150924 tos=0 (2266s)
  [passA] 1999500/2150924 tos=0 (2266s)
  [passA] 2000000/2150924 tos=0 (2266s)
  [passA] 2000500/2150924 tos=0 (2266s)
  [passA] 2001000/2150924 tos=0 (2267s)
  [passA] 2001500/2150924 tos=0 (2267s)
  [passA] 2002000/2150924 tos=0 (2267s)
  [passA] 2002500/2150924 tos=0 (2267s)
  [passA] 2003000/2150924 tos=0 (2267s)
  [passA] 2003500/2150924 tos=0 (2267s)
  [passA] 2004000/2150924 tos=0 (2267s)
  [passA] 2004500/2150924 tos=0 (2267s)
  [passA] 2005000/2150924 tos=0 (2267s)
  [passA] 2005500/2150924 tos=0 (2267s)
  [passA] 2006000/2150924 tos=0 (2267s)
  [passA] 2006500/2150924 tos=0 (2267s)
  [passA] 2007000/2150924 tos=0 (2267s)
  [passA] 2007500/2150924 tos=0 (2267s)
  [passA] 2008000/2150924 tos=0 (2267s)
  [passA] 2008500/2150924 tos=0 (2267s)
  [passA] 2009000/2150924 tos=0 (2267s)
  [passA] 2009500/2150924 tos=0 (2267s)
  [passA] 2010000/2150924 tos=0 (2267s)
  [passA] 2010500/2150924 tos=0 (2267s)
  [passA] 2011000/2150924 tos=0 (2267s)
  [passA] 2011500/2150924 tos=0 (2267s)
  [passA] 2012000/2150924 tos=0 (2267s)
  [passA] 2012500/2150924 tos=0 (2267s)
  [passA] 2013000/2150924 tos=0 (2267s)
  [passA] 2013500/2150924 tos=0 (2267s)
  [passA] 2014000/2150924 tos=0 (2267s)
  [passA] 2014500/2150924 tos=0 (2267s)
  [passA] 2015000/2150924 tos=0 (2267s)
  [passA] 2015500/2150924 tos=0 (2267s)
  [passA] 2016000/2150924 tos=0 (2267s)
  [passA] 2016500/2150924 tos=0 (2267s)
  [passA] 2017000/2150924 tos=0 (2267s)
  [passA] 2017500/2150924 tos=0 (2267s)
  [passA] 2018000/2150924 tos=0 (2267s)
  [passA] 2018500/2150924 tos=0 (2267s)
  [passA] 2019000/2150924 tos=0 (2267s)
  [passA] 2019500/2150924 tos=0 (2267s)
  [passA] 2020000/2150924 tos=0 (2267s)
  [passA] 2020500/2150924 tos=0 (2267s)
  [passA] 2021000/2150924 tos=0 (2267s)
  [passA] 2021500/2150924 tos=0 (2267s)
  [passA] 2022000/2150924 tos=0 (2267s)
  [passA] 2022500/2150924 tos=0 (2267s)
  [passA] 2023000/2150924 tos=0 (2267s)
  [passA] 2023500/2150924 tos=0 (2267s)
  [passA] 2024000/2150924 tos=0 (2267s)
  [passA] 2024500/2150924 tos=0 (2267s)
  [passA] 2025000/2150924 tos=0 (2267s)
  [passA] 2025500/2150924 tos=0 (2267s)
  [passA] 2026000/2150924 tos=0 (2267s)
  [passA] 2026500/2150924 tos=0 (2267s)
  [passA] 2027000/2150924 tos=0 (2267s)
  [passA] 2027500/2150924 tos=0 (2268s)
  [passA] 2028000/2150924 tos=0 (2268s)
  [passA] 2028500/2150924 tos=0 (2268s)
  [passA] 2029000/2150924 tos=0 (2268s)
  [passA] 2029500/2150924 tos=0 (2268s)
  [passA] 2030000/2150924 tos=0 (2268s)
  [passA] 2030500/2150924 tos=0 (2268s)
  [passA] 2031000/2150924 tos=0 (2268s)
  [passA] 2031500/2150924 tos=0 (2268s)
  [passA] 2032000/2150924 tos=0 (2268s)
  [passA] 2032500/2150924 tos=0 (2268s)
  [passA] 2033000/2150924 tos=0 (2268s)
  [passA] 2033500/2150924 tos=0 (2268s)
  [passA] 2034000/2150924 tos=0 (2268s)
  [passA] 2034500/2150924 tos=0 (2268s)
  [passA] 2035000/2150924 tos=0 (2268s)
  [passA] 2035500/2150924 tos=0 (2268s)
  [passA] 2036000/2150924 tos=0 (2268s)
  [passA] 2036500/2150924 tos=0 (2268s)
  [passA] 2037000/2150924 tos=0 (2268s)
  [passA] 2037500/2150924 tos=0 (2268s)
  [passA] 2038000/2150924 tos=0 (2268s)
  [passA] 2038500/2150924 tos=0 (2268s)
  [passA] 2039000/2150924 tos=0 (2268s)
  [passA] 2039500/2150924 tos=0 (2268s)
  [passA] 2040000/2150924 tos=0 (2268s)
  [passA] 2040500/2150924 tos=0 (2268s)
  [passA] 2041000/2150924 tos=0 (2268s)
  [passA] 2041500/2150924 tos=0 (2268s)
  [passA] 2042000/2150924 tos=0 (2268s)
  [passA] 2042500/2150924 tos=0 (2268s)
  [passA] 2043000/2150924 tos=0 (2268s)
  [passA] 2043500/2150924 tos=0 (2268s)
  [passA] 2044000/2150924 tos=0 (2268s)
  [passA] 2044500/2150924 tos=0 (2268s)
  [passA] 2045000/2150924 tos=0 (2268s)
  [passA] 2045500/2150924 tos=0 (2268s)
  [passA] 2046000/2150924 tos=0 (2268s)
  [passA] 2046500/2150924 tos=0 (2268s)
  [passA] 2047000/2150924 tos=0 (2268s)
  [passA] 2047500/2150924 tos=0 (2268s)
  [passA] 2048000/2150924 tos=0 (2268s)
  [passA] 2048500/2150924 tos=0 (2268s)
  [passA] 2049000/2150924 tos=0 (2268s)
  [passA] 2049500/2150924 tos=0 (2268s)
  [passA] 2050000/2150924 tos=0 (2268s)
  [passA] 2050500/2150924 tos=0 (2268s)
  [passA] 2051000/2150924 tos=0 (2268s)
  [passA] 2051500/2150924 tos=0 (2268s)
  [passA] 2052000/2150924 tos=0 (2269s)
  [passA] 2052500/2150924 tos=0 (2269s)
  [passA] 2053000/2150924 tos=0 (2269s)
  [passA] 2053500/2150924 tos=0 (2269s)
  [passA] 2054000/2150924 tos=0 (2269s)
  [passA] 2054500/2150924 tos=0 (2269s)
  [passA] 2055000/2150924 tos=0 (2269s)
  [passA] 2055500/2150924 tos=0 (2269s)
  [passA] 2056000/2150924 tos=0 (2269s)
  [passA] 2056500/2150924 tos=0 (2269s)
  [passA] 2057000/2150924 tos=0 (2269s)
  [passA] 2057500/2150924 tos=0 (2269s)
  [passA] 2058000/2150924 tos=0 (2269s)
  [passA] 2058500/2150924 tos=0 (2269s)
  [passA] 2059000/2150924 tos=0 (2269s)
  [passA] 2059500/2150924 tos=0 (2269s)
  [passA] 2060000/2150924 tos=0 (2269s)
  [passA] 2060500/2150924 tos=0 (2269s)
  [passA] 2061000/2150924 tos=0 (2269s)
  [passA] 2061500/2150924 tos=0 (2269s)
  [passA] 2062000/2150924 tos=0 (2269s)
  [passA] 2062500/2150924 tos=0 (2269s)
  [passA] 2063000/2150924 tos=0 (2269s)
  [passA] 2063500/2150924 tos=0 (2269s)
  [passA] 2064000/2150924 tos=0 (2269s)
  [passA] 2064500/2150924 tos=0 (2269s)
  [passA] 2065000/2150924 tos=0 (2269s)
  [passA] 2065500/2150924 tos=0 (2269s)
  [passA] 2066000/2150924 tos=0 (2269s)
  [passA] 2066500/2150924 tos=0 (2269s)
  [passA] 2067000/2150924 tos=0 (2269s)
  [passA] 2067500/2150924 tos=0 (2269s)
  [passA] 2068000/2150924 tos=0 (2269s)
  [passA] 2068500/2150924 tos=0 (2269s)
  [passA] 2069000/2150924 tos=0 (2269s)
  [passA] 2069500/2150924 tos=0 (2269s)
  [passA] 2070000/2150924 tos=0 (2269s)
  [passA] 2070500/2150924 tos=0 (2269s)
  [passA] 2071000/2150924 tos=0 (2269s)
  [passA] 2071500/2150924 tos=0 (2269s)
  [passA] 2072000/2150924 tos=0 (2269s)
  [passA] 2072500/2150924 tos=0 (2269s)
  [passA] 2073000/2150924 tos=0 (2269s)
  [passA] 2073500/2150924 tos=0 (2269s)
  [passA] 2074000/2150924 tos=0 (2269s)
  [passA] 2074500/2150924 tos=0 (2269s)
  [passA] 2075000/2150924 tos=0 (2269s)
  [passA] 2075500/2150924 tos=0 (2269s)
  [passA] 2076000/2150924 tos=0 (2269s)
  [passA] 2076500/2150924 tos=0 (2269s)
  [passA] 2077000/2150924 tos=0 (2269s)
  [passA] 2077500/2150924 tos=0 (2269s)
  [passA] 2078000/2150924 tos=0 (2269s)
  [passA] 2078500/2150924 tos=0 (2270s)
  [passA] 2079000/2150924 tos=0 (2270s)
  [passA] 2079500/2150924 tos=0 (2270s)
  [passA] 2080000/2150924 tos=0 (2270s)
  [passA] 2080500/2150924 tos=0 (2270s)
  [passA] 2081000/2150924 tos=0 (2270s)
  [passA] 2081500/2150924 tos=0 (2270s)
  [passA] 2082000/2150924 tos=0 (2270s)
  [passA] 2082500/2150924 tos=0 (2270s)
  [passA] 2083000/2150924 tos=0 (2270s)
  [passA] 2083500/2150924 tos=0 (2270s)
  [passA] 2084000/2150924 tos=0 (2270s)
  [passA] 2084500/2150924 tos=0 (2270s)
  [passA] 2085000/2150924 tos=0 (2270s)
  [passA] 2085500/2150924 tos=0 (2270s)
  [passA] 2086000/2150924 tos=0 (2270s)
  [passA] 2086500/2150924 tos=0 (2270s)
  [passA] 2087000/2150924 tos=0 (2270s)
  [passA] 2087500/2150924 tos=0 (2270s)
  [passA] 2088000/2150924 tos=0 (2270s)
  [passA] 2088500/2150924 tos=0 (2270s)
  [passA] 2089000/2150924 tos=0 (2270s)
  [passA] 2089500/2150924 tos=0 (2270s)
  [passA] 2090000/2150924 tos=0 (2270s)
  [passA] 2090500/2150924 tos=0 (2270s)
  [passA] 2091000/2150924 tos=0 (2270s)
  [passA] 2091500/2150924 tos=0 (2270s)
  [passA] 2092000/2150924 tos=0 (2270s)
  [passA] 2092500/2150924 tos=0 (2270s)
  [passA] 2093000/2150924 tos=0 (2270s)
  [passA] 2093500/2150924 tos=0 (2270s)
  [passA] 2094000/2150924 tos=0 (2270s)
  [passA] 2094500/2150924 tos=0 (2270s)
  [passA] 2095000/2150924 tos=0 (2270s)
  [passA] 2095500/2150924 tos=0 (2270s)
  [passA] 2096000/2150924 tos=0 (2270s)
  [passA] 2096500/2150924 tos=0 (2270s)
  [passA] 2097000/2150924 tos=0 (2270s)
  [passA] 2097500/2150924 tos=0 (2270s)
  [passA] 2098000/2150924 tos=0 (2270s)
  [passA] 2098500/2150924 tos=0 (2270s)
  [passA] 2099000/2150924 tos=0 (2270s)
  [passA] 2099500/2150924 tos=0 (2270s)
  [passA] 2100000/2150924 tos=0 (2270s)
  [passA] 2100500/2150924 tos=0 (2270s)
  [passA] 2101000/2150924 tos=0 (2270s)
  [passA] 2101500/2150924 tos=0 (2270s)
  [passA] 2102000/2150924 tos=0 (2270s)
  [passA] 2102500/2150924 tos=0 (2270s)
  [passA] 2103000/2150924 tos=0 (2270s)
  [passA] 2103500/2150924 tos=0 (2271s)
  [passA] 2104000/2150924 tos=0 (2271s)
  [passA] 2104500/2150924 tos=0 (2271s)
  [passA] 2105000/2150924 tos=0 (2271s)
  [passA] 2105500/2150924 tos=0 (2271s)
  [passA] 2106000/2150924 tos=0 (2271s)
  [passA] 2106500/2150924 tos=0 (2271s)
  [passA] 2107000/2150924 tos=0 (2271s)
  [passA] 2107500/2150924 tos=0 (2271s)
  [passA] 2108000/2150924 tos=0 (2271s)
  [passA] 2108500/2150924 tos=0 (2271s)
  [passA] 2109000/2150924 tos=0 (2271s)
  [passA] 2109500/2150924 tos=0 (2271s)
  [passA] 2110000/2150924 tos=0 (2271s)
  [passA] 2110500/2150924 tos=0 (2271s)
  [passA] 2111000/2150924 tos=0 (2271s)
  [passA] 2111500/2150924 tos=0 (2271s)
  [passA] 2112000/2150924 tos=0 (2271s)
  [passA] 2112500/2150924 tos=0 (2271s)
  [passA] 2113000/2150924 tos=0 (2271s)
  [passA] 2113500/2150924 tos=0 (2271s)
  [passA] 2114000/2150924 tos=0 (2271s)
  [passA] 2114500/2150924 tos=0 (2271s)
  [passA] 2115000/2150924 tos=0 (2271s)
  [passA] 2115500/2150924 tos=0 (2271s)
  [passA] 2116000/2150924 tos=0 (2271s)
  [passA] 2116500/2150924 tos=0 (2271s)
  [passA] 2117000/2150924 tos=0 (2271s)
  [passA] 2117500/2150924 tos=0 (2271s)
  [passA] 2118000/2150924 tos=0 (2271s)
  [passA] 2118500/2150924 tos=0 (2271s)
  [passA] 2119000/2150924 tos=0 (2271s)
  [passA] 2119500/2150924 tos=0 (2271s)
  [passA] 2120000/2150924 tos=0 (2271s)
  [passA] 2120500/2150924 tos=0 (2271s)
  [passA] 2121000/2150924 tos=0 (2271s)
  [passA] 2121500/2150924 tos=0 (2271s)
  [passA] 2122000/2150924 tos=0 (2271s)
  [passA] 2122500/2150924 tos=0 (2271s)
  [passA] 2123000/2150924 tos=0 (2271s)
  [passA] 2123500/2150924 tos=0 (2271s)
  [passA] 2124000/2150924 tos=0 (2271s)
  [passA] 2124500/2150924 tos=0 (2271s)
  [passA] 2125000/2150924 tos=0 (2271s)
  [passA] 2125500/2150924 tos=0 (2271s)
  [passA] 2126000/2150924 tos=0 (2271s)
  [passA] 2126500/2150924 tos=0 (2271s)
  [passA] 2127000/2150924 tos=0 (2271s)
  [passA] 2127500/2150924 tos=0 (2271s)
  [passA] 2128000/2150924 tos=0 (2271s)
  [passA] 2128500/2150924 tos=0 (2272s)
  [passA] 2129000/2150924 tos=0 (2272s)
  [passA] 2129500/2150924 tos=0 (2272s)
  [passA] 2130000/2150924 tos=0 (2272s)
  [passA] 2130500/2150924 tos=0 (2272s)
  [passA] 2131000/2150924 tos=0 (2272s)
  [passA] 2131500/2150924 tos=0 (2272s)
  [passA] 2132000/2150924 tos=0 (2272s)
  [passA] 2132500/2150924 tos=0 (2272s)
  [passA] 2133000/2150924 tos=0 (2272s)
  [passA] 2133500/2150924 tos=0 (2272s)
  [passA] 2134000/2150924 tos=0 (2272s)
  [passA] 2134500/2150924 tos=0 (2272s)
  [passA] 2135000/2150924 tos=0 (2272s)
  [passA] 2135500/2150924 tos=0 (2272s)
  [passA] 2136000/2150924 tos=0 (2272s)
  [passA] 2136500/2150924 tos=0 (2272s)
  [passA] 2137000/2150924 tos=0 (2272s)
  [passA] 2137500/2150924 tos=0 (2272s)
  [passA] 2138000/2150924 tos=0 (2272s)
  [passA] 2138500/2150924 tos=0 (2272s)
  [passA] 2139000/2150924 tos=0 (2272s)
  [passA] 2139500/2150924 tos=0 (2272s)
  [passA] 2140000/2150924 tos=0 (2272s)
  [passA] 2140500/2150924 tos=0 (2272s)
  [passA] 2141000/2150924 tos=0 (2272s)
  [passA] 2141500/2150924 tos=0 (2272s)
  [passA] 2142000/2150924 tos=0 (2272s)
  [passA] 2142500/2150924 tos=0 (2272s)
  [passA] 2143000/2150924 tos=0 (2272s)
  [passA] 2143500/2150924 tos=0 (2272s)
  [passA] 2144000/2150924 tos=0 (2272s)
  [passA] 2144500/2150924 tos=0 (2272s)
  [passA] 2145000/2150924 tos=0 (2272s)
  [passA] 2145500/2150924 tos=0 (2272s)
  [passA] 2146000/2150924 tos=0 (2272s)
  [passA] 2146500/2150924 tos=0 (2272s)
  [passA] 2147000/2150924 tos=0 (2272s)
  [passA] 2147500/2150924 tos=0 (2272s)
  [passA] 2148000/2150924 tos=0 (2272s)
  [passA] 2148500/2150924 tos=0 (2272s)
  [passA] 2149000/2150924 tos=0 (2272s)
  [passA] 2149500/2150924 tos=0 (2272s)
  [passA] 2150000/2150924 tos=0 (2272s)
  [passA] 2150500/2150924 tos=0 (2272s)
  [passA] 2150924/2150924 tos=0 (2272s)
  [passB] knapsack bound on 0 survivors
  [passB] knap-cut=0, residue=0 (2273s)
DONE in 2273s.  refuted=0
ledger: /home/bob/programming/scrabble4/experiments/results/certs/global_whiskyclubs/ledger.json
verdicts: /home/bob/programming/scrabble4/experiments/results/certs/global_whiskyclubs/verdicts.jsonl
Now run:  check /home/bob/programming/scrabble4/experiments/results/certs/global_whiskyclubs/ledger.json
