wrote dict experiments/xtests/dict_11.txt
band=3746663 (UB>253)  cached=0  todo=3746663  geom-already-passed=0
  [geom] cut=4168 survivors=832 (11s)
  [geom] cut=7782 survivors=2218 (12s)
  [geom] cut=9753 survivors=5247 (12s)
  [geom] cut=11918 survivors=8082 (12s)
  [geom] cut=14130 survivors=10870 (12s)
  [geom] cut=16392 survivors=13608 (12s)
  [geom] cut=18943 survivors=16057 (12s)
  [geom] cut=20830 survivors=19170 (12s)
  [geom] cut=23502 survivors=21498 (12s)
  [geom] cut=25625 survivors=24375 (12s)
  [geom] cut=28092 survivors=26908 (12s)
  [geom] cut=31119 survivors=28881 (12s)
  [geom] cut=33409 survivors=31591 (17s)
  [geom] cut=36490 survivors=33510 (17s)
  [geom] cut=38651 survivors=36349 (20s)
  [geom] cut=39697 survivors=40303 (20s)
  [geom] cut=40584 survivors=44416 (20s)
  [geom] cut=41846 survivors=48154 (20s)
  [geom] cut=43070 survivors=51930 (20s)
  [geom] cut=44492 survivors=55508 (20s)
  [geom] cut=45692 survivors=59308 (20s)
  [geom] cut=47664 survivors=62336 (20s)
  [geom] cut=48738 survivors=66262 (20s)
  [geom] cut=50331 survivors=69669 (20s)
  [geom] cut=52489 survivors=72511 (22s)
  [geom] cut=53641 survivors=76359 (22s)
  [geom] cut=55313 survivors=79687 (22s)
  [geom] cut=57706 survivors=82294 (23s)
  [geom] cut=59088 survivors=85912 (23s)
  [geom] cut=60707 survivors=89293 (23s)
  [geom] cut=62783 survivors=92217 (23s)
  [geom] cut=65444 survivors=94556 (23s)
  [geom] cut=66496 survivors=98504 (24s)
  [geom] cut=67805 survivors=102195 (24s)
  [geom] cut=69526 survivors=105474 (24s)
  [geom] cut=71792 survivors=108208 (25s)
  [geom] cut=74343 survivors=110657 (28s)
  [geom] cut=75762 survivors=114238 (28s)
  [geom] cut=77262 survivors=117738 (28s)
  [geom] cut=79212 survivors=120788 (28s)
  [geom] cut=81323 survivors=123677 (28s)
  [geom] cut=84119 survivors=125881 (28s)
  [geom] cut=86334 survivors=128666 (29s)
  [geom] cut=87935 survivors=132065 (29s)
  [geom] cut=89942 survivors=135058 (29s)
  [geom] cut=92492 survivors=137508 (29s)
  [geom] cut=95222 survivors=139778 (29s)
  [geom] cut=97474 survivors=142526 (33s)
  [geom] cut=98970 survivors=146030 (36s)
  [geom] cut=99646 survivors=150354 (36s)
  [geom] cut=101044 survivors=153956 (36s)
  [geom] cut=101687 survivors=158313 (36s)
  [geom] cut=102964 survivors=162036 (36s)
  [geom] cut=104131 survivors=165869 (36s)
  [geom] cut=105026 survivors=169974 (36s)
  [geom] cut=106462 survivors=173538 (36s)
  [geom] cut=107964 survivors=177036 (36s)
  [geom] cut=108818 survivors=181182 (36s)
  [geom] cut=110122 survivors=184878 (36s)
  [geom] cut=111982 survivors=188018 (37s)
  [geom] cut=113375 survivors=191625 (38s)
  [geom] cut=114384 survivors=195616 (38s)
  [geom] cut=115942 survivors=199058 (38s)
  [geom] cut=118056 survivors=201944 (38s)
  [geom] cut=119601 survivors=205399 (38s)
  [geom] cut=120713 survivors=209287 (38s)
  [geom] cut=122235 survivors=212765 (38s)
  [geom] cut=124291 survivors=215709 (38s)
  [geom] cut=126829 survivors=218171 (39s)
  [geom] cut=127883 survivors=222117 (39s)
  [geom] cut=129189 survivors=225811 (41s)
  [geom] cut=130906 survivors=229094 (42s)
  [geom] cut=133181 survivors=231819 (42s)
  [geom] cut=135729 survivors=234271 (42s)
  [geom] cut=137134 survivors=237866 (44s)
  [geom] cut=138156 survivors=241844 (44s)
  [geom] cut=139813 survivors=245187 (44s)
  [geom] cut=141440 survivors=248560 (44s)
  [geom] cut=143550 survivors=251450 (44s)
  [geom] cut=146251 survivors=253749 (44s)
  [geom] cut=148591 survivors=256409 (45s)
  [geom] cut=149696 survivors=260304 (45s)
  [geom] cut=151326 survivors=263674 (46s)
  [geom] cut=153015 survivors=266985 (47s)
  [geom] cut=155283 survivors=269717 (47s)
  [geom] cut=157851 survivors=272149 (47s)
  [geom] cut=160705 survivors=274295 (47s)
  [geom] cut=162673 survivors=277327 (49s)
  [geom] cut=164253 survivors=280747 (49s)
  [geom] cut=166159 survivors=283841 (49s)
  [geom] cut=168594 survivors=286406 (49s)
  [geom] cut=171037 survivors=288963 (49s)
  [geom] cut=174226 survivors=290774 (49s)
  [geom] cut=176074 survivors=293926 (52s)
  [geom] cut=177386 survivors=297614 (55s)
  [geom] cut=178898 survivors=301102 (55s)
  [geom] cut=179389 survivors=305611 (55s)
  [geom] cut=180416 survivors=309584 (55s)
  [geom] cut=181935 survivors=313065 (55s)
  [geom] cut=182325 survivors=317675 (55s)
  [geom] cut=183166 survivors=321834 (55s)
  [geom] cut=184370 survivors=325630 (55s)
  [geom] cut=186064 survivors=328936 (55s)
  [geom] cut=186648 survivors=333352 (55s)
  [geom] cut=187577 survivors=337423 (55s)
  [geom] cut=188785 survivors=341215 (57s)
  [geom] cut=190524 survivors=344476 (57s)
  [geom] cut=191678 survivors=348322 (58s)
  [geom] cut=192431 survivors=352569 (58s)
  [geom] cut=193583 survivors=356417 (58s)
  [geom] cut=194997 survivors=360003 (58s)
  [geom] cut=196947 survivors=363053 (58s)
  [geom] cut=198505 survivors=366495 (59s)
  [geom] cut=199396 survivors=370604 (59s)
  [geom] cut=200471 survivors=374529 (59s)
  [geom] cut=202181 survivors=377819 (60s)
  [geom] cut=203940 survivors=381060 (60s)
  [geom] cut=206446 survivors=383554 (62s)
  [geom] cut=207250 survivors=387750 (62s)
  [geom] cut=208375 survivors=391625 (62s)
  [geom] cut=209869 survivors=395131 (62s)
  [geom] cut=211684 survivors=398316 (62s)
  [geom] cut=213757 survivors=401243 (63s)
  [geom] cut=216426 survivors=403574 (63s)
  [geom] cut=217398 survivors=407602 (64s)
  [geom] cut=218767 survivors=411233 (64s)
  [geom] cut=220177 survivors=414823 (64s)
  [geom] cut=222032 survivors=417968 (65s)
  [geom] cut=224413 survivors=420587 (65s)
  [geom] cut=226894 survivors=423106 (67s)
  [geom] cut=228868 survivors=426132 (69s)
  [geom] cut=229845 survivors=430155 (69s)
  [geom] cut=231263 survivors=433737 (69s)
  [geom] cut=232916 survivors=437084 (69s)
  [geom] cut=234766 survivors=440234 (69s)
  [geom] cut=236801 survivors=443199 (69s)
  [geom] cut=239101 survivors=445899 (69s)
  [geom] cut=242004 survivors=447996 (69s)
  [geom] cut=243709 survivors=451291 (71s)
  [geom] cut=245024 survivors=454976 (71s)
  [geom] cut=246769 survivors=458231 (71s)
  [geom] cut=248634 survivors=461366 (72s)
  [geom] cut=250641 survivors=464359 (72s)
  [geom] cut=252970 survivors=467030 (72s)
  [geom] cut=255607 survivors=469393 (72s)
  [geom] cut=258803 survivors=471197 (73s)
  [geom] cut=260483 survivors=474517 (75s)
  [geom] cut=262246 survivors=477754 (75s)
  [geom] cut=264085 survivors=480915 (75s)
  [geom] cut=266186 survivors=483814 (75s)
  [geom] cut=268676 survivors=486324 (75s)
  [geom] cut=271578 survivors=488422 (75s)
  [geom] cut=274717 survivors=490283 (76s)
  [geom] cut=276267 survivors=493733 (80s)
  [geom] cut=277165 survivors=497835 (81s)
  [geom] cut=278580 survivors=501420 (81s)
  [geom] cut=280456 survivors=504544 (81s)
  [geom] cut=280834 survivors=509166 (81s)
  [geom] cut=281517 survivors=513483 (81s)
  [geom] cut=282348 survivors=517652 (81s)
  [geom] cut=283757 survivors=521243 (81s)
  [geom] cut=284872 survivors=525128 (81s)
  [geom] cut=285350 survivors=529650 (81s)
  [geom] cut=286155 survivors=533845 (81s)
  [geom] cut=287153 survivors=537847 (82s)
  [geom] cut=288635 survivors=541365 (82s)
  [geom] cut=290380 survivors=544620 (84s)
  [geom] cut=290860 survivors=549140 (84s)
  [geom] cut=291552 survivors=553448 (84s)
  [geom] cut=292605 survivors=557395 (84s)
  [geom] cut=293856 survivors=561144 (85s)
  [geom] cut=295693 survivors=564307 (85s)
  [geom] cut=297599 survivors=567401 (86s)
  [geom] cut=298080 survivors=571920 (86s)
  [geom] cut=298895 survivors=576105 (86s)
  [geom] cut=299979 survivors=580021 (86s)
  [geom] cut=301508 survivors=583492 (86s)
  [geom] cut=303126 survivors=586874 (87s)
  [geom] cut=305113 survivors=589887 (88s)
  [geom] cut=306685 survivors=593315 (90s)
  [geom] cut=307540 survivors=597460 (90s)
  [geom] cut=308535 survivors=601465 (90s)
  [geom] cut=309948 survivors=605052 (90s)
  [geom] cut=311732 survivors=608268 (90s)
  [geom] cut=313546 survivors=611454 (90s)
  [geom] cut=315920 survivors=614080 (91s)
  [geom] cut=317460 survivors=617540 (93s)
  [geom] cut=318552 survivors=621448 (93s)
  [geom] cut=319645 survivors=625355 (93s)
  [geom] cut=321093 survivors=628907 (93s)
  [geom] cut=322874 survivors=632126 (93s)
  [geom] cut=325032 survivors=634968 (93s)
  [geom] cut=327537 survivors=637463 (94s)
  [geom] cut=329908 survivors=640092 (96s)
  [geom] cut=330826 survivors=644174 (96s)
  [geom] cut=332000 survivors=648000 (96s)
  [geom] cut=333480 survivors=651520 (96s)
  [geom] cut=335329 survivors=654671 (96s)
  [geom] cut=337515 survivors=657485 (96s)
  [geom] cut=339841 survivors=660159 (96s)
  [geom] cut=342360 survivors=662640 (97s)
  [geom] cut=344770 survivors=665230 (100s)
  [geom] cut=345757 survivors=669243 (100s)
  [geom] cut=347000 survivors=673000 (100s)
  [geom] cut=348464 survivors=676536 (100s)
  [geom] cut=350172 survivors=679828 (100s)
  [geom] cut=352111 survivors=682889 (100s)
  [geom] cut=354265 survivors=685735 (100s)
  [geom] cut=356606 survivors=688394 (100s)
  [geom] cut=359339 survivors=690661 (101s)
  [geom] cut=361925 survivors=693075 (103s)
  [geom] cut=363146 survivors=696854 (103s)
  [geom] cut=364600 survivors=700400 (103s)
  [geom] cut=366313 survivors=703687 (103s)
  [geom] cut=368206 survivors=706794 (103s)
  [geom] cut=370356 survivors=709644 (104s)
  [geom] cut=372702 survivors=712298 (104s)
  [geom] cut=375279 survivors=714721 (104s)
  [geom] cut=378309 survivors=716691 (105s)
  [geom] cut=380759 survivors=719241 (108s)
  [geom] cut=382272 survivors=722728 (108s)
  [geom] cut=384012 survivors=725988 (108s)
  [geom] cut=385999 survivors=729001 (108s)
  [geom] cut=388256 survivors=731744 (108s)
  [geom] cut=390751 survivors=734249 (108s)
  [geom] cut=393541 survivors=736459 (108s)
  [geom] cut=396847 survivors=738153 (108s)
  [geom] cut=398985 survivors=741015 (111s)
  [geom] cut=399235 survivors=745765 (114s)
  [geom] cut=399636 survivors=750364 (114s)
  [geom] cut=400207 survivors=754793 (115s)
  [geom] cut=401035 survivors=758965 (115s)
  [geom] cut=402148 survivors=762852 (115s)
  [geom] cut=403478 survivors=766522 (115s)
  [geom] cut=405320 survivors=769680 (116s)
  [geom] cut=405731 survivors=774269 (116s)
  [geom] cut=406004 survivors=778996 (116s)
  [geom] cut=406307 survivors=783693 (116s)
  [geom] cut=406732 survivors=788268 (116s)
  [geom] cut=407320 survivors=792680 (116s)
  [geom] cut=408096 survivors=796904 (118s)
  [geom] cut=409072 survivors=800928 (118s)
  [geom] cut=410270 survivors=804730 (118s)
  [geom] cut=411705 survivors=808295 (119s)
  [geom] cut=411940 survivors=813060 (121s)
  [geom] cut=412231 survivors=817769 (121s)
  [geom] cut=412689 survivors=822311 (121s)
  [geom] cut=413208 survivors=826792 (121s)
  [geom] cut=413835 survivors=831165 (121s)
  [geom] cut=414634 survivors=835366 (121s)
  [geom] cut=415578 survivors=839422 (121s)
  [geom] cut=416761 survivors=843239 (121s)
  [geom] cut=418243 survivors=846757 (123s)
  [geom] cut=419674 survivors=850326 (125s)
  [geom] cut=420054 survivors=854946 (125s)
  [geom] cut=420455 survivors=859545 (125s)
  [geom] cut=421003 survivors=863997 (125s)
  [geom] cut=421592 survivors=868408 (125s)
  [geom] cut=422355 survivors=872645 (125s)
  [geom] cut=423311 survivors=876689 (125s)
  [geom] cut=424436 survivors=880564 (125s)
  [geom] cut=425822 survivors=884178 (125s)
  [geom] cut=427509 survivors=887491 (125s)
  [geom] cut=429320 survivors=890680 (126s)
  [geom] cut=429794 survivors=895206 (130s)
  [geom] cut=430221 survivors=899779 (130s)
  [geom] cut=430811 survivors=904189 (130s)
  [geom] cut=431572 survivors=908428 (130s)
  [geom] cut=432548 survivors=912452 (130s)
  [geom] cut=433550 survivors=916450 (130s)
  [geom] cut=434585 survivors=920415 (130s)
  [geom] cut=435864 survivors=924136 (130s)
  [geom] cut=437440 survivors=927560 (130s)
  [geom] cut=439365 survivors=930635 (130s)
  [geom] cut=441232 survivors=933768 (131s)
  [geom] cut=441876 survivors=938124 (133s)
  [geom] cut=442460 survivors=942540 (133s)
  [geom] cut=443232 survivors=946768 (134s)
  [geom] cut=444190 survivors=950810 (134s)
  [geom] cut=445390 survivors=954610 (134s)
  [geom] cut=446403 survivors=958597 (134s)
  [geom] cut=447671 survivors=962329 (134s)
  [geom] cut=449201 survivors=965799 (134s)
  [geom] cut=451020 survivors=968980 (134s)
  [geom] cut=453150 survivors=971850 (134s)
  [geom] cut=455244 survivors=974756 (136s)
  [geom] cut=456088 survivors=978912 (139s)
  [geom] cut=456843 survivors=983157 (139s)
  [geom] cut=457819 survivors=987181 (139s)
  [geom] cut=458793 survivors=991207 (139s)
  [geom] cut=459752 survivors=995248 (139s)
  [geom] cut=461028 survivors=998972 (139s)
  [geom] cut=462601 survivors=1002399 (139s)
  [geom] cut=464455 survivors=1005545 (139s)
  [geom] cut=466336 survivors=1008664 (139s)
  [geom] cut=468247 survivors=1011753 (139s)
  [geom] cut=470646 survivors=1014354 (139s)
  [geom] cut=472334 survivors=1017666 (144s)
  [geom] cut=473053 survivors=1021947 (144s)
  [geom] cut=473897 survivors=1026103 (144s)
  [geom] cut=475015 survivors=1029985 (144s)
  [geom] cut=476398 survivors=1033602 (144s)
  [geom] cut=477868 survivors=1037132 (144s)
  [geom] cut=479275 survivors=1040725 (144s)
  [geom] cut=480964 survivors=1044036 (144s)
  [geom] cut=482939 survivors=1047061 (144s)
  [geom] cut=485131 survivors=1049869 (144s)
  [geom] cut=487582 survivors=1052418 (144s)
  [geom] cut=489973 survivors=1055027 (144s)
  [geom] cut=491302 survivors=1058698 (152s)
  [geom] cut=492125 survivors=1062875 (152s)
  [geom] cut=493020 survivors=1066980 (152s)
  [geom] cut=494284 survivors=1070716 (152s)
  [geom] cut=495854 survivors=1074146 (152s)
  [geom] cut=497085 survivors=1077915 (152s)
  [geom] cut=498617 survivors=1081383 (152s)
  [geom] cut=500550 survivors=1084450 (152s)
  [geom] cut=502707 survivors=1087293 (152s)
  [geom] cut=504737 survivors=1090263 (152s)
  [geom] cut=506976 survivors=1093024 (152s)
  [geom] cut=509700 survivors=1095300 (152s)
  [geom] cut=511474 survivors=1098526 (156s)
  [geom] cut=512632 survivors=1102368 (156s)
  [geom] cut=513899 survivors=1106101 (156s)
  [geom] cut=515448 survivors=1109552 (156s)
  [geom] cut=516671 survivors=1113329 (156s)
  [geom] cut=518227 survivors=1116773 (156s)
  [geom] cut=520110 survivors=1119890 (156s)
  [geom] cut=522275 survivors=1122725 (156s)
  [geom] cut=524238 survivors=1125762 (156s)
  [geom] cut=526458 survivors=1128542 (156s)
  [geom] cut=528988 survivors=1131012 (156s)
  [geom] cut=531935 survivors=1133065 (156s)
  [geom] cut=534005 survivors=1135995 (160s)
  [geom] cut=535411 survivors=1139589 (160s)
  [geom] cut=536878 survivors=1143122 (160s)
  [geom] cut=538666 survivors=1146334 (160s)
  [geom] cut=540221 survivors=1149779 (160s)
  [geom] cut=542016 survivors=1152984 (160s)
  [geom] cut=544125 survivors=1155875 (160s)
  [geom] cut=546443 survivors=1158557 (160s)
  [geom] cut=548984 survivors=1161016 (160s)
  [geom] cut=551690 survivors=1163310 (160s)
  [geom] cut=554611 survivors=1165389 (160s)
  [geom] cut=556714 survivors=1168286 (163s)
  [geom] cut=556924 survivors=1173076 (167s)
  [geom] cut=557278 survivors=1177722 (167s)
  [geom] cut=557814 survivors=1182186 (167s)
  [geom] cut=558528 survivors=1186472 (167s)
  [geom] cut=559431 survivors=1190569 (167s)
  [geom] cut=560535 survivors=1194465 (167s)
  [geom] cut=561870 survivors=1198130 (167s)
  [geom] cut=563534 survivors=1201466 (167s)
  [geom] cut=565267 survivors=1204733 (168s)
  [geom] cut=565527 survivors=1209473 (168s)
  [geom] cut=565774 survivors=1214226 (168s)
  [geom] cut=566142 survivors=1218858 (168s)
  [geom] cut=566559 survivors=1223441 (170s)
  [geom] cut=567096 survivors=1227904 (171s)
  [geom] cut=567851 survivors=1232149 (171s)
  [geom] cut=568795 survivors=1236205 (171s)
  [geom] cut=569966 survivors=1240034 (171s)
  [geom] cut=570985 survivors=1244015 (172s)
  [geom] cut=572376 survivors=1247624 (172s)
  [geom] cut=573508 survivors=1251492 (175s)
  [geom] cut=573803 survivors=1256197 (175s)
  [geom] cut=574118 survivors=1260882 (175s)
  [geom] cut=574574 survivors=1265426 (175s)
  [geom] cut=575107 survivors=1269893 (175s)
  [geom] cut=575788 survivors=1274212 (175s)
  [geom] cut=576713 survivors=1278287 (176s)
  [geom] cut=577877 survivors=1282123 (176s)
  [geom] cut=579013 survivors=1285987 (176s)
  [geom] cut=580174 survivors=1289826 (176s)
  [geom] cut=581769 survivors=1293231 (176s)
  [geom] cut=583225 survivors=1296775 (178s)
  [geom] cut=583673 survivors=1301327 (178s)
  [geom] cut=584066 survivors=1305934 (178s)
  [geom] cut=584632 survivors=1310368 (178s)
  [geom] cut=585376 survivors=1314624 (178s)
  [geom] cut=586338 survivors=1318662 (179s)
  [geom] cut=587056 survivors=1322944 (180s)
  [geom] cut=588031 survivors=1326969 (181s)
  [geom] cut=589354 survivors=1330646 (181s)
  [geom] cut=590957 survivors=1334043 (181s)
  [geom] cut=592405 survivors=1337595 (181s)
  [geom] cut=594162 survivors=1340838 (181s)
  [geom] cut=595547 survivors=1344453 (185s)
  [geom] cut=595969 survivors=1349031 (185s)
  [geom] cut=596487 survivors=1353513 (185s)
  [geom] cut=597199 survivors=1357801 (185s)
  [geom] cut=598158 survivors=1361842 (185s)
  [geom] cut=599065 survivors=1365935 (185s)
  [geom] cut=599973 survivors=1370027 (185s)
  [geom] cut=601217 survivors=1373783 (185s)
  [geom] cut=602817 survivors=1377183 (185s)
  [geom] cut=604346 survivors=1380654 (186s)
  [geom] cut=605880 survivors=1384120 (186s)
  [geom] cut=607852 survivors=1387148 (186s)
  [geom] cut=609580 survivors=1390420 (189s)
  [geom] cut=610332 survivors=1394668 (189s)
  [geom] cut=611060 survivors=1398940 (189s)
  [geom] cut=612009 survivors=1402991 (189s)
  [geom] cut=612841 survivors=1407159 (189s)
  [geom] cut=613788 survivors=1411212 (189s)
  [geom] cut=615034 survivors=1414966 (190s)
  [geom] cut=616615 survivors=1418385 (190s)
  [geom] cut=618087 survivors=1421913 (190s)
  [geom] cut=619610 survivors=1425390 (190s)
  [geom] cut=621500 survivors=1428500 (190s)
  [geom] cut=623769 survivors=1431231 (190s)
  [geom] cut=625894 survivors=1434106 (193s)
  [geom] cut=626940 survivors=1438060 (196s)
  [geom] cut=627894 survivors=1442106 (196s)
  [geom] cut=628526 survivors=1446474 (196s)
  [geom] cut=629533 survivors=1450467 (196s)
  [geom] cut=630849 survivors=1454151 (196s)
  [geom] cut=632314 survivors=1457686 (196s)
  [geom] cut=633540 survivors=1461460 (196s)
  [geom] cut=635182 survivors=1464818 (196s)
  [geom] cut=637091 survivors=1467909 (196s)
  [geom] cut=639238 survivors=1470762 (196s)
  [geom] cut=641333 survivors=1473667 (196s)
  [geom] cut=643803 survivors=1476197 (197s)
  [geom] cut=645337 survivors=1479663 (202s)
  [geom] cut=646230 survivors=1483770 (202s)
  [geom] cut=647247 survivors=1487753 (202s)
  [geom] cut=648616 survivors=1491384 (202s)
  [geom] cut=649711 survivors=1495289 (202s)
  [geom] cut=650995 survivors=1499005 (202s)
  [geom] cut=652722 survivors=1502278 (202s)
  [geom] cut=654655 survivors=1505345 (202s)
  [geom] cut=656344 survivors=1508656 (202s)
  [geom] cut=658332 survivors=1511668 (202s)
  [geom] cut=660628 survivors=1514372 (202s)
  [geom] cut=663214 survivors=1516786 (202s)
  [geom] cut=665330 survivors=1519670 (205s)
  [geom] cut=666845 survivors=1523155 (207s)
  [geom] cut=667822 survivors=1527178 (207s)
  [geom] cut=668816 survivors=1531184 (207s)
  [geom] cut=670250 survivors=1534750 (207s)
  [geom] cut=671791 survivors=1538209 (207s)
  [geom] cut=673079 survivors=1541921 (207s)
  [geom] cut=674892 survivors=1545108 (207s)
  [geom] cut=677006 survivors=1547994 (207s)
  [geom] cut=678884 survivors=1551116 (207s)
  [geom] cut=681003 survivors=1553997 (207s)
  [geom] cut=683465 survivors=1556535 (207s)
  [geom] cut=686192 survivors=1558808 (208s)
  [geom] cut=688377 survivors=1561623 (210s)
  [geom] cut=690057 survivors=1564943 (212s)
  [geom] cut=691293 survivors=1568707 (212s)
  [geom] cut=692470 survivors=1572530 (212s)
  [geom] cut=694099 survivors=1575901 (212s)
  [geom] cut=695969 survivors=1579031 (212s)
  [geom] cut=697462 survivors=1582538 (212s)
  [geom] cut=699395 survivors=1585605 (212s)
  [geom] cut=701708 survivors=1588292 (212s)
  [geom] cut=704152 survivors=1590848 (212s)
  [geom] cut=706659 survivors=1593341 (212s)
  [geom] cut=709376 survivors=1595624 (213s)
  [geom] cut=712360 survivors=1597640 (213s)
  [geom] cut=714311 survivors=1600689 (218s)
  [geom] cut=715511 survivors=1604489 (218s)
  [geom] cut=717061 survivors=1607939 (218s)
  [geom] cut=719024 survivors=1610976 (218s)
  [geom] cut=720713 survivors=1614287 (218s)
  [geom] cut=722590 survivors=1617410 (218s)
  [geom] cut=724831 survivors=1620169 (218s)
  [geom] cut=727332 survivors=1622668 (218s)
  [geom] cut=729984 survivors=1625016 (218s)
  [geom] cut=732813 survivors=1627187 (218s)
  [geom] cut=735877 survivors=1629123 (218s)
  [geom] cut=737766 survivors=1632234 (221s)
  [geom] cut=738081 survivors=1636919 (223s)
  [geom] cut=738551 survivors=1641449 (223s)
  [geom] cut=739204 survivors=1645796 (224s)
  [geom] cut=740060 survivors=1649940 (224s)
  [geom] cut=741159 survivors=1653841 (225s)
  [geom] cut=742508 survivors=1657492 (225s)
  [geom] cut=743806 survivors=1661194 (225s)
  [geom] cut=745312 survivors=1664688 (225s)
  [geom] cut=747267 survivors=1667733 (226s)
  [geom] cut=748749 survivors=1671251 (227s)
  [geom] cut=748990 survivors=1676010 (227s)
  [geom] cut=749339 survivors=1680661 (227s)
  [geom] cut=749767 survivors=1685233 (228s)
  [geom] cut=750282 survivors=1689718 (228s)
  [geom] cut=751006 survivors=1693994 (228s)
  [geom] cut=751922 survivors=1698078 (228s)
  [geom] cut=753108 survivors=1701892 (228s)
  [geom] cut=754130 survivors=1705870 (229s)
  [geom] cut=755351 survivors=1709649 (230s)
  [geom] cut=756907 survivors=1713093 (230s)
  [geom] cut=758416 survivors=1716584 (232s)
  [geom] cut=758872 survivors=1721128 (232s)
  [geom] cut=759287 survivors=1725713 (232s)
  [geom] cut=759849 survivors=1730151 (232s)
  [geom] cut=760598 survivors=1734402 (232s)
  [geom] cut=761437 survivors=1738563 (232s)
  [geom] cut=762201 survivors=1742799 (233s)
  [geom] cut=763251 survivors=1746749 (233s)
  [geom] cut=764530 survivors=1750470 (233s)
  [geom] cut=766135 survivors=1753865 (234s)
  [geom] cut=767540 survivors=1757460 (234s)
  [geom] cut=769305 survivors=1760695 (235s)
  [geom] cut=770689 survivors=1764311 (238s)
  [geom] cut=771189 survivors=1768811 (238s)
  [geom] cut=771702 survivors=1773298 (238s)
  [geom] cut=772431 survivors=1777569 (238s)
  [geom] cut=773380 survivors=1781620 (238s)
  [geom] cut=774192 survivors=1785808 (238s)
  [geom] cut=775169 survivors=1789831 (238s)
  [geom] cut=776409 survivors=1793591 (238s)
  [geom] cut=777994 survivors=1797006 (238s)
  [geom] cut=779445 survivors=1800555 (239s)
  [geom] cut=781006 survivors=1803994 (239s)
  [geom] cut=783029 survivors=1806971 (239s)
  [geom] cut=784746 survivors=1810254 (243s)
  [geom] cut=785525 survivors=1814475 (244s)
  [geom] cut=786262 survivors=1818738 (244s)
  [geom] cut=787112 survivors=1822888 (244s)
  [geom] cut=787834 survivors=1827166 (244s)
  [geom] cut=788801 survivors=1831199 (244s)
  [geom] cut=790117 survivors=1834883 (244s)
  [geom] cut=791550 survivors=1838450 (244s)
  [geom] cut=792785 survivors=1842215 (244s)
  [geom] cut=794398 survivors=1845602 (244s)
  [geom] cut=796353 survivors=1848647 (244s)
  [geom] cut=798539 survivors=1851461 (244s)
  [geom] cut=800748 survivors=1854252 (246s)
  [geom] cut=802104 survivors=1857896 (250s)
  [geom] cut=802642 survivors=1862358 (250s)
  [geom] cut=803478 survivors=1866522 (250s)
  [geom] cut=804550 survivors=1870450 (250s)
  [geom] cut=805943 survivors=1874057 (250s)
  [geom] cut=806933 survivors=1878067 (250s)
  [geom] cut=808276 survivors=1881724 (250s)
  [geom] cut=810006 survivors=1884994 (250s)
  [geom] cut=812025 survivors=1887975 (250s)
  [geom] cut=813664 survivors=1891336 (250s)
  [geom] cut=815697 survivors=1894303 (250s)
  [geom] cut=818125 survivors=1896875 (251s)
  [geom] cut=820046 survivors=1899954 (254s)
  [geom] cut=821212 survivors=1903788 (254s)
  [geom] cut=822362 survivors=1907638 (254s)
  [geom] cut=823337 survivors=1911663 (254s)
  [geom] cut=824431 survivors=1915569 (254s)
  [geom] cut=825885 survivors=1919115 (254s)
  [geom] cut=827661 survivors=1922339 (254s)
  [geom] cut=829112 survivors=1925888 (254s)
  [geom] cut=830851 survivors=1929149 (254s)
  [geom] cut=832947 survivors=1932053 (254s)
  [geom] cut=835292 survivors=1934708 (255s)
  [geom] cut=837800 survivors=1937200 (255s)
  [geom] cut=840400 survivors=1939600 (257s)
  [geom] cut=842018 survivors=1942982 (261s)
  [geom] cut=842803 survivors=1947197 (261s)
  [geom] cut=843944 survivors=1951056 (261s)
  [geom] cut=845469 survivors=1954531 (261s)
  [geom] cut=846975 survivors=1958025 (261s)
  [geom] cut=848356 survivors=1961644 (261s)
  [geom] cut=850210 survivors=1964790 (261s)
  [geom] cut=852333 survivors=1967667 (261s)
  [geom] cut=854568 survivors=1970432 (261s)
  [geom] cut=856718 survivors=1973282 (261s)
  [geom] cut=859206 survivors=1975794 (261s)
  [geom] cut=862147 survivors=1977853 (261s)
  [geom] cut=863830 survivors=1981170 (265s)
  [geom] cut=865174 survivors=1984826 (265s)
  [geom] cut=866716 survivors=1988284 (265s)
  [geom] cut=867854 survivors=1992146 (265s)
  [geom] cut=869311 survivors=1995689 (265s)
  [geom] cut=871202 survivors=1998798 (265s)
  [geom] cut=872990 survivors=2002010 (265s)
  [geom] cut=874830 survivors=2005170 (265s)
  [geom] cut=877014 survivors=2007986 (265s)
  [geom] cut=879534 survivors=2010466 (265s)
  [geom] cut=882167 survivors=2012833 (266s)
  [geom] cut=884931 survivors=2015069 (266s)
  [geom] cut=887533 survivors=2017467 (267s)
  [geom] cut=889689 survivors=2020311 (271s)
  [geom] cut=890668 survivors=2024332 (271s)
  [geom] cut=892208 survivors=2027792 (271s)
  [geom] cut=894127 survivors=2030873 (271s)
  [geom] cut=895757 survivors=2034243 (271s)
  [geom] cut=897609 survivors=2037391 (271s)
  [geom] cut=899882 survivors=2040118 (271s)
  [geom] cut=902372 survivors=2042628 (271s)
  [geom] cut=904972 survivors=2045028 (271s)
  [geom] cut=907670 survivors=2047330 (271s)
  [geom] cut=910640 survivors=2049360 (271s)
  [geom] cut=913348 survivors=2051652 (272s)
  [geom] cut=915686 survivors=2054314 (276s)
  [geom] cut=917063 survivors=2057937 (276s)
  [geom] cut=918743 survivors=2061257 (276s)
  [geom] cut=920805 survivors=2064195 (276s)
  [geom] cut=923103 survivors=2066897 (276s)
  [geom] cut=925257 survivors=2069743 (276s)
  [geom] cut=927677 survivors=2072323 (276s)
  [geom] cut=930364 survivors=2074636 (276s)
  [geom] cut=933313 survivors=2076687 (276s)
  [geom] cut=936688 survivors=2078312 (276s)
  [geom] cut=938983 survivors=2081017 (278s)
  [geom] cut=939455 survivors=2085545 (281s)
  [geom] cut=939895 survivors=2090105 (281s)
  [geom] cut=940518 survivors=2094482 (282s)
  [geom] cut=941362 survivors=2098638 (282s)
  [geom] cut=941937 survivors=2103063 (282s)
  [geom] cut=942806 survivors=2107194 (282s)
  [geom] cut=944026 survivors=2110974 (283s)
  [geom] cut=945566 survivors=2114434 (284s)
  [geom] cut=946654 survivors=2118346 (284s)
  [geom] cut=948230 survivors=2121770 (284s)
  [geom] cut=950281 survivors=2124719 (285s)
  [geom] cut=952489 survivors=2127511 (287s)
  [geom] cut=953154 survivors=2131846 (291s)
  [geom] cut=953350 survivors=2136650 (291s)
  [geom] cut=953668 survivors=2141332 (291s)
  [geom] cut=954194 survivors=2145806 (291s)
  [geom] cut=954942 survivors=2150058 (291s)
  [geom] cut=955371 survivors=2154629 (291s)
  [geom] cut=956123 survivors=2158877 (291s)
  [geom] cut=957232 survivors=2162768 (291s)
  [geom] cut=958046 survivors=2166954 (291s)
  [geom] cut=959125 survivors=2170875 (291s)
  [geom] cut=960604 survivors=2174396 (291s)
  [geom] cut=961967 survivors=2178033 (291s)
  [geom] cut=963482 survivors=2181518 (291s)
  [geom] cut=964892 survivors=2185108 (293s)
  [geom] cut=965469 survivors=2189531 (294s)
  [geom] cut=966042 survivors=2193958 (294s)
  [geom] cut=966403 survivors=2198597 (294s)
  [geom] cut=966966 survivors=2203034 (294s)
  [geom] cut=967860 survivors=2207140 (294s)
  [geom] cut=968611 survivors=2211389 (294s)
  [geom] cut=969435 survivors=2215565 (294s)
  [geom] cut=970702 survivors=2219298 (295s)
  [geom] cut=971869 survivors=2223131 (295s)
  [geom] cut=973014 survivors=2226986 (296s)
  [geom] cut=974671 survivors=2230329 (296s)
  [geom] cut=976422 survivors=2233578 (297s)
  [geom] cut=978117 survivors=2236883 (297s)
  [geom] cut=979427 survivors=2240573 (300s)
  [geom] cut=980120 survivors=2244880 (300s)
  [geom] cut=980861 survivors=2249139 (300s)
  [geom] cut=981290 survivors=2253710 (300s)
  [geom] cut=982055 survivors=2257945 (300s)
  [geom] cut=983143 survivors=2261857 (300s)
  [geom] cut=983893 survivors=2266107 (300s)
  [geom] cut=984940 survivors=2270060 (300s)
  [geom] cut=986489 survivors=2273511 (300s)
  [geom] cut=987597 survivors=2277403 (301s)
  [geom] cut=989033 survivors=2280967 (302s)
  [geom] cut=990974 survivors=2284026 (302s)
  [geom] cut=992645 survivors=2287355 (302s)
  [geom] cut=994638 survivors=2290362 (303s)
  [geom] cut=996192 survivors=2293808 (305s)
  [geom] cut=997130 survivors=2297870 (307s)
  [geom] cut=997880 survivors=2302120 (307s)
  [geom] cut=998430 survivors=2306570 (307s)
  [geom] cut=999467 survivors=2310533 (307s)
  [geom] cut=1000532 survivors=2314468 (307s)
  [geom] cut=1001449 survivors=2318551 (307s)
  [geom] cut=1002849 survivors=2322151 (307s)
  [geom] cut=1004217 survivors=2325783 (307s)
  [geom] cut=1005544 survivors=2329456 (307s)
  [geom] cut=1007398 survivors=2332602 (307s)
  [geom] cut=1009353 survivors=2335647 (307s)
  [geom] cut=1011070 survivors=2338930 (309s)
  [geom] cut=1013329 survivors=2341671 (309s)
  [geom] cut=1015257 survivors=2344743 (311s)
  [geom] cut=1016547 survivors=2348453 (313s)
  [geom] cut=1017206 survivors=2352794 (313s)
  [geom] cut=1018078 survivors=2356922 (313s)
  [geom] cut=1019366 survivors=2360634 (313s)
  [geom] cut=1020316 survivors=2364684 (313s)
  [geom] cut=1021526 survivors=2368474 (313s)
  [geom] cut=1023283 survivors=2371717 (313s)
  [geom] cut=1024619 survivors=2375381 (313s)
  [geom] cut=1026235 survivors=2378765 (313s)
  [geom] cut=1028346 survivors=2381654 (313s)
  [geom] cut=1030402 survivors=2384598 (313s)
  [geom] cut=1032437 survivors=2387563 (314s)
  [geom] cut=1034944 survivors=2390056 (314s)
  [geom] cut=1036742 survivors=2393258 (317s)
  [geom] cut=1038198 survivors=2396802 (318s)
  [geom] cut=1039143 survivors=2400857 (318s)
  [geom] cut=1040082 survivors=2404918 (318s)
  [geom] cut=1041567 survivors=2408433 (318s)
  [geom] cut=1042776 survivors=2412224 (318s)
  [geom] cut=1044159 survivors=2415841 (318s)
  [geom] cut=1046071 survivors=2418929 (318s)
  [geom] cut=1047722 survivors=2422278 (318s)
  [geom] cut=1049542 survivors=2425458 (318s)
  [geom] cut=1051778 survivors=2428222 (319s)
  [geom] cut=1054263 survivors=2430737 (319s)
  [geom] cut=1056713 survivors=2433287 (320s)
  [geom] cut=1059484 survivors=2435516 (321s)
  [geom] cut=1060888 survivors=2439112 (325s)
  [geom] cut=1062136 survivors=2442864 (325s)
  [geom] cut=1063666 survivors=2446334 (325s)
  [geom] cut=1064654 survivors=2450346 (325s)
  [geom] cut=1066154 survivors=2453846 (325s)
  [geom] cut=1068111 survivors=2456889 (325s)
  [geom] cut=1069516 survivors=2460484 (325s)
  [geom] cut=1071417 survivors=2463583 (325s)
  [geom] cut=1073707 survivors=2466293 (325s)
  [geom] cut=1075925 survivors=2469075 (325s)
  [geom] cut=1078165 survivors=2471835 (325s)
  [geom] cut=1080784 survivors=2474216 (325s)
  [geom] cut=1083727 survivors=2476273 (325s)
  [geom] cut=1085580 survivors=2479420 (329s)
  [geom] cut=1087467 survivors=2482533 (330s)
  [geom] cut=1088593 survivors=2486407 (330s)
  [geom] cut=1089958 survivors=2490042 (330s)
  [geom] cut=1091852 survivors=2493148 (330s)
  [geom] cut=1093258 survivors=2496742 (330s)
  [geom] cut=1095057 survivors=2499943 (330s)
  [geom] cut=1097315 survivors=2502685 (330s)
  [geom] cut=1099229 survivors=2505771 (330s)
  [geom] cut=1101492 survivors=2508508 (330s)
  [geom] cut=1104056 survivors=2510944 (330s)
  [geom] cut=1106802 survivors=2513198 (330s)
  [geom] cut=1109740 survivors=2515260 (331s)
  [geom] cut=1112161 survivors=2517839 (333s)
  [geom] cut=1114459 survivors=2520541 (336s)
  [geom] cut=1115484 survivors=2524516 (336s)
  [geom] cut=1117212 survivors=2527788 (336s)
  [geom] cut=1119128 survivors=2530872 (336s)
  [geom] cut=1120784 survivors=2534216 (336s)
  [geom] cut=1122912 survivors=2537088 (336s)
  [geom] cut=1125279 survivors=2539721 (336s)
  [geom] cut=1127501 survivors=2542499 (336s)
  [geom] cut=1129993 survivors=2545007 (336s)
  [geom] cut=1132745 survivors=2547255 (336s)
  [geom] cut=1135722 survivors=2549278 (336s)
  [geom] cut=1139199 survivors=2550801 (337s)
  [geom] cut=1141068 survivors=2553932 (341s)
  [geom] cut=1142905 survivors=2557095 (341s)
  [geom] cut=1145033 survivors=2559967 (341s)
  [geom] cut=1146748 survivors=2563252 (341s)
  [geom] cut=1148777 survivors=2566223 (341s)
  [geom] cut=1151151 survivors=2568849 (341s)
  [geom] cut=1153748 survivors=2571252 (341s)
  [geom] cut=1156415 survivors=2573585 (341s)
  [geom] cut=1159224 survivors=2575776 (341s)
  [geom] cut=1162286 survivors=2577714 (341s)
  [geom] cut=1165591 survivors=2579409 (341s)
  [geom] cut=1166922 survivors=2579741 (341s)
  [passA] 500/2579741 tos=0 (526s)
  [passA] 1000/2579741 tos=0 (528s)
  [passA] 1500/2579741 tos=0 (529s)
  [passA] 2000/2579741 tos=0 (529s)
  [passA] 2500/2579741 tos=0 (530s)
  [passA] 3000/2579741 tos=0 (532s)
  [passA] 3500/2579741 tos=0 (533s)
  [passA] 4000/2579741 tos=0 (533s)
  [passA] 4500/2579741 tos=0 (541s)
  [passA] 5000/2579741 tos=0 (541s)
  [passA] 5500/2579741 tos=0 (548s)
  [passA] 6000/2579741 tos=0 (555s)
  [passA] 6500/2579741 tos=0 (690s)
  [passA] 7000/2579741 tos=0 (701s)
  [passA] 7500/2579741 tos=0 (705s)
  [passA] 8000/2579741 tos=0 (708s)
  [passA] 8500/2579741 tos=0 (715s)
  [passA] 9000/2579741 tos=0 (716s)
  [passA] 9500/2579741 tos=0 (722s)
  [passA] 10000/2579741 tos=0 (724s)
  [passA] 10500/2579741 tos=0 (728s)
  [passA] 11000/2579741 tos=0 (730s)
  [passA] 11500/2579741 tos=0 (730s)
  [passA] 12000/2579741 tos=0 (731s)
  [passA] 12500/2579741 tos=0 (862s)
  [passA] 13000/2579741 tos=0 (866s)
  [passA] 13500/2579741 tos=0 (866s)
  [passA] 14000/2579741 tos=0 (867s)
  [passA] 14500/2579741 tos=0 (871s)
  [passA] 15000/2579741 tos=0 (874s)
  [passA] 15500/2579741 tos=0 (877s)
  [passA] 16000/2579741 tos=0 (885s)
  [passA] 16500/2579741 tos=0 (889s)
  [passA] 17000/2579741 tos=0 (897s)
  [passA] 17500/2579741 tos=0 (898s)
  [passA] 18000/2579741 tos=0 (899s)
  [passA] 18500/2579741 tos=0 (1043s)
  [passA] 19000/2579741 tos=0 (1052s)
  [passA] 19500/2579741 tos=0 (1052s)
  [passA] 20000/2579741 tos=0 (1068s)
  [passA] 20500/2579741 tos=0 (1071s)
  [passA] 21000/2579741 tos=0 (1072s)
  [passA] 21500/2579741 tos=0 (1081s)
  [passA] 22000/2579741 tos=0 (1088s)
  [passA] 22500/2579741 tos=0 (1090s)
  [passA] 23000/2579741 tos=0 (1093s)
  [passA] 23500/2579741 tos=0 (1098s)
  [passA] 24000/2579741 tos=0 (1100s)
  [passA] 24500/2579741 tos=0 (1285s)
  [passA] 25000/2579741 tos=0 (1299s)
  [passA] 25500/2579741 tos=0 (1324s)
  [passA] 26000/2579741 tos=0 (1328s)
  [passA] 26500/2579741 tos=0 (1334s)
  [passA] 27000/2579741 tos=0 (1337s)
  [passA] 27500/2579741 tos=0 (1347s)
  [passA] 28000/2579741 tos=0 (1349s)
  [passA] 28500/2579741 tos=0 (1357s)
  [passA] 29000/2579741 tos=0 (1360s)
  [passA] 29500/2579741 tos=0 (1366s)
  [passA] 30000/2579741 tos=0 (1366s)
  [passA] 30500/2579741 tos=0 (1523s)
  [passA] 31000/2579741 tos=0 (1547s)
  [passA] 31500/2579741 tos=0 (1560s)
  [passA] 32000/2579741 tos=0 (1568s)
  [passA] 32500/2579741 tos=0 (1571s)
  [passA] 33000/2579741 tos=0 (1575s)
  [passA] 33500/2579741 tos=0 (1580s)
  [passA] 34000/2579741 tos=0 (1593s)
  [passA] 34500/2579741 tos=0 (1602s)
  [passA] 35000/2579741 tos=0 (1603s)
  [passA] 35500/2579741 tos=0 (1605s)
  [passA] 36000/2579741 tos=0 (1614s)
  [passA] 36500/2579741 tos=0 (1734s)
  [passA] 37000/2579741 tos=0 (1771s)
  [passA] 37500/2579741 tos=0 (1782s)
  [passA] 38000/2579741 tos=0 (1787s)
  [passA] 38500/2579741 tos=0 (1797s)
  [passA] 39000/2579741 tos=0 (1802s)
  [passA] 39500/2579741 tos=0 (1819s)
  [passA] 40000/2579741 tos=0 (1820s)
  [passA] 40500/2579741 tos=0 (1822s)
  [passA] 41000/2579741 tos=0 (1831s)
  [passA] 41500/2579741 tos=0 (1841s)
  [passA] 42000/2579741 tos=0 (1859s)
  [passA] 42500/2579741 tos=0 (1941s)
  [passA] 43000/2579741 tos=0 (1982s)
  [passA] 43500/2579741 tos=0 (1990s)
  [passA] 44000/2579741 tos=0 (1996s)
  [passA] 44500/2579741 tos=0 (2007s)
  [passA] 45000/2579741 tos=0 (2011s)
  [passA] 45500/2579741 tos=0 (2021s)
  [passA] 46000/2579741 tos=0 (2023s)
  [passA] 46500/2579741 tos=0 (2028s)
  [passA] 47000/2579741 tos=0 (2035s)
  [passA] 47500/2579741 tos=0 (2063s)
  [passA] 48000/2579741 tos=0 (2092s)
  [passA] 48500/2579741 tos=0 (2143s)
  [passA] 49000/2579741 tos=0 (2188s)
  [passA] 49500/2579741 tos=0 (2190s)
  [passA] 50000/2579741 tos=0 (2192s)
  [passA] 50500/2579741 tos=0 (2205s)
  [passA] 51000/2579741 tos=0 (2218s)
  [passA] 51500/2579741 tos=0 (2221s)
  [passA] 52000/2579741 tos=0 (2226s)
  [passA] 52500/2579741 tos=0 (2247s)
  [passA] 53000/2579741 tos=0 (2249s)
  [passA] 53500/2579741 tos=0 (2251s)
  [passA] 54000/2579741 tos=0 (2274s)
  [passA] 54500/2579741 tos=0 (2320s)
  [passA] 55000/2579741 tos=0 (2358s)
  [passA] 55500/2579741 tos=0 (2371s)
  [passA] 56000/2579741 tos=0 (2385s)
  [passA] 56500/2579741 tos=0 (2393s)
  [passA] 57000/2579741 tos=0 (2394s)
  [passA] 57500/2579741 tos=0 (2409s)
  [passA] 58000/2579741 tos=0 (2414s)
  [passA] 58500/2579741 tos=0 (2439s)
  [passA] 59000/2579741 tos=0 (2445s)
  [passA] 59500/2579741 tos=0 (2446s)
  [passA] 60000/2579741 tos=0 (2448s)
  [passA] 60500/2579741 tos=0 (2512s)
  [passA] 61000/2579741 tos=0 (2548s)
  [passA] 61500/2579741 tos=0 (2555s)
  [passA] 62000/2579741 tos=0 (2565s)
  [passA] 62500/2579741 tos=0 (2568s)
  [passA] 63000/2579741 tos=0 (2582s)
  [passA] 63500/2579741 tos=0 (2585s)
  [passA] 64000/2579741 tos=0 (2587s)
  [passA] 64500/2579741 tos=0 (2603s)
  [passA] 65000/2579741 tos=0 (2604s)
  [passA] 65500/2579741 tos=0 (2608s)
  [passA] 66000/2579741 tos=0 (2614s)
  [passA] 66500/2579741 tos=0 (2655s)
  [passA] 67000/2579741 tos=0 (2700s)
  [passA] 67500/2579741 tos=0 (2719s)
  [passA] 68000/2579741 tos=0 (2720s)
  [passA] 68500/2579741 tos=0 (2723s)
  [passA] 69000/2579741 tos=0 (2740s)
  [passA] 69500/2579741 tos=0 (2742s)
  [passA] 70000/2579741 tos=0 (2755s)
  [passA] 70500/2579741 tos=0 (2755s)
  [passA] 71000/2579741 tos=0 (2772s)
  [passA] 71500/2579741 tos=0 (2776s)
  [passA] 72000/2579741 tos=0 (2778s)
  [passA] 72500/2579741 tos=0 (2801s)
  [passA] 73000/2579741 tos=0 (2847s)
  [passA] 73500/2579741 tos=0 (2861s)
  [passA] 74000/2579741 tos=0 (2869s)
  [passA] 74500/2579741 tos=0 (2872s)
  [passA] 75000/2579741 tos=0 (2891s)
  [passA] 75500/2579741 tos=0 (2896s)
  [passA] 76000/2579741 tos=0 (2902s)
  [passA] 76500/2579741 tos=0 (2904s)
  [passA] 77000/2579741 tos=0 (2912s)
  [passA] 77500/2579741 tos=0 (2916s)
  [passA] 78000/2579741 tos=0 (2919s)
  [passA] 78500/2579741 tos=0 (2933s)
  [passA] 79000/2579741 tos=0 (2980s)
  [passA] 79500/2579741 tos=0 (3013s)
  [passA] 80000/2579741 tos=0 (3020s)
  [passA] 80500/2579741 tos=0 (3031s)
  [passA] 81000/2579741 tos=0 (3032s)
  [passA] 81500/2579741 tos=0 (3034s)
  [passA] 82000/2579741 tos=0 (3045s)
  [passA] 82500/2579741 tos=0 (3045s)
  [passA] 83000/2579741 tos=0 (3045s)
  [passA] 83500/2579741 tos=0 (3054s)
  [passA] 84000/2579741 tos=0 (3066s)
  [passA] 84500/2579741 tos=0 (3075s)
  [passA] 85000/2579741 tos=0 (3099s)
  [passA] 85500/2579741 tos=0 (3149s)
  [passA] 86000/2579741 tos=0 (3158s)
  [passA] 86500/2579741 tos=0 (3163s)
  [passA] 87000/2579741 tos=0 (3169s)
  [passA] 87500/2579741 tos=0 (3174s)
  [passA] 88000/2579741 tos=0 (3178s)
  [passA] 88500/2579741 tos=0 (3181s)
  [passA] 89000/2579741 tos=0 (3183s)
  [passA] 89500/2579741 tos=0 (3186s)
  [passA] 90000/2579741 tos=0 (3190s)
  [passA] 90500/2579741 tos=0 (3209s)
  [passA] 91000/2579741 tos=0 (3221s)
  [passA] 91500/2579741 tos=0 (3267s)
  [passA] 92000/2579741 tos=0 (3269s)
  [passA] 92500/2579741 tos=0 (3277s)
  [passA] 93000/2579741 tos=0 (3288s)
  [passA] 93500/2579741 tos=0 (3291s)
  [passA] 94000/2579741 tos=0 (3301s)
  [passA] 94500/2579741 tos=0 (3303s)
  [passA] 95000/2579741 tos=0 (3305s)
  [passA] 95500/2579741 tos=0 (3310s)
  [passA] 96000/2579741 tos=0 (3316s)
  [passA] 96500/2579741 tos=0 (3326s)
  [passA] 97000/2579741 tos=0 (3346s)
  [passA] 97500/2579741 tos=0 (3373s)
  [passA] 98000/2579741 tos=0 (3385s)
  [passA] 98500/2579741 tos=0 (3412s)
  [passA] 99000/2579741 tos=0 (3414s)
  [passA] 99500/2579741 tos=0 (3420s)
  [passA] 100000/2579741 tos=0 (3421s)
  [passA] 100500/2579741 tos=0 (3423s)
  [passA] 101000/2579741 tos=0 (3428s)
  [passA] 101500/2579741 tos=0 (3446s)
  [passA] 102000/2579741 tos=0 (3448s)
  [passA] 102500/2579741 tos=0 (3449s)
  [passA] 103000/2579741 tos=0 (3452s)
  [passA] 103500/2579741 tos=0 (3462s)
  [passA] 104000/2579741 tos=0 (3470s)
  [passA] 104500/2579741 tos=0 (3500s)
  [passA] 105000/2579741 tos=0 (3502s)
  [passA] 105500/2579741 tos=0 (3514s)
  [passA] 106000/2579741 tos=0 (3515s)
  [passA] 106500/2579741 tos=0 (3527s)
  [passA] 107000/2579741 tos=0 (3537s)
  [passA] 107500/2579741 tos=0 (3543s)
  [passA] 108000/2579741 tos=0 (3558s)
  [passA] 108500/2579741 tos=0 (3566s)
  [passA] 109000/2579741 tos=0 (3572s)
  [passA] 109500/2579741 tos=0 (3576s)
  [passA] 110000/2579741 tos=0 (3582s)
  [passA] 110500/2579741 tos=0 (3610s)
  [passA] 111000/2579741 tos=0 (3619s)
  [passA] 111500/2579741 tos=0 (3619s)
  [passA] 112000/2579741 tos=0 (3632s)
  [passA] 112500/2579741 tos=0 (3634s)
  [passA] 113000/2579741 tos=0 (3636s)
  [passA] 113500/2579741 tos=0 (3653s)
  [passA] 114000/2579741 tos=0 (3658s)
  [passA] 114500/2579741 tos=0 (3659s)
  [passA] 115000/2579741 tos=0 (3677s)
  [passA] 115500/2579741 tos=0 (3680s)
  [passA] 116000/2579741 tos=0 (3700s)
  [passA] 116500/2579741 tos=0 (3711s)
  [passA] 117000/2579741 tos=0 (3718s)
  [passA] 117500/2579741 tos=0 (3724s)
  [passA] 118000/2579741 tos=0 (3730s)
  [passA] 118500/2579741 tos=0 (3737s)
  [passA] 119000/2579741 tos=0 (3746s)
  [passA] 119500/2579741 tos=0 (3747s)
  [passA] 120000/2579741 tos=0 (3751s)
  [passA] 120500/2579741 tos=0 (3762s)
  [passA] 121000/2579741 tos=0 (3770s)
  [passA] 121500/2579741 tos=0 (3780s)
  [passA] 122000/2579741 tos=0 (3787s)
  [passA] 122500/2579741 tos=0 (3794s)
  [passA] 123000/2579741 tos=0 (3811s)
  [passA] 123500/2579741 tos=0 (3816s)
  [passA] 124000/2579741 tos=0 (3817s)
  [passA] 124500/2579741 tos=0 (3819s)
  [passA] 125000/2579741 tos=0 (3837s)
  [passA] 125500/2579741 tos=0 (3841s)
  [passA] 126000/2579741 tos=0 (3845s)
  [passA] 126500/2579741 tos=0 (3852s)
  [passA] 127000/2579741 tos=0 (3852s)
  [passA] 127500/2579741 tos=0 (3854s)
  [passA] 128000/2579741 tos=0 (3878s)
  [passA] 128500/2579741 tos=0 (3881s)
  [passA] 129000/2579741 tos=0 (3884s)
  [passA] 129500/2579741 tos=0 (3894s)
  [passA] 130000/2579741 tos=0 (3907s)
  [passA] 130500/2579741 tos=0 (3918s)
  [passA] 131000/2579741 tos=0 (3920s)
  [passA] 131500/2579741 tos=0 (3923s)
  [passA] 132000/2579741 tos=0 (3933s)
  [passA] 132500/2579741 tos=0 (3940s)
  [passA] 133000/2579741 tos=0 (3950s)
  [passA] 133500/2579741 tos=0 (3951s)
  [passA] 134000/2579741 tos=0 (3955s)
  [passA] 134500/2579741 tos=0 (3966s)
  [passA] 135000/2579741 tos=0 (3968s)
  [passA] 135500/2579741 tos=0 (3989s)
  [passA] 136000/2579741 tos=0 (3997s)
  [passA] 136500/2579741 tos=0 (4007s)
  [passA] 137000/2579741 tos=0 (4009s)
  [passA] 137500/2579741 tos=0 (4010s)
  [passA] 138000/2579741 tos=0 (4010s)
  [passA] 138500/2579741 tos=0 (4012s)
  [passA] 139000/2579741 tos=0 (4013s)
  [passA] 139500/2579741 tos=0 (4023s)
  [passA] 140000/2579741 tos=0 (4032s)
  [passA] 140500/2579741 tos=0 (4041s)
  [passA] 141000/2579741 tos=0 (4044s)
  [passA] 141500/2579741 tos=0 (4053s)
  [passA] 142000/2579741 tos=0 (4059s)
  [passA] 142500/2579741 tos=0 (4075s)
  [passA] 143000/2579741 tos=0 (4080s)
  [passA] 143500/2579741 tos=0 (4084s)
  [passA] 144000/2579741 tos=0 (4087s)
  [passA] 144500/2579741 tos=0 (4098s)
  [passA] 145000/2579741 tos=0 (4099s)
  [passA] 145500/2579741 tos=0 (4100s)
  [passA] 146000/2579741 tos=0 (4100s)
  [passA] 146500/2579741 tos=0 (4115s)
  [passA] 147000/2579741 tos=0 (4119s)
  [passA] 147500/2579741 tos=0 (4133s)
  [passA] 148000/2579741 tos=0 (4136s)
  [passA] 148500/2579741 tos=0 (4144s)
  [passA] 149000/2579741 tos=0 (4148s)
  [passA] 149500/2579741 tos=0 (4151s)
  [passA] 150000/2579741 tos=0 (4155s)
  [passA] 150500/2579741 tos=0 (4176s)
  [passA] 151000/2579741 tos=0 (4176s)
  [passA] 151500/2579741 tos=0 (4178s)
  [passA] 152000/2579741 tos=0 (4181s)
  [passA] 152500/2579741 tos=0 (4187s)
  [passA] 153000/2579741 tos=0 (4197s)
  [passA] 153500/2579741 tos=0 (4204s)
  [passA] 154000/2579741 tos=0 (4214s)
  [passA] 154500/2579741 tos=0 (4214s)
  [passA] 155000/2579741 tos=0 (4220s)
  [passA] 155500/2579741 tos=0 (4221s)
  [passA] 156000/2579741 tos=0 (4225s)
  [passA] 156500/2579741 tos=0 (4240s)
  [passA] 157000/2579741 tos=0 (4242s)
  [passA] 157500/2579741 tos=0 (4247s)
  [passA] 158000/2579741 tos=0 (4247s)
  [passA] 158500/2579741 tos=0 (4248s)
  [passA] 159000/2579741 tos=0 (4253s)
  [passA] 159500/2579741 tos=0 (4254s)
  [passA] 160000/2579741 tos=0 (4261s)
  [passA] 160500/2579741 tos=0 (4275s)
  [passA] 161000/2579741 tos=0 (4281s)
  [passA] 161500/2579741 tos=0 (4284s)
  [passA] 162000/2579741 tos=0 (4291s)
  [passA] 162500/2579741 tos=0 (4296s)
  [passA] 163000/2579741 tos=0 (4300s)
  [passA] 163500/2579741 tos=0 (4311s)
  [passA] 164000/2579741 tos=0 (4316s)
  [passA] 164500/2579741 tos=0 (4320s)
  [passA] 165000/2579741 tos=0 (4321s)
  [passA] 165500/2579741 tos=0 (4322s)
  [passA] 166000/2579741 tos=0 (4325s)
  [passA] 166500/2579741 tos=0 (4342s)
  [passA] 167000/2579741 tos=0 (4344s)
  [passA] 167500/2579741 tos=0 (4353s)
  [passA] 168000/2579741 tos=0 (4357s)
  [passA] 168500/2579741 tos=0 (4368s)
  [passA] 169000/2579741 tos=0 (4368s)
  [passA] 169500/2579741 tos=0 (4369s)
  [passA] 170000/2579741 tos=0 (4371s)
  [passA] 170500/2579741 tos=0 (4378s)
  [passA] 171000/2579741 tos=0 (4382s)
  [passA] 171500/2579741 tos=0 (4389s)
  [passA] 172000/2579741 tos=0 (4395s)
  [passA] 172500/2579741 tos=0 (4401s)
  [passA] 173000/2579741 tos=0 (4403s)
  [passA] 173500/2579741 tos=0 (4416s)
  [passA] 174000/2579741 tos=0 (4417s)
  [passA] 174500/2579741 tos=0 (4429s)
  [passA] 175000/2579741 tos=0 (4431s)
  [passA] 175500/2579741 tos=0 (4433s)
  [passA] 176000/2579741 tos=0 (4436s)
  [passA] 176500/2579741 tos=0 (4442s)
  [passA] 177000/2579741 tos=0 (4446s)
  [passA] 177500/2579741 tos=0 (4447s)
  [passA] 178000/2579741 tos=0 (4456s)
  [passA] 178500/2579741 tos=0 (4457s)
  [passA] 179000/2579741 tos=0 (4457s)
  [passA] 179500/2579741 tos=0 (4459s)
  [passA] 180000/2579741 tos=0 (4465s)
  [passA] 180500/2579741 tos=0 (4473s)
  [passA] 181000/2579741 tos=0 (4477s)
  [passA] 181500/2579741 tos=0 (4479s)
  [passA] 182000/2579741 tos=0 (4486s)
  [passA] 182500/2579741 tos=0 (4490s)
  [passA] 183000/2579741 tos=0 (4498s)
  [passA] 183500/2579741 tos=0 (4499s)
  [passA] 184000/2579741 tos=0 (4500s)
  [passA] 184500/2579741 tos=0 (4500s)
  [passA] 185000/2579741 tos=0 (4513s)
  [passA] 185500/2579741 tos=0 (4517s)
  [passA] 186000/2579741 tos=0 (4518s)
  [passA] 186500/2579741 tos=0 (4530s)
  [passA] 187000/2579741 tos=0 (4531s)
  [passA] 187500/2579741 tos=0 (4532s)
  [passA] 188000/2579741 tos=0 (4542s)
  [passA] 188500/2579741 tos=0 (4546s)
  [passA] 189000/2579741 tos=0 (4551s)
  [passA] 189500/2579741 tos=0 (4555s)
  [passA] 190000/2579741 tos=0 (4557s)
  [passA] 190500/2579741 tos=0 (4563s)
  [passA] 191000/2579741 tos=0 (4567s)
  [passA] 191500/2579741 tos=0 (4570s)
  [passA] 192000/2579741 tos=0 (4575s)
  [passA] 192500/2579741 tos=0 (4575s)
  [passA] 193000/2579741 tos=0 (4581s)
  [passA] 193500/2579741 tos=0 (4586s)
  [passA] 194000/2579741 tos=0 (4593s)
  [passA] 194500/2579741 tos=0 (4599s)
  [passA] 195000/2579741 tos=0 (4601s)
  [passA] 195500/2579741 tos=0 (4604s)
  [passA] 196000/2579741 tos=0 (4610s)
  [passA] 196500/2579741 tos=0 (4615s)
  [passA] 197000/2579741 tos=0 (4624s)
  [passA] 197500/2579741 tos=0 (4626s)
  [passA] 198000/2579741 tos=0 (4629s)
  [passA] 198500/2579741 tos=0 (4631s)
  [passA] 199000/2579741 tos=0 (4632s)
  [passA] 199500/2579741 tos=0 (4632s)
  [passA] 200000/2579741 tos=0 (4637s)
  [passA] 200500/2579741 tos=0 (4638s)
  [passA] 201000/2579741 tos=0 (4644s)
  [passA] 201500/2579741 tos=0 (4657s)
  [passA] 202000/2579741 tos=0 (4657s)
  [passA] 202500/2579741 tos=0 (4658s)
  [passA] 203000/2579741 tos=0 (4668s)
  [passA] 203500/2579741 tos=0 (4673s)
  [passA] 204000/2579741 tos=0 (4674s)
  [passA] 204500/2579741 tos=0 (4674s)
  [passA] 205000/2579741 tos=0 (4679s)
  [passA] 205500/2579741 tos=0 (4680s)
  [passA] 206000/2579741 tos=0 (4685s)
  [passA] 206500/2579741 tos=0 (4691s)
  [passA] 207000/2579741 tos=0 (4692s)
  [passA] 207500/2579741 tos=0 (4702s)
  [passA] 208000/2579741 tos=0 (4705s)
  [passA] 208500/2579741 tos=0 (4706s)
  [passA] 209000/2579741 tos=0 (4713s)
  [passA] 209500/2579741 tos=0 (4717s)
  [passA] 210000/2579741 tos=0 (4718s)
  [passA] 210500/2579741 tos=0 (4724s)
  [passA] 211000/2579741 tos=0 (4727s)
  [passA] 211500/2579741 tos=0 (4727s)
  [passA] 212000/2579741 tos=0 (4728s)
  [passA] 212500/2579741 tos=0 (4733s)
  [passA] 213000/2579741 tos=0 (4740s)
  [passA] 213500/2579741 tos=0 (4749s)
  [passA] 214000/2579741 tos=0 (4750s)
  [passA] 214500/2579741 tos=0 (4756s)
  [passA] 215000/2579741 tos=0 (4757s)
  [passA] 215500/2579741 tos=0 (4761s)
  [passA] 216000/2579741 tos=0 (4764s)
  [passA] 216500/2579741 tos=0 (4773s)
  [passA] 217000/2579741 tos=0 (4774s)
  [passA] 217500/2579741 tos=0 (4777s)
  [passA] 218000/2579741 tos=0 (4778s)
  [passA] 218500/2579741 tos=0 (4781s)
  [passA] 219000/2579741 tos=0 (4782s)
  [passA] 219500/2579741 tos=0 (4787s)
  [passA] 220000/2579741 tos=0 (4789s)
  [passA] 220500/2579741 tos=0 (4792s)
  [passA] 221000/2579741 tos=0 (4804s)
  [passA] 221500/2579741 tos=0 (4805s)
  [passA] 222000/2579741 tos=0 (4808s)
  [passA] 222500/2579741 tos=0 (4809s)
  [passA] 223000/2579741 tos=0 (4815s)
  [passA] 223500/2579741 tos=0 (4819s)
  [passA] 224000/2579741 tos=0 (4821s)
  [passA] 224500/2579741 tos=0 (4821s)
  [passA] 225000/2579741 tos=0 (4823s)
  [passA] 225500/2579741 tos=0 (4825s)
  [passA] 226000/2579741 tos=0 (4826s)
  [passA] 226500/2579741 tos=0 (4833s)
  [passA] 227000/2579741 tos=0 (4841s)
  [passA] 227500/2579741 tos=0 (4845s)
  [passA] 228000/2579741 tos=0 (4850s)
  [passA] 228500/2579741 tos=0 (4851s)
  [passA] 229000/2579741 tos=0 (4855s)
  [passA] 229500/2579741 tos=0 (4857s)
  [passA] 230000/2579741 tos=0 (4860s)
  [passA] 230500/2579741 tos=0 (4865s)
  [passA] 231000/2579741 tos=0 (4868s)
  [passA] 231500/2579741 tos=0 (4871s)
  [passA] 232000/2579741 tos=0 (4871s)
  [passA] 232500/2579741 tos=0 (4872s)
  [passA] 233000/2579741 tos=0 (4877s)
  [passA] 233500/2579741 tos=0 (4882s)
  [passA] 234000/2579741 tos=0 (4885s)
  [passA] 234500/2579741 tos=0 (4889s)
  [passA] 235000/2579741 tos=0 (4890s)
  [passA] 235500/2579741 tos=0 (4893s)
  [passA] 236000/2579741 tos=0 (4897s)
  [passA] 236500/2579741 tos=0 (4904s)
  [passA] 237000/2579741 tos=0 (4905s)
  [passA] 237500/2579741 tos=0 (4910s)
  [passA] 238000/2579741 tos=0 (4911s)
  [passA] 238500/2579741 tos=0 (4913s)
  [passA] 239000/2579741 tos=0 (4917s)
  [passA] 239500/2579741 tos=0 (4922s)
  [passA] 240000/2579741 tos=0 (4924s)
  [passA] 240500/2579741 tos=0 (4925s)
  [passA] 241000/2579741 tos=0 (4925s)
  [passA] 241500/2579741 tos=0 (4929s)
  [passA] 242000/2579741 tos=0 (4939s)
  [passA] 242500/2579741 tos=0 (4940s)
  [passA] 243000/2579741 tos=0 (4949s)
  [passA] 243500/2579741 tos=0 (4951s)
  [passA] 244000/2579741 tos=0 (4952s)
  [passA] 244500/2579741 tos=0 (4952s)
  [passA] 245000/2579741 tos=0 (4954s)
  [passA] 245500/2579741 tos=0 (4954s)
  [passA] 246000/2579741 tos=0 (4957s)
  [passA] 246500/2579741 tos=0 (4962s)
  [passA] 247000/2579741 tos=0 (4965s)
  [passA] 247500/2579741 tos=0 (4966s)
  [passA] 248000/2579741 tos=0 (4971s)
  [passA] 248500/2579741 tos=0 (4977s)
  [passA] 249000/2579741 tos=0 (4979s)
  [passA] 249500/2579741 tos=0 (4979s)
  [passA] 250000/2579741 tos=0 (4986s)
  [passA] 250500/2579741 tos=0 (4987s)
  [passA] 251000/2579741 tos=0 (4987s)
  [passA] 251500/2579741 tos=0 (4987s)
  [passA] 252000/2579741 tos=0 (4988s)
  [passA] 252500/2579741 tos=0 (4995s)
  [passA] 253000/2579741 tos=0 (4996s)
  [passA] 253500/2579741 tos=0 (4999s)
  [passA] 254000/2579741 tos=0 (5008s)
  [passA] 254500/2579741 tos=0 (5018s)
  [passA] 255000/2579741 tos=0 (5018s)
  [passA] 255500/2579741 tos=0 (5019s)
  [passA] 256000/2579741 tos=0 (5020s)
  [passA] 256500/2579741 tos=0 (5021s)
  [passA] 257000/2579741 tos=0 (5021s)
  [passA] 257500/2579741 tos=0 (5023s)
  [passA] 258000/2579741 tos=0 (5024s)
  [passA] 258500/2579741 tos=0 (5029s)
  [passA] 259000/2579741 tos=0 (5032s)
  [passA] 259500/2579741 tos=0 (5035s)
  [passA] 260000/2579741 tos=0 (5036s)
  [passA] 260500/2579741 tos=0 (5047s)
  [passA] 261000/2579741 tos=0 (5048s)
  [passA] 261500/2579741 tos=0 (5049s)
  [passA] 262000/2579741 tos=0 (5053s)
  [passA] 262500/2579741 tos=0 (5057s)
  [passA] 263000/2579741 tos=0 (5058s)
  [passA] 263500/2579741 tos=0 (5058s)
  [passA] 264000/2579741 tos=0 (5059s)
  [passA] 264500/2579741 tos=0 (5062s)
  [passA] 265000/2579741 tos=0 (5067s)
  [passA] 265500/2579741 tos=0 (5068s)
  [passA] 266000/2579741 tos=0 (5069s)
  [passA] 266500/2579741 tos=0 (5078s)
  [passA] 267000/2579741 tos=0 (5083s)
  [passA] 267500/2579741 tos=0 (5085s)
  [passA] 268000/2579741 tos=0 (5086s)
  [passA] 268500/2579741 tos=0 (5091s)
  [passA] 269000/2579741 tos=0 (5092s)
  [passA] 269500/2579741 tos=0 (5093s)
  [passA] 270000/2579741 tos=0 (5094s)
  [passA] 270500/2579741 tos=0 (5095s)
  [passA] 271000/2579741 tos=0 (5097s)
  [passA] 271500/2579741 tos=0 (5099s)
  [passA] 272000/2579741 tos=0 (5102s)
  [passA] 272500/2579741 tos=0 (5107s)
  [passA] 273000/2579741 tos=0 (5120s)
  [passA] 273500/2579741 tos=0 (5122s)
  [passA] 274000/2579741 tos=0 (5122s)
  [passA] 274500/2579741 tos=0 (5127s)
  [passA] 275000/2579741 tos=0 (5128s)
  [passA] 275500/2579741 tos=0 (5129s)
  [passA] 276000/2579741 tos=0 (5129s)
  [passA] 276500/2579741 tos=0 (5132s)
  [passA] 277000/2579741 tos=0 (5133s)
  [passA] 277500/2579741 tos=0 (5134s)
  [passA] 278000/2579741 tos=0 (5135s)
  [passA] 278500/2579741 tos=0 (5142s)
  [passA] 279000/2579741 tos=0 (5150s)
  [passA] 279500/2579741 tos=0 (5155s)
  [passA] 280000/2579741 tos=0 (5158s)
  [passA] 280500/2579741 tos=0 (5160s)
  [passA] 281000/2579741 tos=0 (5160s)
  [passA] 281500/2579741 tos=0 (5162s)
  [passA] 282000/2579741 tos=0 (5165s)
  [passA] 282500/2579741 tos=0 (5166s)
  [passA] 283000/2579741 tos=0 (5167s)
  [passA] 283500/2579741 tos=0 (5168s)
  [passA] 284000/2579741 tos=0 (5170s)
  [passA] 284500/2579741 tos=0 (5180s)
  [passA] 285000/2579741 tos=0 (5184s)
  [passA] 285500/2579741 tos=0 (5184s)
  [passA] 286000/2579741 tos=0 (5190s)
  [passA] 286500/2579741 tos=0 (5191s)
  [passA] 287000/2579741 tos=0 (5192s)
  [passA] 287500/2579741 tos=0 (5193s)
  [passA] 288000/2579741 tos=0 (5194s)
  [passA] 288500/2579741 tos=0 (5196s)
  [passA] 289000/2579741 tos=0 (5197s)
  [passA] 289500/2579741 tos=0 (5198s)
  [passA] 290000/2579741 tos=0 (5200s)
  [passA] 290500/2579741 tos=0 (5212s)
  [passA] 291000/2579741 tos=0 (5217s)
  [passA] 291500/2579741 tos=0 (5219s)
  [passA] 292000/2579741 tos=0 (5224s)
  [passA] 292500/2579741 tos=0 (5224s)
  [passA] 293000/2579741 tos=0 (5225s)
  [passA] 293500/2579741 tos=0 (5226s)
  [passA] 294000/2579741 tos=0 (5227s)
  [passA] 294500/2579741 tos=0 (5227s)
  [passA] 295000/2579741 tos=0 (5229s)
  [passA] 295500/2579741 tos=0 (5232s)
  [passA] 296000/2579741 tos=0 (5236s)
  [passA] 296500/2579741 tos=0 (5240s)
  [passA] 297000/2579741 tos=0 (5245s)
  [passA] 297500/2579741 tos=0 (5248s)
  [passA] 298000/2579741 tos=0 (5254s)
  [passA] 298500/2579741 tos=0 (5255s)
  [passA] 299000/2579741 tos=0 (5255s)
  [passA] 299500/2579741 tos=0 (5256s)
  [passA] 300000/2579741 tos=0 (5257s)
  [passA] 300500/2579741 tos=0 (5262s)
  [passA] 301000/2579741 tos=0 (5265s)
  [passA] 301500/2579741 tos=0 (5265s)
  [passA] 302000/2579741 tos=0 (5268s)
  [passA] 302500/2579741 tos=0 (5270s)
  [passA] 303000/2579741 tos=0 (5271s)
  [passA] 303500/2579741 tos=0 (5275s)
  [passA] 304000/2579741 tos=0 (5283s)
  [passA] 304500/2579741 tos=0 (5285s)
  [passA] 305000/2579741 tos=0 (5285s)
  [passA] 305500/2579741 tos=0 (5287s)
  [passA] 306000/2579741 tos=0 (5288s)
  [passA] 306500/2579741 tos=0 (5288s)
  [passA] 307000/2579741 tos=0 (5291s)
  [passA] 307500/2579741 tos=0 (5294s)
  [passA] 308000/2579741 tos=0 (5295s)
  [passA] 308500/2579741 tos=0 (5298s)
  [passA] 309000/2579741 tos=0 (5299s)
  [passA] 309500/2579741 tos=0 (5300s)
  [passA] 310000/2579741 tos=0 (5304s)
  [passA] 310500/2579741 tos=0 (5309s)
  [passA] 311000/2579741 tos=0 (5312s)
  [passA] 311500/2579741 tos=0 (5313s)
  [passA] 312000/2579741 tos=0 (5315s)
  [passA] 312500/2579741 tos=0 (5317s)
  [passA] 313000/2579741 tos=0 (5318s)
  [passA] 313500/2579741 tos=0 (5320s)
  [passA] 314000/2579741 tos=0 (5321s)
  [passA] 314500/2579741 tos=0 (5322s)
  [passA] 315000/2579741 tos=0 (5324s)
  [passA] 315500/2579741 tos=0 (5329s)
  [passA] 316000/2579741 tos=0 (5333s)
  [passA] 316500/2579741 tos=0 (5337s)
  [passA] 317000/2579741 tos=0 (5338s)
  [passA] 317500/2579741 tos=0 (5339s)
  [passA] 318000/2579741 tos=0 (5341s)
  [passA] 318500/2579741 tos=0 (5341s)
  [passA] 319000/2579741 tos=0 (5350s)
  [passA] 319500/2579741 tos=0 (5350s)
  [passA] 320000/2579741 tos=0 (5351s)
  [passA] 320500/2579741 tos=0 (5351s)
  [passA] 321000/2579741 tos=0 (5354s)
  [passA] 321500/2579741 tos=0 (5355s)
  [passA] 322000/2579741 tos=0 (5358s)
  [passA] 322500/2579741 tos=0 (5361s)
  [passA] 323000/2579741 tos=0 (5363s)
  [passA] 323500/2579741 tos=0 (5365s)
  [passA] 324000/2579741 tos=0 (5367s)
  [passA] 324500/2579741 tos=0 (5368s)
  [passA] 325000/2579741 tos=0 (5374s)
  [passA] 325500/2579741 tos=0 (5378s)
  [passA] 326000/2579741 tos=0 (5378s)
  [passA] 326500/2579741 tos=0 (5379s)
  [passA] 327000/2579741 tos=0 (5382s)
  [passA] 327500/2579741 tos=0 (5383s)
  [passA] 328000/2579741 tos=0 (5388s)
  [passA] 328500/2579741 tos=0 (5389s)
  [passA] 329000/2579741 tos=0 (5391s)
  [passA] 329500/2579741 tos=0 (5394s)
  [passA] 330000/2579741 tos=0 (5394s)
  [passA] 330500/2579741 tos=0 (5395s)
  [passA] 331000/2579741 tos=0 (5399s)
  [passA] 331500/2579741 tos=0 (5401s)
  [passA] 332000/2579741 tos=0 (5403s)
  [passA] 332500/2579741 tos=0 (5406s)
  [passA] 333000/2579741 tos=0 (5406s)
  [passA] 333500/2579741 tos=0 (5408s)
  [passA] 334000/2579741 tos=0 (5411s)
  [passA] 334500/2579741 tos=0 (5414s)
  [passA] 335000/2579741 tos=0 (5418s)
  [passA] 335500/2579741 tos=0 (5418s)
  [passA] 336000/2579741 tos=0 (5421s)
  [passA] 336500/2579741 tos=0 (5422s)
  [passA] 337000/2579741 tos=0 (5423s)
  [passA] 337500/2579741 tos=0 (5425s)
  [passA] 338000/2579741 tos=0 (5427s)
  [passA] 338500/2579741 tos=0 (5430s)
  [passA] 339000/2579741 tos=0 (5435s)
  [passA] 339500/2579741 tos=0 (5435s)
  [passA] 340000/2579741 tos=0 (5440s)
  [passA] 340500/2579741 tos=0 (5440s)
  [passA] 341000/2579741 tos=0 (5441s)
  [passA] 341500/2579741 tos=0 (5442s)
  [passA] 342000/2579741 tos=0 (5444s)
  [passA] 342500/2579741 tos=0 (5447s)
  [passA] 343000/2579741 tos=0 (5449s)
  [passA] 343500/2579741 tos=0 (5450s)
  [passA] 344000/2579741 tos=0 (5454s)
  [passA] 344500/2579741 tos=0 (5457s)
  [passA] 345000/2579741 tos=0 (5458s)
  [passA] 345500/2579741 tos=0 (5459s)
  [passA] 346000/2579741 tos=0 (5462s)
  [passA] 346500/2579741 tos=0 (5463s)
  [passA] 347000/2579741 tos=0 (5464s)
  [passA] 347500/2579741 tos=0 (5465s)
  [passA] 348000/2579741 tos=0 (5465s)
  [passA] 348500/2579741 tos=0 (5469s)
  [passA] 349000/2579741 tos=0 (5471s)
  [passA] 349500/2579741 tos=0 (5472s)
  [passA] 350000/2579741 tos=0 (5477s)
  [passA] 350500/2579741 tos=0 (5479s)
  [passA] 351000/2579741 tos=0 (5481s)
  [passA] 351500/2579741 tos=0 (5482s)
  [passA] 352000/2579741 tos=0 (5484s)
  [passA] 352500/2579741 tos=0 (5486s)
  [passA] 353000/2579741 tos=0 (5486s)
  [passA] 353500/2579741 tos=0 (5489s)
  [passA] 354000/2579741 tos=0 (5492s)
  [passA] 354500/2579741 tos=0 (5495s)
  [passA] 355000/2579741 tos=0 (5495s)
  [passA] 355500/2579741 tos=0 (5499s)
  [passA] 356000/2579741 tos=0 (5502s)
  [passA] 356500/2579741 tos=0 (5503s)
  [passA] 357000/2579741 tos=0 (5504s)
  [passA] 357500/2579741 tos=0 (5505s)
  [passA] 358000/2579741 tos=0 (5507s)
  [passA] 358500/2579741 tos=0 (5510s)
  [passA] 359000/2579741 tos=0 (5511s)
  [passA] 359500/2579741 tos=0 (5511s)
  [passA] 360000/2579741 tos=0 (5515s)
  [passA] 360500/2579741 tos=0 (5520s)
  [passA] 361000/2579741 tos=0 (5520s)
  [passA] 361500/2579741 tos=0 (5521s)
  [passA] 362000/2579741 tos=0 (5524s)
  [passA] 362500/2579741 tos=0 (5525s)
  [passA] 363000/2579741 tos=0 (5525s)
  [passA] 363500/2579741 tos=0 (5525s)
  [passA] 364000/2579741 tos=0 (5525s)
  [passA] 364500/2579741 tos=0 (5529s)
  [passA] 365000/2579741 tos=0 (5534s)
  [passA] 365500/2579741 tos=0 (5538s)
  [passA] 366000/2579741 tos=0 (5538s)
  [passA] 366500/2579741 tos=0 (5538s)
  [passA] 367000/2579741 tos=0 (5540s)
  [passA] 367500/2579741 tos=0 (5542s)
  [passA] 368000/2579741 tos=0 (5544s)
  [passA] 368500/2579741 tos=0 (5545s)
  [passA] 369000/2579741 tos=0 (5547s)
  [passA] 369500/2579741 tos=0 (5551s)
  [passA] 370000/2579741 tos=0 (5552s)
  [passA] 370500/2579741 tos=0 (5553s)
  [passA] 371000/2579741 tos=0 (5555s)
  [passA] 371500/2579741 tos=0 (5560s)
  [passA] 372000/2579741 tos=0 (5560s)
  [passA] 372500/2579741 tos=0 (5561s)
  [passA] 373000/2579741 tos=0 (5562s)
  [passA] 373500/2579741 tos=0 (5563s)
  [passA] 374000/2579741 tos=0 (5566s)
  [passA] 374500/2579741 tos=0 (5567s)
  [passA] 375000/2579741 tos=0 (5568s)
  [passA] 375500/2579741 tos=0 (5571s)
  [passA] 376000/2579741 tos=0 (5574s)
  [passA] 376500/2579741 tos=0 (5575s)
  [passA] 377000/2579741 tos=0 (5577s)
  [passA] 377500/2579741 tos=0 (5577s)
  [passA] 378000/2579741 tos=0 (5581s)
  [passA] 378500/2579741 tos=0 (5582s)
  [passA] 379000/2579741 tos=0 (5584s)
  [passA] 379500/2579741 tos=0 (5585s)
  [passA] 380000/2579741 tos=0 (5585s)
  [passA] 380500/2579741 tos=0 (5587s)
  [passA] 381000/2579741 tos=0 (5588s)
  [passA] 381500/2579741 tos=0 (5591s)
  [passA] 382000/2579741 tos=0 (5593s)
  [passA] 382500/2579741 tos=0 (5594s)
  [passA] 383000/2579741 tos=0 (5595s)
  [passA] 383500/2579741 tos=0 (5599s)
  [passA] 384000/2579741 tos=0 (5600s)
  [passA] 384500/2579741 tos=0 (5602s)
  [passA] 385000/2579741 tos=0 (5603s)
  [passA] 385500/2579741 tos=0 (5606s)
  [passA] 386000/2579741 tos=0 (5608s)
  [passA] 386500/2579741 tos=0 (5609s)
  [passA] 387000/2579741 tos=0 (5609s)
  [passA] 387500/2579741 tos=0 (5609s)
  [passA] 388000/2579741 tos=0 (5612s)
  [passA] 388500/2579741 tos=0 (5613s)
  [passA] 389000/2579741 tos=0 (5616s)
  [passA] 389500/2579741 tos=0 (5619s)
  [passA] 390000/2579741 tos=0 (5622s)
  [passA] 390500/2579741 tos=0 (5623s)
  [passA] 391000/2579741 tos=0 (5623s)
  [passA] 391500/2579741 tos=0 (5623s)
  [passA] 392000/2579741 tos=0 (5625s)
  [passA] 392500/2579741 tos=0 (5625s)
  [passA] 393000/2579741 tos=0 (5629s)
  [passA] 393500/2579741 tos=0 (5633s)
  [passA] 394000/2579741 tos=0 (5634s)
  [passA] 394500/2579741 tos=0 (5634s)
  [passA] 395000/2579741 tos=0 (5634s)
  [passA] 395500/2579741 tos=0 (5635s)
  [passA] 396000/2579741 tos=0 (5638s)
  [passA] 396500/2579741 tos=0 (5639s)
  [passA] 397000/2579741 tos=0 (5642s)
  [passA] 397500/2579741 tos=0 (5644s)
  [passA] 398000/2579741 tos=0 (5646s)
  [passA] 398500/2579741 tos=0 (5647s)
  [passA] 399000/2579741 tos=0 (5648s)
  [passA] 399500/2579741 tos=0 (5654s)
  [passA] 400000/2579741 tos=0 (5656s)
  [passA] 400500/2579741 tos=0 (5657s)
  [passA] 401000/2579741 tos=0 (5658s)
  [passA] 401500/2579741 tos=0 (5659s)
  [passA] 402000/2579741 tos=0 (5660s)
  [passA] 402500/2579741 tos=0 (5661s)
  [passA] 403000/2579741 tos=0 (5662s)
  [passA] 403500/2579741 tos=0 (5664s)
  [passA] 404000/2579741 tos=0 (5666s)
  [passA] 404500/2579741 tos=0 (5667s)
  [passA] 405000/2579741 tos=0 (5668s)
  [passA] 405500/2579741 tos=0 (5674s)
  [passA] 406000/2579741 tos=0 (5676s)
  [passA] 406500/2579741 tos=0 (5679s)
  [passA] 407000/2579741 tos=0 (5680s)
  [passA] 407500/2579741 tos=0 (5681s)
  [passA] 408000/2579741 tos=0 (5682s)
  [passA] 408500/2579741 tos=0 (5682s)
  [passA] 409000/2579741 tos=0 (5684s)
  [passA] 409500/2579741 tos=0 (5684s)
  [passA] 410000/2579741 tos=0 (5687s)
  [passA] 410500/2579741 tos=0 (5688s)
  [passA] 411000/2579741 tos=0 (5690s)
  [passA] 411500/2579741 tos=0 (5693s)
  [passA] 412000/2579741 tos=0 (5694s)
  [passA] 412500/2579741 tos=0 (5695s)
  [passA] 413000/2579741 tos=0 (5696s)
  [passA] 413500/2579741 tos=0 (5698s)
  [passA] 414000/2579741 tos=0 (5698s)
  [passA] 414500/2579741 tos=0 (5699s)
  [passA] 415000/2579741 tos=0 (5701s)
  [passA] 415500/2579741 tos=0 (5701s)
  [passA] 416000/2579741 tos=0 (5705s)
  [passA] 416500/2579741 tos=0 (5706s)
  [passA] 417000/2579741 tos=0 (5708s)
  [passA] 417500/2579741 tos=0 (5709s)
  [passA] 418000/2579741 tos=0 (5709s)
  [passA] 418500/2579741 tos=0 (5715s)
  [passA] 419000/2579741 tos=0 (5715s)
  [passA] 419500/2579741 tos=0 (5715s)
  [passA] 420000/2579741 tos=0 (5715s)
  [passA] 420500/2579741 tos=0 (5715s)
  [passA] 421000/2579741 tos=0 (5716s)
  [passA] 421500/2579741 tos=0 (5718s)
  [passA] 422000/2579741 tos=0 (5724s)
  [passA] 422500/2579741 tos=0 (5724s)
  [passA] 423000/2579741 tos=0 (5726s)
  [passA] 423500/2579741 tos=0 (5726s)
  [passA] 424000/2579741 tos=0 (5727s)
  [passA] 424500/2579741 tos=0 (5729s)
  [passA] 425000/2579741 tos=0 (5730s)
  [passA] 425500/2579741 tos=0 (5733s)
  [passA] 426000/2579741 tos=0 (5735s)
  [passA] 426500/2579741 tos=0 (5735s)
  [passA] 427000/2579741 tos=0 (5737s)
  [passA] 427500/2579741 tos=0 (5738s)
  [passA] 428000/2579741 tos=0 (5738s)
  [passA] 428500/2579741 tos=0 (5741s)
  [passA] 429000/2579741 tos=0 (5744s)
  [passA] 429500/2579741 tos=0 (5745s)
  [passA] 430000/2579741 tos=0 (5746s)
  [passA] 430500/2579741 tos=0 (5747s)
  [passA] 431000/2579741 tos=0 (5749s)
  [passA] 431500/2579741 tos=0 (5749s)
  [passA] 432000/2579741 tos=0 (5751s)
  [passA] 432500/2579741 tos=0 (5754s)
  [passA] 433000/2579741 tos=0 (5754s)
  [passA] 433500/2579741 tos=0 (5754s)
  [passA] 434000/2579741 tos=0 (5756s)
  [passA] 434500/2579741 tos=0 (5758s)
  [passA] 435000/2579741 tos=0 (5759s)
  [passA] 435500/2579741 tos=0 (5759s)
  [passA] 436000/2579741 tos=0 (5761s)
  [passA] 436500/2579741 tos=0 (5763s)
  [passA] 437000/2579741 tos=0 (5767s)
  [passA] 437500/2579741 tos=0 (5768s)
  [passA] 438000/2579741 tos=0 (5768s)
  [passA] 438500/2579741 tos=0 (5771s)
  [passA] 439000/2579741 tos=0 (5771s)
  [passA] 439500/2579741 tos=0 (5772s)
  [passA] 440000/2579741 tos=0 (5774s)
  [passA] 440500/2579741 tos=0 (5775s)
  [passA] 441000/2579741 tos=0 (5776s)
  [passA] 441500/2579741 tos=0 (5777s)
  [passA] 442000/2579741 tos=0 (5777s)
  [passA] 442500/2579741 tos=0 (5778s)
  [passA] 443000/2579741 tos=0 (5782s)
  [passA] 443500/2579741 tos=0 (5786s)
  [passA] 444000/2579741 tos=0 (5786s)
  [passA] 444500/2579741 tos=0 (5786s)
  [passA] 445000/2579741 tos=0 (5788s)
  [passA] 445500/2579741 tos=0 (5790s)
  [passA] 446000/2579741 tos=0 (5791s)
  [passA] 446500/2579741 tos=0 (5793s)
  [passA] 447000/2579741 tos=0 (5796s)
  [passA] 447500/2579741 tos=0 (5797s)
  [passA] 448000/2579741 tos=0 (5799s)
  [passA] 448500/2579741 tos=0 (5801s)
  [passA] 449000/2579741 tos=0 (5801s)
  [passA] 449500/2579741 tos=0 (5802s)
  [passA] 450000/2579741 tos=0 (5802s)
  [passA] 450500/2579741 tos=0 (5803s)
  [passA] 451000/2579741 tos=0 (5805s)
  [passA] 451500/2579741 tos=0 (5807s)
  [passA] 452000/2579741 tos=0 (5808s)
  [passA] 452500/2579741 tos=0 (5809s)
  [passA] 453000/2579741 tos=0 (5811s)
  [passA] 453500/2579741 tos=0 (5812s)
  [passA] 454000/2579741 tos=0 (5816s)
  [passA] 454500/2579741 tos=0 (5818s)
  [passA] 455000/2579741 tos=0 (5818s)
  [passA] 455500/2579741 tos=0 (5819s)
  [passA] 456000/2579741 tos=0 (5819s)
  [passA] 456500/2579741 tos=0 (5820s)
  [passA] 457000/2579741 tos=0 (5820s)
  [passA] 457500/2579741 tos=0 (5820s)
  [passA] 458000/2579741 tos=0 (5824s)
  [passA] 458500/2579741 tos=0 (5825s)
  [passA] 459000/2579741 tos=0 (5828s)
  [passA] 459500/2579741 tos=0 (5828s)
  [passA] 460000/2579741 tos=0 (5828s)
  [passA] 460500/2579741 tos=0 (5830s)
  [passA] 461000/2579741 tos=0 (5831s)
  [passA] 461500/2579741 tos=0 (5833s)
  [passA] 462000/2579741 tos=0 (5834s)
  [passA] 462500/2579741 tos=0 (5835s)
  [passA] 463000/2579741 tos=0 (5836s)
  [passA] 463500/2579741 tos=0 (5837s)
  [passA] 464000/2579741 tos=0 (5840s)
  [passA] 464500/2579741 tos=0 (5840s)
  [passA] 465000/2579741 tos=0 (5841s)
  [passA] 465500/2579741 tos=0 (5842s)
  [passA] 466000/2579741 tos=0 (5843s)
  [passA] 466500/2579741 tos=0 (5844s)
  [passA] 467000/2579741 tos=0 (5845s)
  [passA] 467500/2579741 tos=0 (5848s)
  [passA] 468000/2579741 tos=0 (5853s)
  [passA] 468500/2579741 tos=0 (5853s)
  [passA] 469000/2579741 tos=0 (5853s)
  [passA] 469500/2579741 tos=0 (5854s)
  [passA] 470000/2579741 tos=0 (5854s)
  [passA] 470500/2579741 tos=0 (5857s)
  [passA] 471000/2579741 tos=0 (5857s)
  [passA] 471500/2579741 tos=0 (5859s)
  [passA] 472000/2579741 tos=0 (5859s)
  [passA] 472500/2579741 tos=0 (5861s)
  [passA] 473000/2579741 tos=0 (5862s)
  [passA] 473500/2579741 tos=0 (5864s)
  [passA] 474000/2579741 tos=0 (5865s)
  [passA] 474500/2579741 tos=0 (5866s)
  [passA] 475000/2579741 tos=0 (5867s)
  [passA] 475500/2579741 tos=0 (5872s)
  [passA] 476000/2579741 tos=0 (5873s)
  [passA] 476500/2579741 tos=0 (5874s)
  [passA] 477000/2579741 tos=0 (5874s)
  [passA] 477500/2579741 tos=0 (5874s)
  [passA] 478000/2579741 tos=0 (5875s)
  [passA] 478500/2579741 tos=0 (5877s)
  [passA] 479000/2579741 tos=0 (5878s)
  [passA] 479500/2579741 tos=0 (5880s)
  [passA] 480000/2579741 tos=0 (5881s)
  [passA] 480500/2579741 tos=0 (5882s)
  [passA] 481000/2579741 tos=0 (5884s)
  [passA] 481500/2579741 tos=0 (5886s)
  [passA] 482000/2579741 tos=0 (5886s)
  [passA] 482500/2579741 tos=0 (5888s)
  [passA] 483000/2579741 tos=0 (5888s)
  [passA] 483500/2579741 tos=0 (5890s)
  [passA] 484000/2579741 tos=0 (5891s)
  [passA] 484500/2579741 tos=0 (5893s)
  [passA] 485000/2579741 tos=0 (5893s)
  [passA] 485500/2579741 tos=0 (5896s)
  [passA] 486000/2579741 tos=0 (5897s)
  [passA] 486500/2579741 tos=0 (5897s)
  [passA] 487000/2579741 tos=0 (5898s)
  [passA] 487500/2579741 tos=0 (5901s)
  [passA] 488000/2579741 tos=0 (5902s)
  [passA] 488500/2579741 tos=0 (5903s)
  [passA] 489000/2579741 tos=0 (5903s)
  [passA] 489500/2579741 tos=0 (5903s)
  [passA] 490000/2579741 tos=0 (5905s)
  [passA] 490500/2579741 tos=0 (5908s)
  [passA] 491000/2579741 tos=0 (5910s)
  [passA] 491500/2579741 tos=0 (5911s)
  [passA] 492000/2579741 tos=0 (5912s)
  [passA] 492500/2579741 tos=0 (5913s)
  [passA] 493000/2579741 tos=0 (5914s)
  [passA] 493500/2579741 tos=0 (5915s)
  [passA] 494000/2579741 tos=0 (5917s)
  [passA] 494500/2579741 tos=0 (5917s)
  [passA] 495000/2579741 tos=0 (5918s)
  [passA] 495500/2579741 tos=0 (5918s)
  [passA] 496000/2579741 tos=0 (5920s)
  [passA] 496500/2579741 tos=0 (5921s)
  [passA] 497000/2579741 tos=0 (5922s)
  [passA] 497500/2579741 tos=0 (5922s)
  [passA] 498000/2579741 tos=0 (5924s)
  [passA] 498500/2579741 tos=0 (5926s)
  [passA] 499000/2579741 tos=0 (5927s)
  [passA] 499500/2579741 tos=0 (5928s)
  [passA] 500000/2579741 tos=0 (5928s)
  [passA] 500500/2579741 tos=0 (5929s)
  [passA] 501000/2579741 tos=0 (5929s)
  [passA] 501500/2579741 tos=0 (5930s)
  [passA] 502000/2579741 tos=0 (5932s)
  [passA] 502500/2579741 tos=0 (5933s)
  [passA] 503000/2579741 tos=0 (5934s)
  [passA] 503500/2579741 tos=0 (5934s)
  [passA] 504000/2579741 tos=0 (5939s)
  [passA] 504500/2579741 tos=0 (5939s)
  [passA] 505000/2579741 tos=0 (5940s)
  [passA] 505500/2579741 tos=0 (5940s)
  [passA] 506000/2579741 tos=0 (5942s)
  [passA] 506500/2579741 tos=0 (5943s)
  [passA] 507000/2579741 tos=0 (5943s)
  [passA] 507500/2579741 tos=0 (5944s)
  [passA] 508000/2579741 tos=0 (5945s)
  [passA] 508500/2579741 tos=0 (5946s)
  [passA] 509000/2579741 tos=0 (5947s)
  [passA] 509500/2579741 tos=0 (5947s)
  [passA] 510000/2579741 tos=0 (5951s)
  [passA] 510500/2579741 tos=0 (5953s)
  [passA] 511000/2579741 tos=0 (5953s)
  [passA] 511500/2579741 tos=0 (5954s)
  [passA] 512000/2579741 tos=0 (5956s)
  [passA] 512500/2579741 tos=0 (5957s)
  [passA] 513000/2579741 tos=0 (5958s)
  [passA] 513500/2579741 tos=0 (5959s)
  [passA] 514000/2579741 tos=0 (5959s)
  [passA] 514500/2579741 tos=0 (5961s)
  [passA] 515000/2579741 tos=0 (5963s)
  [passA] 515500/2579741 tos=0 (5963s)
  [passA] 516000/2579741 tos=0 (5964s)
  [passA] 516500/2579741 tos=0 (5965s)
  [passA] 517000/2579741 tos=0 (5966s)
  [passA] 517500/2579741 tos=0 (5967s)
  [passA] 518000/2579741 tos=0 (5968s)
  [passA] 518500/2579741 tos=0 (5968s)
  [passA] 519000/2579741 tos=0 (5972s)
  [passA] 519500/2579741 tos=0 (5974s)
  [passA] 520000/2579741 tos=0 (5975s)
  [passA] 520500/2579741 tos=0 (5975s)
  [passA] 521000/2579741 tos=0 (5975s)
  [passA] 521500/2579741 tos=0 (5976s)
  [passA] 522000/2579741 tos=0 (5976s)
  [passA] 522500/2579741 tos=0 (5977s)
  [passA] 523000/2579741 tos=0 (5978s)
  [passA] 523500/2579741 tos=0 (5981s)
  [passA] 524000/2579741 tos=0 (5982s)
  [passA] 524500/2579741 tos=0 (5984s)
  [passA] 525000/2579741 tos=0 (5984s)
  [passA] 525500/2579741 tos=0 (5987s)
  [passA] 526000/2579741 tos=0 (5987s)
  [passA] 526500/2579741 tos=0 (5988s)
  [passA] 527000/2579741 tos=0 (5989s)
  [passA] 527500/2579741 tos=0 (5990s)
  [passA] 528000/2579741 tos=0 (5990s)
  [passA] 528500/2579741 tos=0 (5991s)
  [passA] 529000/2579741 tos=0 (5991s)
  [passA] 529500/2579741 tos=0 (5991s)
  [passA] 530000/2579741 tos=0 (5993s)
  [passA] 530500/2579741 tos=0 (5996s)
  [passA] 531000/2579741 tos=0 (5999s)
  [passA] 531500/2579741 tos=0 (5999s)
  [passA] 532000/2579741 tos=0 (6000s)
  [passA] 532500/2579741 tos=0 (6001s)
  [passA] 533000/2579741 tos=0 (6001s)
  [passA] 533500/2579741 tos=0 (6001s)
  [passA] 534000/2579741 tos=0 (6002s)
  [passA] 534500/2579741 tos=0 (6003s)
  [passA] 535000/2579741 tos=0 (6004s)
  [passA] 535500/2579741 tos=0 (6005s)
  [passA] 536000/2579741 tos=0 (6009s)
  [passA] 536500/2579741 tos=0 (6011s)
  [passA] 537000/2579741 tos=0 (6012s)
  [passA] 537500/2579741 tos=0 (6012s)
  [passA] 538000/2579741 tos=0 (6013s)
  [passA] 538500/2579741 tos=0 (6013s)
  [passA] 539000/2579741 tos=0 (6013s)
  [passA] 539500/2579741 tos=0 (6013s)
  [passA] 540000/2579741 tos=0 (6014s)
  [passA] 540500/2579741 tos=0 (6014s)
  [passA] 541000/2579741 tos=0 (6015s)
  [passA] 541500/2579741 tos=0 (6016s)
  [passA] 542000/2579741 tos=0 (6020s)
  [passA] 542500/2579741 tos=0 (6021s)
  [passA] 543000/2579741 tos=0 (6023s)
  [passA] 543500/2579741 tos=0 (6024s)
  [passA] 544000/2579741 tos=0 (6024s)
  [passA] 544500/2579741 tos=0 (6024s)
  [passA] 545000/2579741 tos=0 (6025s)
  [passA] 545500/2579741 tos=0 (6025s)
  [passA] 546000/2579741 tos=0 (6026s)
  [passA] 546500/2579741 tos=0 (6028s)
  [passA] 547000/2579741 tos=0 (6028s)
  [passA] 547500/2579741 tos=0 (6030s)
  [passA] 548000/2579741 tos=0 (6030s)
  [passA] 548500/2579741 tos=0 (6032s)
  [passA] 549000/2579741 tos=0 (6034s)
  [passA] 549500/2579741 tos=0 (6035s)
  [passA] 550000/2579741 tos=0 (6037s)
  [passA] 550500/2579741 tos=0 (6037s)
  [passA] 551000/2579741 tos=0 (6037s)
  [passA] 551500/2579741 tos=0 (6037s)
  [passA] 552000/2579741 tos=0 (6038s)
  [passA] 552500/2579741 tos=0 (6038s)
  [passA] 553000/2579741 tos=0 (6039s)
  [passA] 553500/2579741 tos=0 (6041s)
  [passA] 554000/2579741 tos=0 (6042s)
  [passA] 554500/2579741 tos=0 (6043s)
  [passA] 555000/2579741 tos=0 (6045s)
  [passA] 555500/2579741 tos=0 (6046s)
  [passA] 556000/2579741 tos=0 (6047s)
  [passA] 556500/2579741 tos=0 (6048s)
  [passA] 557000/2579741 tos=0 (6049s)
  [passA] 557500/2579741 tos=0 (6049s)
  [passA] 558000/2579741 tos=0 (6050s)
  [passA] 558500/2579741 tos=0 (6050s)
  [passA] 559000/2579741 tos=0 (6051s)
  [passA] 559500/2579741 tos=0 (6051s)
  [passA] 560000/2579741 tos=0 (6054s)
  [passA] 560500/2579741 tos=0 (6057s)
  [passA] 561000/2579741 tos=0 (6057s)
  [passA] 561500/2579741 tos=0 (6057s)
  [passA] 562000/2579741 tos=0 (6059s)
  [passA] 562500/2579741 tos=0 (6059s)
  [passA] 563000/2579741 tos=0 (6060s)
  [passA] 563500/2579741 tos=0 (6061s)
  [passA] 564000/2579741 tos=0 (6061s)
  [passA] 564500/2579741 tos=0 (6061s)
  [passA] 565000/2579741 tos=0 (6062s)
  [passA] 565500/2579741 tos=0 (6064s)
  [passA] 566000/2579741 tos=0 (6066s)
  [passA] 566500/2579741 tos=0 (6066s)
  [passA] 567000/2579741 tos=0 (6068s)
  [passA] 567500/2579741 tos=0 (6068s)
  [passA] 568000/2579741 tos=0 (6069s)
  [passA] 568500/2579741 tos=0 (6069s)
  [passA] 569000/2579741 tos=0 (6070s)
  [passA] 569500/2579741 tos=0 (6072s)
  [passA] 570000/2579741 tos=0 (6073s)
  [passA] 570500/2579741 tos=0 (6073s)
  [passA] 571000/2579741 tos=0 (6074s)
  [passA] 571500/2579741 tos=0 (6077s)
  [passA] 572000/2579741 tos=0 (6077s)
  [passA] 572500/2579741 tos=0 (6077s)
  [passA] 573000/2579741 tos=0 (6078s)
  [passA] 573500/2579741 tos=0 (6078s)
  [passA] 574000/2579741 tos=0 (6080s)
  [passA] 574500/2579741 tos=0 (6081s)
  [passA] 575000/2579741 tos=0 (6082s)
  [passA] 575500/2579741 tos=0 (6083s)
  [passA] 576000/2579741 tos=0 (6085s)
  [passA] 576500/2579741 tos=0 (6086s)
  [passA] 577000/2579741 tos=0 (6087s)
  [passA] 577500/2579741 tos=0 (6087s)
  [passA] 578000/2579741 tos=0 (6089s)
  [passA] 578500/2579741 tos=0 (6090s)
  [passA] 579000/2579741 tos=0 (6090s)
  [passA] 579500/2579741 tos=0 (6090s)
  [passA] 580000/2579741 tos=0 (6091s)
  [passA] 580500/2579741 tos=0 (6091s)
  [passA] 581000/2579741 tos=0 (6094s)
  [passA] 581500/2579741 tos=0 (6095s)
  [passA] 582000/2579741 tos=0 (6095s)
  [passA] 582500/2579741 tos=0 (6096s)
  [passA] 583000/2579741 tos=0 (6097s)
  [passA] 583500/2579741 tos=0 (6098s)
  [passA] 584000/2579741 tos=0 (6099s)
  [passA] 584500/2579741 tos=0 (6101s)
  [passA] 585000/2579741 tos=0 (6102s)
  [passA] 585500/2579741 tos=0 (6102s)
  [passA] 586000/2579741 tos=0 (6102s)
  [passA] 586500/2579741 tos=0 (6104s)
  [passA] 587000/2579741 tos=0 (6104s)
  [passA] 587500/2579741 tos=0 (6105s)
  [passA] 588000/2579741 tos=0 (6106s)
  [passA] 588500/2579741 tos=0 (6106s)
  [passA] 589000/2579741 tos=0 (6106s)
  [passA] 589500/2579741 tos=0 (6107s)
  [passA] 590000/2579741 tos=0 (6108s)
  [passA] 590500/2579741 tos=0 (6109s)
  [passA] 591000/2579741 tos=0 (6110s)
  [passA] 591500/2579741 tos=0 (6111s)
  [passA] 592000/2579741 tos=0 (6113s)
  [passA] 592500/2579741 tos=0 (6113s)
  [passA] 593000/2579741 tos=0 (6113s)
  [passA] 593500/2579741 tos=0 (6114s)
  [passA] 594000/2579741 tos=0 (6115s)
  [passA] 594500/2579741 tos=0 (6116s)
  [passA] 595000/2579741 tos=0 (6117s)
  [passA] 595500/2579741 tos=0 (6118s)
  [passA] 596000/2579741 tos=0 (6119s)
  [passA] 596500/2579741 tos=0 (6119s)
  [passA] 597000/2579741 tos=0 (6120s)
  [passA] 597500/2579741 tos=0 (6121s)
  [passA] 598000/2579741 tos=0 (6122s)
  [passA] 598500/2579741 tos=0 (6122s)
  [passA] 599000/2579741 tos=0 (6124s)
  [passA] 599500/2579741 tos=0 (6125s)
  [passA] 600000/2579741 tos=0 (6125s)
  [passA] 600500/2579741 tos=0 (6126s)
  [passA] 601000/2579741 tos=0 (6126s)
  [passA] 601500/2579741 tos=0 (6128s)
  [passA] 602000/2579741 tos=0 (6129s)
  [passA] 602500/2579741 tos=0 (6129s)
  [passA] 603000/2579741 tos=0 (6130s)
  [passA] 603500/2579741 tos=0 (6131s)
  [passA] 604000/2579741 tos=0 (6132s)
  [passA] 604500/2579741 tos=0 (6133s)
  [passA] 605000/2579741 tos=0 (6133s)
  [passA] 605500/2579741 tos=0 (6134s)
  [passA] 606000/2579741 tos=0 (6135s)
  [passA] 606500/2579741 tos=0 (6136s)
  [passA] 607000/2579741 tos=0 (6136s)
  [passA] 607500/2579741 tos=0 (6136s)
  [passA] 608000/2579741 tos=0 (6137s)
  [passA] 608500/2579741 tos=0 (6138s)
  [passA] 609000/2579741 tos=0 (6139s)
  [passA] 609500/2579741 tos=0 (6141s)
  [passA] 610000/2579741 tos=0 (6142s)
  [passA] 610500/2579741 tos=0 (6143s)
  [passA] 611000/2579741 tos=0 (6144s)
  [passA] 611500/2579741 tos=0 (6144s)
  [passA] 612000/2579741 tos=0 (6144s)
  [passA] 612500/2579741 tos=0 (6145s)
  [passA] 613000/2579741 tos=0 (6146s)
  [passA] 613500/2579741 tos=0 (6147s)
  [passA] 614000/2579741 tos=0 (6147s)
  [passA] 614500/2579741 tos=0 (6148s)
  [passA] 615000/2579741 tos=0 (6148s)
  [passA] 615500/2579741 tos=0 (6150s)
  [passA] 616000/2579741 tos=0 (6151s)
  [passA] 616500/2579741 tos=0 (6153s)
  [passA] 617000/2579741 tos=0 (6154s)
  [passA] 617500/2579741 tos=0 (6155s)
  [passA] 618000/2579741 tos=0 (6155s)
  [passA] 618500/2579741 tos=0 (6155s)
  [passA] 619000/2579741 tos=0 (6156s)
  [passA] 619500/2579741 tos=0 (6157s)
  [passA] 620000/2579741 tos=0 (6158s)
  [passA] 620500/2579741 tos=0 (6158s)
  [passA] 621000/2579741 tos=0 (6158s)
  [passA] 621500/2579741 tos=0 (6161s)
  [passA] 622000/2579741 tos=0 (6162s)
  [passA] 622500/2579741 tos=0 (6163s)
  [passA] 623000/2579741 tos=0 (6163s)
  [passA] 623500/2579741 tos=0 (6164s)
  [passA] 624000/2579741 tos=0 (6165s)
  [passA] 624500/2579741 tos=0 (6166s)
  [passA] 625000/2579741 tos=0 (6168s)
  [passA] 625500/2579741 tos=0 (6169s)
  [passA] 626000/2579741 tos=0 (6169s)
  [passA] 626500/2579741 tos=0 (6169s)
  [passA] 627000/2579741 tos=0 (6170s)
  [passA] 627500/2579741 tos=0 (6170s)
  [passA] 628000/2579741 tos=0 (6170s)
  [passA] 628500/2579741 tos=0 (6171s)
  [passA] 629000/2579741 tos=0 (6172s)
  [passA] 629500/2579741 tos=0 (6173s)
  [passA] 630000/2579741 tos=0 (6174s)
  [passA] 630500/2579741 tos=0 (6177s)
  [passA] 631000/2579741 tos=0 (6177s)
  [passA] 631500/2579741 tos=0 (6177s)
  [passA] 632000/2579741 tos=0 (6178s)
  [passA] 632500/2579741 tos=0 (6179s)
  [passA] 633000/2579741 tos=0 (6179s)
  [passA] 633500/2579741 tos=0 (6180s)
  [passA] 634000/2579741 tos=0 (6180s)
  [passA] 634500/2579741 tos=0 (6181s)
  [passA] 635000/2579741 tos=0 (6182s)
  [passA] 635500/2579741 tos=0 (6182s)
  [passA] 636000/2579741 tos=0 (6183s)
  [passA] 636500/2579741 tos=0 (6184s)
  [passA] 637000/2579741 tos=0 (6185s)
  [passA] 637500/2579741 tos=0 (6185s)
  [passA] 638000/2579741 tos=0 (6186s)
  [passA] 638500/2579741 tos=0 (6187s)
  [passA] 639000/2579741 tos=0 (6188s)
  [passA] 639500/2579741 tos=0 (6188s)
  [passA] 640000/2579741 tos=0 (6189s)
  [passA] 640500/2579741 tos=0 (6190s)
  [passA] 641000/2579741 tos=0 (6190s)
  [passA] 641500/2579741 tos=0 (6191s)
  [passA] 642000/2579741 tos=0 (6192s)
  [passA] 642500/2579741 tos=0 (6192s)
  [passA] 643000/2579741 tos=0 (6193s)
  [passA] 643500/2579741 tos=0 (6195s)
  [passA] 644000/2579741 tos=0 (6196s)
  [passA] 644500/2579741 tos=0 (6196s)
  [passA] 645000/2579741 tos=0 (6197s)
  [passA] 645500/2579741 tos=0 (6197s)
  [passA] 646000/2579741 tos=0 (6198s)
  [passA] 646500/2579741 tos=0 (6198s)
  [passA] 647000/2579741 tos=0 (6200s)
  [passA] 647500/2579741 tos=0 (6200s)
  [passA] 648000/2579741 tos=0 (6200s)
  [passA] 648500/2579741 tos=0 (6201s)
  [passA] 649000/2579741 tos=0 (6202s)
  [passA] 649500/2579741 tos=0 (6203s)
  [passA] 650000/2579741 tos=0 (6203s)
  [passA] 650500/2579741 tos=0 (6203s)
  [passA] 651000/2579741 tos=0 (6204s)
  [passA] 651500/2579741 tos=0 (6205s)
  [passA] 652000/2579741 tos=0 (6205s)
  [passA] 652500/2579741 tos=0 (6205s)
  [passA] 653000/2579741 tos=0 (6206s)
  [passA] 653500/2579741 tos=0 (6206s)
  [passA] 654000/2579741 tos=0 (6208s)
  [passA] 654500/2579741 tos=0 (6208s)
  [passA] 655000/2579741 tos=0 (6210s)
  [passA] 655500/2579741 tos=0 (6210s)
  [passA] 656000/2579741 tos=0 (6211s)
  [passA] 656500/2579741 tos=0 (6212s)
  [passA] 657000/2579741 tos=0 (6212s)
  [passA] 657500/2579741 tos=0 (6213s)
  [passA] 658000/2579741 tos=0 (6214s)
  [passA] 658500/2579741 tos=0 (6214s)
  [passA] 659000/2579741 tos=0 (6214s)
  [passA] 659500/2579741 tos=0 (6215s)
  [passA] 660000/2579741 tos=0 (6215s)
  [passA] 660500/2579741 tos=0 (6217s)
  [passA] 661000/2579741 tos=0 (6218s)
  [passA] 661500/2579741 tos=0 (6218s)
  [passA] 662000/2579741 tos=0 (6219s)
  [passA] 662500/2579741 tos=0 (6220s)
  [passA] 663000/2579741 tos=0 (6220s)
  [passA] 663500/2579741 tos=0 (6222s)
  [passA] 664000/2579741 tos=0 (6222s)
  [passA] 664500/2579741 tos=0 (6222s)
  [passA] 665000/2579741 tos=0 (6224s)
  [passA] 665500/2579741 tos=0 (6224s)
  [passA] 666000/2579741 tos=0 (6224s)
  [passA] 666500/2579741 tos=0 (6225s)
  [passA] 667000/2579741 tos=0 (6225s)
  [passA] 667500/2579741 tos=0 (6226s)
  [passA] 668000/2579741 tos=0 (6227s)
  [passA] 668500/2579741 tos=0 (6228s)
  [passA] 669000/2579741 tos=0 (6228s)
  [passA] 669500/2579741 tos=0 (6230s)
  [passA] 670000/2579741 tos=0 (6231s)
  [passA] 670500/2579741 tos=0 (6231s)
  [passA] 671000/2579741 tos=0 (6232s)
  [passA] 671500/2579741 tos=0 (6232s)
  [passA] 672000/2579741 tos=0 (6233s)
  [passA] 672500/2579741 tos=0 (6233s)
  [passA] 673000/2579741 tos=0 (6235s)
  [passA] 673500/2579741 tos=0 (6236s)
  [passA] 674000/2579741 tos=0 (6236s)
  [passA] 674500/2579741 tos=0 (6238s)
  [passA] 675000/2579741 tos=0 (6239s)
  [passA] 675500/2579741 tos=0 (6239s)
  [passA] 676000/2579741 tos=0 (6239s)
  [passA] 676500/2579741 tos=0 (6241s)
  [passA] 677000/2579741 tos=0 (6241s)
  [passA] 677500/2579741 tos=0 (6241s)
  [passA] 678000/2579741 tos=0 (6242s)
  [passA] 678500/2579741 tos=0 (6242s)
  [passA] 679000/2579741 tos=0 (6244s)
  [passA] 679500/2579741 tos=0 (6244s)
  [passA] 680000/2579741 tos=0 (6244s)
  [passA] 680500/2579741 tos=0 (6246s)
  [passA] 681000/2579741 tos=0 (6246s)
  [passA] 681500/2579741 tos=0 (6247s)
  [passA] 682000/2579741 tos=0 (6248s)
  [passA] 682500/2579741 tos=0 (6249s)
  [passA] 683000/2579741 tos=0 (6249s)
  [passA] 683500/2579741 tos=0 (6250s)
  [passA] 684000/2579741 tos=0 (6250s)
  [passA] 684500/2579741 tos=0 (6251s)
  [passA] 685000/2579741 tos=0 (6251s)
  [passA] 685500/2579741 tos=0 (6252s)
  [passA] 686000/2579741 tos=0 (6253s)
  [passA] 686500/2579741 tos=0 (6254s)
  [passA] 687000/2579741 tos=0 (6255s)
  [passA] 687500/2579741 tos=0 (6256s)
  [passA] 688000/2579741 tos=0 (6256s)
  [passA] 688500/2579741 tos=0 (6256s)
  [passA] 689000/2579741 tos=0 (6257s)
  [passA] 689500/2579741 tos=0 (6257s)
  [passA] 690000/2579741 tos=0 (6258s)
  [passA] 690500/2579741 tos=0 (6258s)
  [passA] 691000/2579741 tos=0 (6258s)
  [passA] 691500/2579741 tos=0 (6259s)
  [passA] 692000/2579741 tos=0 (6259s)
  [passA] 692500/2579741 tos=0 (6261s)
  [passA] 693000/2579741 tos=0 (6262s)
  [passA] 693500/2579741 tos=0 (6263s)
  [passA] 694000/2579741 tos=0 (6264s)
  [passA] 694500/2579741 tos=0 (6264s)
  [passA] 695000/2579741 tos=0 (6264s)
  [passA] 695500/2579741 tos=0 (6264s)
  [passA] 696000/2579741 tos=0 (6265s)
  [passA] 696500/2579741 tos=0 (6265s)
  [passA] 697000/2579741 tos=0 (6266s)
  [passA] 697500/2579741 tos=0 (6266s)
  [passA] 698000/2579741 tos=0 (6267s)
  [passA] 698500/2579741 tos=0 (6269s)
  [passA] 699000/2579741 tos=0 (6269s)
  [passA] 699500/2579741 tos=0 (6270s)
  [passA] 700000/2579741 tos=0 (6270s)
  [passA] 700500/2579741 tos=0 (6270s)
  [passA] 701000/2579741 tos=0 (6270s)
  [passA] 701500/2579741 tos=0 (6271s)
  [passA] 702000/2579741 tos=0 (6272s)
  [passA] 702500/2579741 tos=0 (6272s)
  [passA] 703000/2579741 tos=0 (6273s)
  [passA] 703500/2579741 tos=0 (6273s)
  [passA] 704000/2579741 tos=0 (6274s)
  [passA] 704500/2579741 tos=0 (6275s)
  [passA] 705000/2579741 tos=0 (6277s)
  [passA] 705500/2579741 tos=0 (6277s)
  [passA] 706000/2579741 tos=0 (6277s)
  [passA] 706500/2579741 tos=0 (6278s)
  [passA] 707000/2579741 tos=0 (6278s)
  [passA] 707500/2579741 tos=0 (6278s)
  [passA] 708000/2579741 tos=0 (6279s)
  [passA] 708500/2579741 tos=0 (6279s)
  [passA] 709000/2579741 tos=0 (6279s)
  [passA] 709500/2579741 tos=0 (6279s)
  [passA] 710000/2579741 tos=0 (6280s)
  [passA] 710500/2579741 tos=0 (6281s)
  [passA] 711000/2579741 tos=0 (6283s)
  [passA] 711500/2579741 tos=0 (6284s)
  [passA] 712000/2579741 tos=0 (6284s)
  [passA] 712500/2579741 tos=0 (6285s)
  [passA] 713000/2579741 tos=0 (6285s)
  [passA] 713500/2579741 tos=0 (6285s)
  [passA] 714000/2579741 tos=0 (6285s)
  [passA] 714500/2579741 tos=0 (6286s)
  [passA] 715000/2579741 tos=0 (6286s)
  [passA] 715500/2579741 tos=0 (6286s)
  [passA] 716000/2579741 tos=0 (6286s)
  [passA] 716500/2579741 tos=0 (6288s)
  [passA] 717000/2579741 tos=0 (6289s)
  [passA] 717500/2579741 tos=0 (6290s)
  [passA] 718000/2579741 tos=0 (6291s)
  [passA] 718500/2579741 tos=0 (6292s)
  [passA] 719000/2579741 tos=0 (6292s)
  [passA] 719500/2579741 tos=0 (6292s)
  [passA] 720000/2579741 tos=0 (6292s)
  [passA] 720500/2579741 tos=0 (6293s)
  [passA] 721000/2579741 tos=0 (6293s)
  [passA] 721500/2579741 tos=0 (6293s)
  [passA] 722000/2579741 tos=0 (6293s)
  [passA] 722500/2579741 tos=0 (6295s)
  [passA] 723000/2579741 tos=0 (6295s)
  [passA] 723500/2579741 tos=0 (6296s)
  [passA] 724000/2579741 tos=0 (6297s)
  [passA] 724500/2579741 tos=0 (6298s)
  [passA] 725000/2579741 tos=0 (6299s)
  [passA] 725500/2579741 tos=0 (6299s)
  [passA] 726000/2579741 tos=0 (6300s)
  [passA] 726500/2579741 tos=0 (6300s)
  [passA] 727000/2579741 tos=0 (6300s)
  [passA] 727500/2579741 tos=0 (6301s)
  [passA] 728000/2579741 tos=0 (6301s)
  [passA] 728500/2579741 tos=0 (6302s)
  [passA] 729000/2579741 tos=0 (6302s)
  [passA] 729500/2579741 tos=0 (6302s)
  [passA] 730000/2579741 tos=0 (6304s)
  [passA] 730500/2579741 tos=0 (6304s)
  [passA] 731000/2579741 tos=0 (6305s)
  [passA] 731500/2579741 tos=0 (6306s)
  [passA] 732000/2579741 tos=0 (6307s)
  [passA] 732500/2579741 tos=0 (6307s)
  [passA] 733000/2579741 tos=0 (6307s)
  [passA] 733500/2579741 tos=0 (6308s)
  [passA] 734000/2579741 tos=0 (6308s)
  [passA] 734500/2579741 tos=0 (6308s)
  [passA] 735000/2579741 tos=0 (6308s)
  [passA] 735500/2579741 tos=0 (6308s)
  [passA] 736000/2579741 tos=0 (6311s)
  [passA] 736500/2579741 tos=0 (6312s)
  [passA] 737000/2579741 tos=0 (6312s)
  [passA] 737500/2579741 tos=0 (6312s)
  [passA] 738000/2579741 tos=0 (6313s)
  [passA] 738500/2579741 tos=0 (6313s)
  [passA] 739000/2579741 tos=0 (6313s)
  [passA] 739500/2579741 tos=0 (6314s)
  [passA] 740000/2579741 tos=0 (6314s)
  [passA] 740500/2579741 tos=0 (6315s)
  [passA] 741000/2579741 tos=0 (6315s)
  [passA] 741500/2579741 tos=0 (6316s)
  [passA] 742000/2579741 tos=0 (6318s)
  [passA] 742500/2579741 tos=0 (6319s)
  [passA] 743000/2579741 tos=0 (6319s)
  [passA] 743500/2579741 tos=0 (6319s)
  [passA] 744000/2579741 tos=0 (6319s)
  [passA] 744500/2579741 tos=0 (6319s)
  [passA] 745000/2579741 tos=0 (6320s)
  [passA] 745500/2579741 tos=0 (6320s)
  [passA] 746000/2579741 tos=0 (6320s)
  [passA] 746500/2579741 tos=0 (6321s)
  [passA] 747000/2579741 tos=0 (6321s)
  [passA] 747500/2579741 tos=0 (6322s)
  [passA] 748000/2579741 tos=0 (6323s)
  [passA] 748500/2579741 tos=0 (6324s)
  [passA] 749000/2579741 tos=0 (6324s)
  [passA] 749500/2579741 tos=0 (6325s)
  [passA] 750000/2579741 tos=0 (6325s)
  [passA] 750500/2579741 tos=0 (6325s)
  [passA] 751000/2579741 tos=0 (6325s)
  [passA] 751500/2579741 tos=0 (6326s)
  [passA] 752000/2579741 tos=0 (6326s)
  [passA] 752500/2579741 tos=0 (6326s)
  [passA] 753000/2579741 tos=0 (6327s)
  [passA] 753500/2579741 tos=0 (6329s)
  [passA] 754000/2579741 tos=0 (6329s)
  [passA] 754500/2579741 tos=0 (6329s)
  [passA] 755000/2579741 tos=0 (6330s)
  [passA] 755500/2579741 tos=0 (6330s)
  [passA] 756000/2579741 tos=0 (6331s)
  [passA] 756500/2579741 tos=0 (6331s)
  [passA] 757000/2579741 tos=0 (6331s)
  [passA] 757500/2579741 tos=0 (6331s)
  [passA] 758000/2579741 tos=0 (6332s)
  [passA] 758500/2579741 tos=0 (6333s)
  [passA] 759000/2579741 tos=0 (6333s)
  [passA] 759500/2579741 tos=0 (6335s)
  [passA] 760000/2579741 tos=0 (6335s)
  [passA] 760500/2579741 tos=0 (6335s)
  [passA] 761000/2579741 tos=0 (6336s)
  [passA] 761500/2579741 tos=0 (6336s)
  [passA] 762000/2579741 tos=0 (6336s)
  [passA] 762500/2579741 tos=0 (6336s)
  [passA] 763000/2579741 tos=0 (6336s)
  [passA] 763500/2579741 tos=0 (6337s)
  [passA] 764000/2579741 tos=0 (6337s)
  [passA] 764500/2579741 tos=0 (6338s)
  [passA] 765000/2579741 tos=0 (6339s)
  [passA] 765500/2579741 tos=0 (6340s)
  [passA] 766000/2579741 tos=0 (6340s)
  [passA] 766500/2579741 tos=0 (6341s)
  [passA] 767000/2579741 tos=0 (6341s)
  [passA] 767500/2579741 tos=0 (6341s)
  [passA] 768000/2579741 tos=0 (6341s)
  [passA] 768500/2579741 tos=0 (6342s)
  [passA] 769000/2579741 tos=0 (6342s)
  [passA] 769500/2579741 tos=0 (6343s)
  [passA] 770000/2579741 tos=0 (6343s)
  [passA] 770500/2579741 tos=0 (6344s)
  [passA] 771000/2579741 tos=0 (6344s)
  [passA] 771500/2579741 tos=0 (6345s)
  [passA] 772000/2579741 tos=0 (6346s)
  [passA] 772500/2579741 tos=0 (6346s)
  [passA] 773000/2579741 tos=0 (6346s)
  [passA] 773500/2579741 tos=0 (6347s)
  [passA] 774000/2579741 tos=0 (6347s)
  [passA] 774500/2579741 tos=0 (6347s)
  [passA] 775000/2579741 tos=0 (6348s)
  [passA] 775500/2579741 tos=0 (6348s)
  [passA] 776000/2579741 tos=0 (6349s)
  [passA] 776500/2579741 tos=0 (6350s)
  [passA] 777000/2579741 tos=0 (6350s)
  [passA] 777500/2579741 tos=0 (6350s)
  [passA] 778000/2579741 tos=0 (6351s)
  [passA] 778500/2579741 tos=0 (6352s)
  [passA] 779000/2579741 tos=0 (6353s)
  [passA] 779500/2579741 tos=0 (6353s)
  [passA] 780000/2579741 tos=0 (6353s)
  [passA] 780500/2579741 tos=0 (6353s)
  [passA] 781000/2579741 tos=0 (6354s)
  [passA] 781500/2579741 tos=0 (6354s)
  [passA] 782000/2579741 tos=0 (6355s)
  [passA] 782500/2579741 tos=0 (6355s)
  [passA] 783000/2579741 tos=0 (6356s)
  [passA] 783500/2579741 tos=0 (6356s)
  [passA] 784000/2579741 tos=0 (6357s)
  [passA] 784500/2579741 tos=0 (6357s)
  [passA] 785000/2579741 tos=0 (6358s)
  [passA] 785500/2579741 tos=0 (6359s)
  [passA] 786000/2579741 tos=0 (6359s)
  [passA] 786500/2579741 tos=0 (6359s)
  [passA] 787000/2579741 tos=0 (6359s)
  [passA] 787500/2579741 tos=0 (6360s)
  [passA] 788000/2579741 tos=0 (6360s)
  [passA] 788500/2579741 tos=0 (6360s)
  [passA] 789000/2579741 tos=0 (6361s)
  [passA] 789500/2579741 tos=0 (6361s)
  [passA] 790000/2579741 tos=0 (6361s)
  [passA] 790500/2579741 tos=0 (6362s)
  [passA] 791000/2579741 tos=0 (6364s)
  [passA] 791500/2579741 tos=0 (6364s)
  [passA] 792000/2579741 tos=0 (6364s)
  [passA] 792500/2579741 tos=0 (6364s)
  [passA] 793000/2579741 tos=0 (6365s)
  [passA] 793500/2579741 tos=0 (6365s)
  [passA] 794000/2579741 tos=0 (6365s)
  [passA] 794500/2579741 tos=0 (6365s)
  [passA] 795000/2579741 tos=0 (6366s)
  [passA] 795500/2579741 tos=0 (6366s)
  [passA] 796000/2579741 tos=0 (6367s)
  [passA] 796500/2579741 tos=0 (6368s)
  [passA] 797000/2579741 tos=0 (6369s)
  [passA] 797500/2579741 tos=0 (6369s)
  [passA] 798000/2579741 tos=0 (6370s)
  [passA] 798500/2579741 tos=0 (6371s)
  [passA] 799000/2579741 tos=0 (6371s)
  [passA] 799500/2579741 tos=0 (6371s)
  [passA] 800000/2579741 tos=0 (6371s)
  [passA] 800500/2579741 tos=0 (6371s)
  [passA] 801000/2579741 tos=0 (6372s)
  [passA] 801500/2579741 tos=0 (6372s)
  [passA] 802000/2579741 tos=0 (6372s)
  [passA] 802500/2579741 tos=0 (6372s)
  [passA] 803000/2579741 tos=0 (6373s)
  [passA] 803500/2579741 tos=0 (6374s)
  [passA] 804000/2579741 tos=0 (6375s)
  [passA] 804500/2579741 tos=0 (6375s)
  [passA] 805000/2579741 tos=0 (6375s)
  [passA] 805500/2579741 tos=0 (6375s)
  [passA] 806000/2579741 tos=0 (6376s)
  [passA] 806500/2579741 tos=0 (6376s)
  [passA] 807000/2579741 tos=0 (6376s)
  [passA] 807500/2579741 tos=0 (6377s)
  [passA] 808000/2579741 tos=0 (6377s)
  [passA] 808500/2579741 tos=0 (6377s)
  [passA] 809000/2579741 tos=0 (6377s)
  [passA] 809500/2579741 tos=0 (6378s)
  [passA] 810000/2579741 tos=0 (6379s)
  [passA] 810500/2579741 tos=0 (6379s)
  [passA] 811000/2579741 tos=0 (6379s)
  [passA] 811500/2579741 tos=0 (6380s)
  [passA] 812000/2579741 tos=0 (6380s)
  [passA] 812500/2579741 tos=0 (6380s)
  [passA] 813000/2579741 tos=0 (6380s)
  [passA] 813500/2579741 tos=0 (6381s)
  [passA] 814000/2579741 tos=0 (6381s)
  [passA] 814500/2579741 tos=0 (6382s)
  [passA] 815000/2579741 tos=0 (6382s)
  [passA] 815500/2579741 tos=0 (6382s)
  [passA] 816000/2579741 tos=0 (6383s)
  [passA] 816500/2579741 tos=0 (6383s)
  [passA] 817000/2579741 tos=0 (6384s)
  [passA] 817500/2579741 tos=0 (6384s)
  [passA] 818000/2579741 tos=0 (6384s)
  [passA] 818500/2579741 tos=0 (6384s)
  [passA] 819000/2579741 tos=0 (6385s)
  [passA] 819500/2579741 tos=0 (6385s)
  [passA] 820000/2579741 tos=0 (6385s)
  [passA] 820500/2579741 tos=0 (6386s)
  [passA] 821000/2579741 tos=0 (6387s)
  [passA] 821500/2579741 tos=0 (6388s)
  [passA] 822000/2579741 tos=0 (6388s)
  [passA] 822500/2579741 tos=0 (6388s)
  [passA] 823000/2579741 tos=0 (6388s)
  [passA] 823500/2579741 tos=0 (6388s)
  [passA] 824000/2579741 tos=0 (6388s)
  [passA] 824500/2579741 tos=0 (6389s)
  [passA] 825000/2579741 tos=0 (6389s)
  [passA] 825500/2579741 tos=0 (6390s)
  [passA] 826000/2579741 tos=0 (6390s)
  [passA] 826500/2579741 tos=0 (6390s)
  [passA] 827000/2579741 tos=0 (6391s)
  [passA] 827500/2579741 tos=0 (6391s)
  [passA] 828000/2579741 tos=0 (6392s)
  [passA] 828500/2579741 tos=0 (6392s)
  [passA] 829000/2579741 tos=0 (6392s)
  [passA] 829500/2579741 tos=0 (6392s)
  [passA] 830000/2579741 tos=0 (6393s)
  [passA] 830500/2579741 tos=0 (6393s)
  [passA] 831000/2579741 tos=0 (6394s)
  [passA] 831500/2579741 tos=0 (6395s)
  [passA] 832000/2579741 tos=0 (6395s)
  [passA] 832500/2579741 tos=0 (6395s)
  [passA] 833000/2579741 tos=0 (6395s)
  [passA] 833500/2579741 tos=0 (6396s)
  [passA] 834000/2579741 tos=0 (6396s)
  [passA] 834500/2579741 tos=0 (6397s)
  [passA] 835000/2579741 tos=0 (6397s)
  [passA] 835500/2579741 tos=0 (6397s)
  [passA] 836000/2579741 tos=0 (6397s)
  [passA] 836500/2579741 tos=0 (6398s)
  [passA] 837000/2579741 tos=0 (6398s)
  [passA] 837500/2579741 tos=0 (6398s)
  [passA] 838000/2579741 tos=0 (6399s)
  [passA] 838500/2579741 tos=0 (6399s)
  [passA] 839000/2579741 tos=0 (6400s)
  [passA] 839500/2579741 tos=0 (6400s)
  [passA] 840000/2579741 tos=0 (6400s)
  [passA] 840500/2579741 tos=0 (6400s)
  [passA] 841000/2579741 tos=0 (6401s)
  [passA] 841500/2579741 tos=0 (6402s)
  [passA] 842000/2579741 tos=0 (6402s)
  [passA] 842500/2579741 tos=0 (6402s)
  [passA] 843000/2579741 tos=0 (6403s)
  [passA] 843500/2579741 tos=0 (6403s)
  [passA] 844000/2579741 tos=0 (6404s)
  [passA] 844500/2579741 tos=0 (6404s)
  [passA] 845000/2579741 tos=0 (6404s)
  [passA] 845500/2579741 tos=0 (6404s)
  [passA] 846000/2579741 tos=0 (6405s)
  [passA] 846500/2579741 tos=0 (6406s)
  [passA] 847000/2579741 tos=0 (6406s)
  [passA] 847500/2579741 tos=0 (6407s)
  [passA] 848000/2579741 tos=0 (6407s)
  [passA] 848500/2579741 tos=0 (6407s)
  [passA] 849000/2579741 tos=0 (6407s)
  [passA] 849500/2579741 tos=0 (6408s)
  [passA] 850000/2579741 tos=0 (6408s)
  [passA] 850500/2579741 tos=0 (6409s)
  [passA] 851000/2579741 tos=0 (6409s)
  [passA] 851500/2579741 tos=0 (6409s)
  [passA] 852000/2579741 tos=0 (6409s)
  [passA] 852500/2579741 tos=0 (6410s)
  [passA] 853000/2579741 tos=0 (6411s)
  [passA] 853500/2579741 tos=0 (6411s)
  [passA] 854000/2579741 tos=0 (6411s)
  [passA] 854500/2579741 tos=0 (6412s)
  [passA] 855000/2579741 tos=0 (6412s)
  [passA] 855500/2579741 tos=0 (6412s)
  [passA] 856000/2579741 tos=0 (6412s)
  [passA] 856500/2579741 tos=0 (6413s)
  [passA] 857000/2579741 tos=0 (6413s)
  [passA] 857500/2579741 tos=0 (6414s)
  [passA] 858000/2579741 tos=0 (6415s)
  [passA] 858500/2579741 tos=0 (6415s)
  [passA] 859000/2579741 tos=0 (6415s)
  [passA] 859500/2579741 tos=0 (6416s)
  [passA] 860000/2579741 tos=0 (6416s)
  [passA] 860500/2579741 tos=0 (6416s)
  [passA] 861000/2579741 tos=0 (6416s)
  [passA] 861500/2579741 tos=0 (6416s)
  [passA] 862000/2579741 tos=0 (6417s)
  [passA] 862500/2579741 tos=0 (6417s)
  [passA] 863000/2579741 tos=0 (6417s)
  [passA] 863500/2579741 tos=0 (6417s)
  [passA] 864000/2579741 tos=0 (6418s)
  [passA] 864500/2579741 tos=0 (6418s)
  [passA] 865000/2579741 tos=0 (6419s)
  [passA] 865500/2579741 tos=0 (6420s)
  [passA] 866000/2579741 tos=0 (6420s)
  [passA] 866500/2579741 tos=0 (6420s)
  [passA] 867000/2579741 tos=0 (6420s)
  [passA] 867500/2579741 tos=0 (6420s)
  [passA] 868000/2579741 tos=0 (6420s)
  [passA] 868500/2579741 tos=0 (6421s)
  [passA] 869000/2579741 tos=0 (6421s)
  [passA] 869500/2579741 tos=0 (6421s)
  [passA] 870000/2579741 tos=0 (6421s)
  [passA] 870500/2579741 tos=0 (6422s)
  [passA] 871000/2579741 tos=0 (6423s)
  [passA] 871500/2579741 tos=0 (6424s)
  [passA] 872000/2579741 tos=0 (6424s)
  [passA] 872500/2579741 tos=0 (6424s)
  [passA] 873000/2579741 tos=0 (6424s)
  [passA] 873500/2579741 tos=0 (6424s)
  [passA] 874000/2579741 tos=0 (6424s)
  [passA] 874500/2579741 tos=0 (6424s)
  [passA] 875000/2579741 tos=0 (6424s)
  [passA] 875500/2579741 tos=0 (6425s)
  [passA] 876000/2579741 tos=0 (6425s)
  [passA] 876500/2579741 tos=0 (6425s)
  [passA] 877000/2579741 tos=0 (6426s)
  [passA] 877500/2579741 tos=0 (6427s)
  [passA] 878000/2579741 tos=0 (6427s)
  [passA] 878500/2579741 tos=0 (6428s)
  [passA] 879000/2579741 tos=0 (6428s)
  [passA] 879500/2579741 tos=0 (6428s)
  [passA] 880000/2579741 tos=0 (6428s)
  [passA] 880500/2579741 tos=0 (6428s)
  [passA] 881000/2579741 tos=0 (6428s)
  [passA] 881500/2579741 tos=0 (6428s)
  [passA] 882000/2579741 tos=0 (6428s)
  [passA] 882500/2579741 tos=0 (6429s)
  [passA] 883000/2579741 tos=0 (6430s)
  [passA] 883500/2579741 tos=0 (6430s)
  [passA] 884000/2579741 tos=0 (6430s)
  [passA] 884500/2579741 tos=0 (6430s)
  [passA] 885000/2579741 tos=0 (6431s)
  [passA] 885500/2579741 tos=0 (6431s)
  [passA] 886000/2579741 tos=0 (6431s)
  [passA] 886500/2579741 tos=0 (6431s)
  [passA] 887000/2579741 tos=0 (6432s)
  [passA] 887500/2579741 tos=0 (6432s)
  [passA] 888000/2579741 tos=0 (6432s)
  [passA] 888500/2579741 tos=0 (6433s)
  [passA] 889000/2579741 tos=0 (6433s)
  [passA] 889500/2579741 tos=0 (6434s)
  [passA] 890000/2579741 tos=0 (6434s)
  [passA] 890500/2579741 tos=0 (6434s)
  [passA] 891000/2579741 tos=0 (6434s)
  [passA] 891500/2579741 tos=0 (6434s)
  [passA] 892000/2579741 tos=0 (6434s)
  [passA] 892500/2579741 tos=0 (6435s)
  [passA] 893000/2579741 tos=0 (6435s)
  [passA] 893500/2579741 tos=0 (6435s)
  [passA] 894000/2579741 tos=0 (6436s)
  [passA] 894500/2579741 tos=0 (6436s)
  [passA] 895000/2579741 tos=0 (6437s)
  [passA] 895500/2579741 tos=0 (6437s)
  [passA] 896000/2579741 tos=0 (6438s)
  [passA] 896500/2579741 tos=0 (6438s)
  [passA] 897000/2579741 tos=0 (6438s)
  [passA] 897500/2579741 tos=0 (6438s)
  [passA] 898000/2579741 tos=0 (6438s)
  [passA] 898500/2579741 tos=0 (6438s)
  [passA] 899000/2579741 tos=0 (6439s)
  [passA] 899500/2579741 tos=0 (6439s)
  [passA] 900000/2579741 tos=0 (6439s)
  [passA] 900500/2579741 tos=0 (6439s)
  [passA] 901000/2579741 tos=0 (6440s)
  [passA] 901500/2579741 tos=0 (6441s)
  [passA] 902000/2579741 tos=0 (6441s)
  [passA] 902500/2579741 tos=0 (6441s)
  [passA] 903000/2579741 tos=0 (6441s)
  [passA] 903500/2579741 tos=0 (6442s)
  [passA] 904000/2579741 tos=0 (6442s)
  [passA] 904500/2579741 tos=0 (6443s)
  [passA] 905000/2579741 tos=0 (6443s)
  [passA] 905500/2579741 tos=0 (6443s)
  [passA] 906000/2579741 tos=0 (6443s)
  [passA] 906500/2579741 tos=0 (6443s)
  [passA] 907000/2579741 tos=0 (6444s)
  [passA] 907500/2579741 tos=0 (6444s)
  [passA] 908000/2579741 tos=0 (6444s)
  [passA] 908500/2579741 tos=0 (6444s)
  [passA] 909000/2579741 tos=0 (6445s)
  [passA] 909500/2579741 tos=0 (6445s)
  [passA] 910000/2579741 tos=0 (6445s)
  [passA] 910500/2579741 tos=0 (6446s)
  [passA] 911000/2579741 tos=0 (6446s)
  [passA] 911500/2579741 tos=0 (6447s)
  [passA] 912000/2579741 tos=0 (6447s)
  [passA] 912500/2579741 tos=0 (6447s)
  [passA] 913000/2579741 tos=0 (6447s)
  [passA] 913500/2579741 tos=0 (6447s)
  [passA] 914000/2579741 tos=0 (6448s)
  [passA] 914500/2579741 tos=0 (6448s)
  [passA] 915000/2579741 tos=0 (6448s)
  [passA] 915500/2579741 tos=0 (6448s)
  [passA] 916000/2579741 tos=0 (6448s)
  [passA] 916500/2579741 tos=0 (6449s)
  [passA] 917000/2579741 tos=0 (6449s)
  [passA] 917500/2579741 tos=0 (6450s)
  [passA] 918000/2579741 tos=0 (6450s)
  [passA] 918500/2579741 tos=0 (6450s)
  [passA] 919000/2579741 tos=0 (6450s)
  [passA] 919500/2579741 tos=0 (6451s)
  [passA] 920000/2579741 tos=0 (6451s)
  [passA] 920500/2579741 tos=0 (6451s)
  [passA] 921000/2579741 tos=0 (6451s)
  [passA] 921500/2579741 tos=0 (6451s)
  [passA] 922000/2579741 tos=0 (6452s)
  [passA] 922500/2579741 tos=0 (6452s)
  [passA] 923000/2579741 tos=0 (6453s)
  [passA] 923500/2579741 tos=0 (6453s)
  [passA] 924000/2579741 tos=0 (6453s)
  [passA] 924500/2579741 tos=0 (6453s)
  [passA] 925000/2579741 tos=0 (6454s)
  [passA] 925500/2579741 tos=0 (6454s)
  [passA] 926000/2579741 tos=0 (6454s)
  [passA] 926500/2579741 tos=0 (6454s)
  [passA] 927000/2579741 tos=0 (6454s)
  [passA] 927500/2579741 tos=0 (6454s)
  [passA] 928000/2579741 tos=0 (6455s)
  [passA] 928500/2579741 tos=0 (6455s)
  [passA] 929000/2579741 tos=0 (6455s)
  [passA] 929500/2579741 tos=0 (6455s)
  [passA] 930000/2579741 tos=0 (6456s)
  [passA] 930500/2579741 tos=0 (6456s)
  [passA] 931000/2579741 tos=0 (6456s)
  [passA] 931500/2579741 tos=0 (6456s)
  [passA] 932000/2579741 tos=0 (6457s)
  [passA] 932500/2579741 tos=0 (6457s)
  [passA] 933000/2579741 tos=0 (6457s)
  [passA] 933500/2579741 tos=0 (6457s)
  [passA] 934000/2579741 tos=0 (6457s)
  [passA] 934500/2579741 tos=0 (6457s)
  [passA] 935000/2579741 tos=0 (6458s)
  [passA] 935500/2579741 tos=0 (6458s)
  [passA] 936000/2579741 tos=0 (6458s)
  [passA] 936500/2579741 tos=0 (6459s)
  [passA] 937000/2579741 tos=0 (6459s)
  [passA] 937500/2579741 tos=0 (6459s)
  [passA] 938000/2579741 tos=0 (6460s)
  [passA] 938500/2579741 tos=0 (6460s)
  [passA] 939000/2579741 tos=0 (6460s)
  [passA] 939500/2579741 tos=0 (6460s)
  [passA] 940000/2579741 tos=0 (6460s)
  [passA] 940500/2579741 tos=0 (6460s)
  [passA] 941000/2579741 tos=0 (6461s)
  [passA] 941500/2579741 tos=0 (6461s)
  [passA] 942000/2579741 tos=0 (6461s)
  [passA] 942500/2579741 tos=0 (6461s)
  [passA] 943000/2579741 tos=0 (6461s)
  [passA] 943500/2579741 tos=0 (6462s)
  [passA] 944000/2579741 tos=0 (6462s)
  [passA] 944500/2579741 tos=0 (6462s)
  [passA] 945000/2579741 tos=0 (6463s)
  [passA] 945500/2579741 tos=0 (6463s)
  [passA] 946000/2579741 tos=0 (6463s)
  [passA] 946500/2579741 tos=0 (6463s)
  [passA] 947000/2579741 tos=0 (6463s)
  [passA] 947500/2579741 tos=0 (6463s)
  [passA] 948000/2579741 tos=0 (6463s)
  [passA] 948500/2579741 tos=0 (6464s)
  [passA] 949000/2579741 tos=0 (6464s)
  [passA] 949500/2579741 tos=0 (6465s)
  [passA] 950000/2579741 tos=0 (6465s)
  [passA] 950500/2579741 tos=0 (6465s)
  [passA] 951000/2579741 tos=0 (6465s)
  [passA] 951500/2579741 tos=0 (6466s)
  [passA] 952000/2579741 tos=0 (6466s)
  [passA] 952500/2579741 tos=0 (6466s)
  [passA] 953000/2579741 tos=0 (6466s)
  [passA] 953500/2579741 tos=0 (6466s)
  [passA] 954000/2579741 tos=0 (6467s)
  [passA] 954500/2579741 tos=0 (6467s)
  [passA] 955000/2579741 tos=0 (6467s)
  [passA] 955500/2579741 tos=0 (6467s)
  [passA] 956000/2579741 tos=0 (6467s)
  [passA] 956500/2579741 tos=0 (6467s)
  [passA] 957000/2579741 tos=0 (6468s)
  [passA] 957500/2579741 tos=0 (6469s)
  [passA] 958000/2579741 tos=0 (6469s)
  [passA] 958500/2579741 tos=0 (6469s)
  [passA] 959000/2579741 tos=0 (6469s)
  [passA] 959500/2579741 tos=0 (6469s)
  [passA] 960000/2579741 tos=0 (6469s)
  [passA] 960500/2579741 tos=0 (6470s)
  [passA] 961000/2579741 tos=0 (6470s)
  [passA] 961500/2579741 tos=0 (6470s)
  [passA] 962000/2579741 tos=0 (6470s)
  [passA] 962500/2579741 tos=0 (6470s)
  [passA] 963000/2579741 tos=0 (6471s)
  [passA] 963500/2579741 tos=0 (6471s)
  [passA] 964000/2579741 tos=0 (6471s)
  [passA] 964500/2579741 tos=0 (6471s)
  [passA] 965000/2579741 tos=0 (6471s)
  [passA] 965500/2579741 tos=0 (6472s)
  [passA] 966000/2579741 tos=0 (6472s)
  [passA] 966500/2579741 tos=0 (6472s)
  [passA] 967000/2579741 tos=0 (6473s)
  [passA] 967500/2579741 tos=0 (6473s)
  [passA] 968000/2579741 tos=0 (6473s)
  [passA] 968500/2579741 tos=0 (6473s)
  [passA] 969000/2579741 tos=0 (6474s)
  [passA] 969500/2579741 tos=0 (6474s)
  [passA] 970000/2579741 tos=0 (6474s)
  [passA] 970500/2579741 tos=0 (6474s)
  [passA] 971000/2579741 tos=0 (6475s)
  [passA] 971500/2579741 tos=0 (6475s)
  [passA] 972000/2579741 tos=0 (6475s)
  [passA] 972500/2579741 tos=0 (6475s)
  [passA] 973000/2579741 tos=0 (6475s)
  [passA] 973500/2579741 tos=0 (6475s)
  [passA] 974000/2579741 tos=0 (6476s)
  [passA] 974500/2579741 tos=0 (6476s)
  [passA] 975000/2579741 tos=0 (6477s)
  [passA] 975500/2579741 tos=0 (6477s)
  [passA] 976000/2579741 tos=0 (6477s)
  [passA] 976500/2579741 tos=0 (6477s)
  [passA] 977000/2579741 tos=0 (6477s)
  [passA] 977500/2579741 tos=0 (6478s)
  [passA] 978000/2579741 tos=0 (6478s)
  [passA] 978500/2579741 tos=0 (6478s)
  [passA] 979000/2579741 tos=0 (6478s)
  [passA] 979500/2579741 tos=0 (6478s)
  [passA] 980000/2579741 tos=0 (6478s)
  [passA] 980500/2579741 tos=0 (6479s)
  [passA] 981000/2579741 tos=0 (6479s)
  [passA] 981500/2579741 tos=0 (6479s)
  [passA] 982000/2579741 tos=0 (6480s)
  [passA] 982500/2579741 tos=0 (6480s)
  [passA] 983000/2579741 tos=0 (6480s)
  [passA] 983500/2579741 tos=0 (6480s)
  [passA] 984000/2579741 tos=0 (6480s)
  [passA] 984500/2579741 tos=0 (6480s)
  [passA] 985000/2579741 tos=0 (6481s)
  [passA] 985500/2579741 tos=0 (6481s)
  [passA] 986000/2579741 tos=0 (6481s)
  [passA] 986500/2579741 tos=0 (6481s)
  [passA] 987000/2579741 tos=0 (6482s)
  [passA] 987500/2579741 tos=0 (6482s)
  [passA] 988000/2579741 tos=0 (6482s)
  [passA] 988500/2579741 tos=0 (6482s)
  [passA] 989000/2579741 tos=0 (6483s)
  [passA] 989500/2579741 tos=0 (6483s)
  [passA] 990000/2579741 tos=0 (6483s)
  [passA] 990500/2579741 tos=0 (6483s)
  [passA] 991000/2579741 tos=0 (6483s)
  [passA] 991500/2579741 tos=0 (6483s)
  [passA] 992000/2579741 tos=0 (6483s)
  [passA] 992500/2579741 tos=0 (6484s)
  [passA] 993000/2579741 tos=0 (6484s)
  [passA] 993500/2579741 tos=0 (6484s)
  [passA] 994000/2579741 tos=0 (6485s)
  [passA] 994500/2579741 tos=0 (6485s)
  [passA] 995000/2579741 tos=0 (6485s)
  [passA] 995500/2579741 tos=0 (6485s)
  [passA] 996000/2579741 tos=0 (6485s)
  [passA] 996500/2579741 tos=0 (6485s)
  [passA] 997000/2579741 tos=0 (6485s)
  [passA] 997500/2579741 tos=0 (6485s)
  [passA] 998000/2579741 tos=0 (6486s)
  [passA] 998500/2579741 tos=0 (6486s)
  [passA] 999000/2579741 tos=0 (6486s)
  [passA] 999500/2579741 tos=0 (6486s)
  [passA] 1000000/2579741 tos=0 (6486s)
  [passA] 1000500/2579741 tos=0 (6487s)
  [passA] 1001000/2579741 tos=0 (6487s)
  [passA] 1001500/2579741 tos=0 (6487s)
  [passA] 1002000/2579741 tos=0 (6487s)
  [passA] 1002500/2579741 tos=0 (6487s)
  [passA] 1003000/2579741 tos=0 (6487s)
  [passA] 1003500/2579741 tos=0 (6487s)
  [passA] 1004000/2579741 tos=0 (6488s)
  [passA] 1004500/2579741 tos=0 (6488s)
  [passA] 1005000/2579741 tos=0 (6488s)
  [passA] 1005500/2579741 tos=0 (6489s)
  [passA] 1006000/2579741 tos=0 (6489s)
  [passA] 1006500/2579741 tos=0 (6489s)
  [passA] 1007000/2579741 tos=0 (6489s)
  [passA] 1007500/2579741 tos=0 (6489s)
  [passA] 1008000/2579741 tos=0 (6489s)
  [passA] 1008500/2579741 tos=0 (6489s)
  [passA] 1009000/2579741 tos=0 (6490s)
  [passA] 1009500/2579741 tos=0 (6490s)
  [passA] 1010000/2579741 tos=0 (6490s)
  [passA] 1010500/2579741 tos=0 (6490s)
  [passA] 1011000/2579741 tos=0 (6490s)
  [passA] 1011500/2579741 tos=0 (6490s)
  [passA] 1012000/2579741 tos=0 (6491s)
  [passA] 1012500/2579741 tos=0 (6491s)
  [passA] 1013000/2579741 tos=0 (6491s)
  [passA] 1013500/2579741 tos=0 (6491s)
  [passA] 1014000/2579741 tos=0 (6492s)
  [passA] 1014500/2579741 tos=0 (6492s)
  [passA] 1015000/2579741 tos=0 (6492s)
  [passA] 1015500/2579741 tos=0 (6492s)
  [passA] 1016000/2579741 tos=0 (6492s)
  [passA] 1016500/2579741 tos=0 (6493s)
  [passA] 1017000/2579741 tos=0 (6493s)
  [passA] 1017500/2579741 tos=0 (6493s)
  [passA] 1018000/2579741 tos=0 (6493s)
  [passA] 1018500/2579741 tos=0 (6493s)
  [passA] 1019000/2579741 tos=0 (6493s)
  [passA] 1019500/2579741 tos=0 (6493s)
  [passA] 1020000/2579741 tos=0 (6493s)
  [passA] 1020500/2579741 tos=0 (6494s)
  [passA] 1021000/2579741 tos=0 (6494s)
  [passA] 1021500/2579741 tos=0 (6494s)
  [passA] 1022000/2579741 tos=0 (6495s)
  [passA] 1022500/2579741 tos=0 (6495s)
  [passA] 1023000/2579741 tos=0 (6495s)
  [passA] 1023500/2579741 tos=0 (6495s)
  [passA] 1024000/2579741 tos=0 (6495s)
  [passA] 1024500/2579741 tos=0 (6495s)
  [passA] 1025000/2579741 tos=0 (6495s)
  [passA] 1025500/2579741 tos=0 (6496s)
  [passA] 1026000/2579741 tos=0 (6496s)
  [passA] 1026500/2579741 tos=0 (6496s)
  [passA] 1027000/2579741 tos=0 (6496s)
  [passA] 1027500/2579741 tos=0 (6496s)
  [passA] 1028000/2579741 tos=0 (6497s)
  [passA] 1028500/2579741 tos=0 (6497s)
  [passA] 1029000/2579741 tos=0 (6497s)
  [passA] 1029500/2579741 tos=0 (6497s)
  [passA] 1030000/2579741 tos=0 (6497s)
  [passA] 1030500/2579741 tos=0 (6498s)
  [passA] 1031000/2579741 tos=0 (6498s)
  [passA] 1031500/2579741 tos=0 (6498s)
  [passA] 1032000/2579741 tos=0 (6498s)
  [passA] 1032500/2579741 tos=0 (6498s)
  [passA] 1033000/2579741 tos=0 (6498s)
  [passA] 1033500/2579741 tos=0 (6498s)
  [passA] 1034000/2579741 tos=0 (6498s)
  [passA] 1034500/2579741 tos=0 (6499s)
  [passA] 1035000/2579741 tos=0 (6499s)
  [passA] 1035500/2579741 tos=0 (6499s)
  [passA] 1036000/2579741 tos=0 (6500s)
  [passA] 1036500/2579741 tos=0 (6500s)
  [passA] 1037000/2579741 tos=0 (6500s)
  [passA] 1037500/2579741 tos=0 (6500s)
  [passA] 1038000/2579741 tos=0 (6500s)
  [passA] 1038500/2579741 tos=0 (6500s)
  [passA] 1039000/2579741 tos=0 (6500s)
  [passA] 1039500/2579741 tos=0 (6501s)
  [passA] 1040000/2579741 tos=0 (6501s)
  [passA] 1040500/2579741 tos=0 (6501s)
  [passA] 1041000/2579741 tos=0 (6501s)
  [passA] 1041500/2579741 tos=0 (6502s)
  [passA] 1042000/2579741 tos=0 (6502s)
  [passA] 1042500/2579741 tos=0 (6502s)
  [passA] 1043000/2579741 tos=0 (6502s)
  [passA] 1043500/2579741 tos=0 (6502s)
  [passA] 1044000/2579741 tos=0 (6502s)
  [passA] 1044500/2579741 tos=0 (6503s)
  [passA] 1045000/2579741 tos=0 (6503s)
  [passA] 1045500/2579741 tos=0 (6503s)
  [passA] 1046000/2579741 tos=0 (6503s)
  [passA] 1046500/2579741 tos=0 (6504s)
  [passA] 1047000/2579741 tos=0 (6504s)
  [passA] 1047500/2579741 tos=0 (6504s)
  [passA] 1048000/2579741 tos=0 (6504s)
  [passA] 1048500/2579741 tos=0 (6504s)
  [passA] 1049000/2579741 tos=0 (6504s)
  [passA] 1049500/2579741 tos=0 (6505s)
  [passA] 1050000/2579741 tos=0 (6505s)
  [passA] 1050500/2579741 tos=0 (6505s)
  [passA] 1051000/2579741 tos=0 (6505s)
  [passA] 1051500/2579741 tos=0 (6505s)
  [passA] 1052000/2579741 tos=0 (6505s)
  [passA] 1052500/2579741 tos=0 (6506s)
  [passA] 1053000/2579741 tos=0 (6506s)
  [passA] 1053500/2579741 tos=0 (6506s)
  [passA] 1054000/2579741 tos=0 (6506s)
  [passA] 1054500/2579741 tos=0 (6506s)
  [passA] 1055000/2579741 tos=0 (6506s)
  [passA] 1055500/2579741 tos=0 (6506s)
  [passA] 1056000/2579741 tos=0 (6507s)
  [passA] 1056500/2579741 tos=0 (6507s)
  [passA] 1057000/2579741 tos=0 (6507s)
  [passA] 1057500/2579741 tos=0 (6507s)
  [passA] 1058000/2579741 tos=0 (6507s)
  [passA] 1058500/2579741 tos=0 (6507s)
  [passA] 1059000/2579741 tos=0 (6507s)
  [passA] 1059500/2579741 tos=0 (6508s)
  [passA] 1060000/2579741 tos=0 (6508s)
  [passA] 1060500/2579741 tos=0 (6508s)
  [passA] 1061000/2579741 tos=0 (6508s)
  [passA] 1061500/2579741 tos=0 (6508s)
  [passA] 1062000/2579741 tos=0 (6508s)
  [passA] 1062500/2579741 tos=0 (6509s)
  [passA] 1063000/2579741 tos=0 (6509s)
  [passA] 1063500/2579741 tos=0 (6509s)
  [passA] 1064000/2579741 tos=0 (6509s)
  [passA] 1064500/2579741 tos=0 (6509s)
  [passA] 1065000/2579741 tos=0 (6509s)
  [passA] 1065500/2579741 tos=0 (6509s)
  [passA] 1066000/2579741 tos=0 (6510s)
  [passA] 1066500/2579741 tos=0 (6510s)
  [passA] 1067000/2579741 tos=0 (6510s)
  [passA] 1067500/2579741 tos=0 (6510s)
  [passA] 1068000/2579741 tos=0 (6510s)
  [passA] 1068500/2579741 tos=0 (6510s)
  [passA] 1069000/2579741 tos=0 (6511s)
  [passA] 1069500/2579741 tos=0 (6511s)
  [passA] 1070000/2579741 tos=0 (6511s)
  [passA] 1070500/2579741 tos=0 (6511s)
  [passA] 1071000/2579741 tos=0 (6511s)
  [passA] 1071500/2579741 tos=0 (6511s)
  [passA] 1072000/2579741 tos=0 (6511s)
  [passA] 1072500/2579741 tos=0 (6511s)
  [passA] 1073000/2579741 tos=0 (6511s)
  [passA] 1073500/2579741 tos=0 (6511s)
  [passA] 1074000/2579741 tos=0 (6512s)
  [passA] 1074500/2579741 tos=0 (6512s)
  [passA] 1075000/2579741 tos=0 (6512s)
  [passA] 1075500/2579741 tos=0 (6512s)
  [passA] 1076000/2579741 tos=0 (6512s)
  [passA] 1076500/2579741 tos=0 (6512s)
  [passA] 1077000/2579741 tos=0 (6512s)
  [passA] 1077500/2579741 tos=0 (6513s)
  [passA] 1078000/2579741 tos=0 (6513s)
  [passA] 1078500/2579741 tos=0 (6513s)
  [passA] 1079000/2579741 tos=0 (6513s)
  [passA] 1079500/2579741 tos=0 (6513s)
  [passA] 1080000/2579741 tos=0 (6513s)
  [passA] 1080500/2579741 tos=0 (6514s)
  [passA] 1081000/2579741 tos=0 (6514s)
  [passA] 1081500/2579741 tos=0 (6514s)
  [passA] 1082000/2579741 tos=0 (6514s)
  [passA] 1082500/2579741 tos=0 (6514s)
  [passA] 1083000/2579741 tos=0 (6514s)
  [passA] 1083500/2579741 tos=0 (6514s)
  [passA] 1084000/2579741 tos=0 (6515s)
  [passA] 1084500/2579741 tos=0 (6515s)
  [passA] 1085000/2579741 tos=0 (6515s)
  [passA] 1085500/2579741 tos=0 (6515s)
  [passA] 1086000/2579741 tos=0 (6515s)
  [passA] 1086500/2579741 tos=0 (6515s)
  [passA] 1087000/2579741 tos=0 (6515s)
  [passA] 1087500/2579741 tos=0 (6516s)
  [passA] 1088000/2579741 tos=0 (6516s)
  [passA] 1088500/2579741 tos=0 (6516s)
  [passA] 1089000/2579741 tos=0 (6516s)
  [passA] 1089500/2579741 tos=0 (6516s)
  [passA] 1090000/2579741 tos=0 (6516s)
  [passA] 1090500/2579741 tos=0 (6516s)
  [passA] 1091000/2579741 tos=0 (6516s)
  [passA] 1091500/2579741 tos=0 (6517s)
  [passA] 1092000/2579741 tos=0 (6517s)
  [passA] 1092500/2579741 tos=0 (6517s)
  [passA] 1093000/2579741 tos=0 (6517s)
  [passA] 1093500/2579741 tos=0 (6517s)
  [passA] 1094000/2579741 tos=0 (6517s)
  [passA] 1094500/2579741 tos=0 (6517s)
  [passA] 1095000/2579741 tos=0 (6518s)
  [passA] 1095500/2579741 tos=0 (6518s)
  [passA] 1096000/2579741 tos=0 (6518s)
  [passA] 1096500/2579741 tos=0 (6518s)
  [passA] 1097000/2579741 tos=0 (6518s)
  [passA] 1097500/2579741 tos=0 (6519s)
  [passA] 1098000/2579741 tos=0 (6519s)
  [passA] 1098500/2579741 tos=0 (6519s)
  [passA] 1099000/2579741 tos=0 (6519s)
  [passA] 1099500/2579741 tos=0 (6519s)
  [passA] 1100000/2579741 tos=0 (6519s)
  [passA] 1100500/2579741 tos=0 (6519s)
  [passA] 1101000/2579741 tos=0 (6520s)
  [passA] 1101500/2579741 tos=0 (6520s)
  [passA] 1102000/2579741 tos=0 (6520s)
  [passA] 1102500/2579741 tos=0 (6520s)
  [passA] 1103000/2579741 tos=0 (6520s)
  [passA] 1103500/2579741 tos=0 (6520s)
  [passA] 1104000/2579741 tos=0 (6521s)
  [passA] 1104500/2579741 tos=0 (6521s)
  [passA] 1105000/2579741 tos=0 (6521s)
  [passA] 1105500/2579741 tos=0 (6521s)
  [passA] 1106000/2579741 tos=0 (6521s)
  [passA] 1106500/2579741 tos=0 (6521s)
  [passA] 1107000/2579741 tos=0 (6521s)
  [passA] 1107500/2579741 tos=0 (6522s)
  [passA] 1108000/2579741 tos=0 (6522s)
  [passA] 1108500/2579741 tos=0 (6522s)
  [passA] 1109000/2579741 tos=0 (6522s)
  [passA] 1109500/2579741 tos=0 (6522s)
  [passA] 1110000/2579741 tos=0 (6522s)
  [passA] 1110500/2579741 tos=0 (6522s)
  [passA] 1111000/2579741 tos=0 (6523s)
  [passA] 1111500/2579741 tos=0 (6523s)
  [passA] 1112000/2579741 tos=0 (6523s)
  [passA] 1112500/2579741 tos=0 (6523s)
  [passA] 1113000/2579741 tos=0 (6523s)
  [passA] 1113500/2579741 tos=0 (6524s)
  [passA] 1114000/2579741 tos=0 (6524s)
  [passA] 1114500/2579741 tos=0 (6524s)
  [passA] 1115000/2579741 tos=0 (6524s)
  [passA] 1115500/2579741 tos=0 (6524s)
  [passA] 1116000/2579741 tos=0 (6524s)
  [passA] 1116500/2579741 tos=0 (6524s)
  [passA] 1117000/2579741 tos=0 (6525s)
  [passA] 1117500/2579741 tos=0 (6525s)
  [passA] 1118000/2579741 tos=0 (6525s)
  [passA] 1118500/2579741 tos=0 (6525s)
  [passA] 1119000/2579741 tos=0 (6525s)
  [passA] 1119500/2579741 tos=0 (6525s)
  [passA] 1120000/2579741 tos=0 (6525s)
  [passA] 1120500/2579741 tos=0 (6525s)
  [passA] 1121000/2579741 tos=0 (6525s)
  [passA] 1121500/2579741 tos=0 (6526s)
  [passA] 1122000/2579741 tos=0 (6526s)
  [passA] 1122500/2579741 tos=0 (6526s)
  [passA] 1123000/2579741 tos=0 (6526s)
  [passA] 1123500/2579741 tos=0 (6526s)
  [passA] 1124000/2579741 tos=0 (6527s)
  [passA] 1124500/2579741 tos=0 (6527s)
  [passA] 1125000/2579741 tos=0 (6527s)
  [passA] 1125500/2579741 tos=0 (6527s)
  [passA] 1126000/2579741 tos=0 (6527s)
  [passA] 1126500/2579741 tos=0 (6527s)
  [passA] 1127000/2579741 tos=0 (6527s)
  [passA] 1127500/2579741 tos=0 (6527s)
  [passA] 1128000/2579741 tos=0 (6527s)
  [passA] 1128500/2579741 tos=0 (6528s)
  [passA] 1129000/2579741 tos=0 (6528s)
  [passA] 1129500/2579741 tos=0 (6528s)
  [passA] 1130000/2579741 tos=0 (6528s)
  [passA] 1130500/2579741 tos=0 (6528s)
  [passA] 1131000/2579741 tos=0 (6528s)
  [passA] 1131500/2579741 tos=0 (6528s)
  [passA] 1132000/2579741 tos=0 (6528s)
  [passA] 1132500/2579741 tos=0 (6529s)
  [passA] 1133000/2579741 tos=0 (6529s)
  [passA] 1133500/2579741 tos=0 (6529s)
  [passA] 1134000/2579741 tos=0 (6529s)
  [passA] 1134500/2579741 tos=0 (6529s)
  [passA] 1135000/2579741 tos=0 (6529s)
  [passA] 1135500/2579741 tos=0 (6529s)
  [passA] 1136000/2579741 tos=0 (6529s)
  [passA] 1136500/2579741 tos=0 (6529s)
  [passA] 1137000/2579741 tos=0 (6529s)
  [passA] 1137500/2579741 tos=0 (6530s)
  [passA] 1138000/2579741 tos=0 (6530s)
  [passA] 1138500/2579741 tos=0 (6530s)
  [passA] 1139000/2579741 tos=0 (6530s)
  [passA] 1139500/2579741 tos=0 (6530s)
  [passA] 1140000/2579741 tos=0 (6530s)
  [passA] 1140500/2579741 tos=0 (6531s)
  [passA] 1141000/2579741 tos=0 (6531s)
  [passA] 1141500/2579741 tos=0 (6531s)
  [passA] 1142000/2579741 tos=0 (6531s)
  [passA] 1142500/2579741 tos=0 (6531s)
  [passA] 1143000/2579741 tos=0 (6531s)
  [passA] 1143500/2579741 tos=0 (6531s)
  [passA] 1144000/2579741 tos=0 (6531s)
  [passA] 1144500/2579741 tos=0 (6531s)
  [passA] 1145000/2579741 tos=0 (6531s)
  [passA] 1145500/2579741 tos=0 (6532s)
  [passA] 1146000/2579741 tos=0 (6532s)
  [passA] 1146500/2579741 tos=0 (6532s)
  [passA] 1147000/2579741 tos=0 (6532s)
  [passA] 1147500/2579741 tos=0 (6532s)
  [passA] 1148000/2579741 tos=0 (6532s)
  [passA] 1148500/2579741 tos=0 (6532s)
  [passA] 1149000/2579741 tos=0 (6532s)
  [passA] 1149500/2579741 tos=0 (6532s)
  [passA] 1150000/2579741 tos=0 (6533s)
  [passA] 1150500/2579741 tos=0 (6533s)
  [passA] 1151000/2579741 tos=0 (6533s)
  [passA] 1151500/2579741 tos=0 (6533s)
  [passA] 1152000/2579741 tos=0 (6533s)
  [passA] 1152500/2579741 tos=0 (6533s)
  [passA] 1153000/2579741 tos=0 (6533s)
  [passA] 1153500/2579741 tos=0 (6533s)
  [passA] 1154000/2579741 tos=0 (6534s)
  [passA] 1154500/2579741 tos=0 (6534s)
  [passA] 1155000/2579741 tos=0 (6534s)
  [passA] 1155500/2579741 tos=0 (6534s)
  [passA] 1156000/2579741 tos=0 (6534s)
  [passA] 1156500/2579741 tos=0 (6534s)
  [passA] 1157000/2579741 tos=0 (6534s)
  [passA] 1157500/2579741 tos=0 (6534s)
  [passA] 1158000/2579741 tos=0 (6535s)
  [passA] 1158500/2579741 tos=0 (6535s)
  [passA] 1159000/2579741 tos=0 (6535s)
  [passA] 1159500/2579741 tos=0 (6535s)
  [passA] 1160000/2579741 tos=0 (6535s)
  [passA] 1160500/2579741 tos=0 (6535s)
  [passA] 1161000/2579741 tos=0 (6535s)
  [passA] 1161500/2579741 tos=0 (6535s)
  [passA] 1162000/2579741 tos=0 (6535s)
  [passA] 1162500/2579741 tos=0 (6535s)
  [passA] 1163000/2579741 tos=0 (6536s)
  [passA] 1163500/2579741 tos=0 (6536s)
  [passA] 1164000/2579741 tos=0 (6536s)
  [passA] 1164500/2579741 tos=0 (6536s)
  [passA] 1165000/2579741 tos=0 (6536s)
  [passA] 1165500/2579741 tos=0 (6536s)
  [passA] 1166000/2579741 tos=0 (6536s)
  [passA] 1166500/2579741 tos=0 (6536s)
  [passA] 1167000/2579741 tos=0 (6537s)
  [passA] 1167500/2579741 tos=0 (6537s)
  [passA] 1168000/2579741 tos=0 (6537s)
  [passA] 1168500/2579741 tos=0 (6537s)
  [passA] 1169000/2579741 tos=0 (6537s)
  [passA] 1169500/2579741 tos=0 (6537s)
  [passA] 1170000/2579741 tos=0 (6537s)
  [passA] 1170500/2579741 tos=0 (6537s)
  [passA] 1171000/2579741 tos=0 (6537s)
  [passA] 1171500/2579741 tos=0 (6538s)
  [passA] 1172000/2579741 tos=0 (6538s)
  [passA] 1172500/2579741 tos=0 (6538s)
  [passA] 1173000/2579741 tos=0 (6538s)
  [passA] 1173500/2579741 tos=0 (6538s)
  [passA] 1174000/2579741 tos=0 (6538s)
  [passA] 1174500/2579741 tos=0 (6538s)
  [passA] 1175000/2579741 tos=0 (6538s)
  [passA] 1175500/2579741 tos=0 (6539s)
  [passA] 1176000/2579741 tos=0 (6539s)
  [passA] 1176500/2579741 tos=0 (6539s)
  [passA] 1177000/2579741 tos=0 (6539s)
  [passA] 1177500/2579741 tos=0 (6539s)
  [passA] 1178000/2579741 tos=0 (6539s)
  [passA] 1178500/2579741 tos=0 (6539s)
  [passA] 1179000/2579741 tos=0 (6539s)
  [passA] 1179500/2579741 tos=0 (6539s)
  [passA] 1180000/2579741 tos=0 (6540s)
  [passA] 1180500/2579741 tos=0 (6540s)
  [passA] 1181000/2579741 tos=0 (6540s)
  [passA] 1181500/2579741 tos=0 (6540s)
  [passA] 1182000/2579741 tos=0 (6540s)
  [passA] 1182500/2579741 tos=0 (6540s)
  [passA] 1183000/2579741 tos=0 (6540s)
  [passA] 1183500/2579741 tos=0 (6541s)
  [passA] 1184000/2579741 tos=0 (6541s)
  [passA] 1184500/2579741 tos=0 (6541s)
  [passA] 1185000/2579741 tos=0 (6541s)
  [passA] 1185500/2579741 tos=0 (6541s)
  [passA] 1186000/2579741 tos=0 (6541s)
  [passA] 1186500/2579741 tos=0 (6541s)
  [passA] 1187000/2579741 tos=0 (6541s)
  [passA] 1187500/2579741 tos=0 (6541s)
  [passA] 1188000/2579741 tos=0 (6542s)
  [passA] 1188500/2579741 tos=0 (6542s)
  [passA] 1189000/2579741 tos=0 (6542s)
  [passA] 1189500/2579741 tos=0 (6542s)
  [passA] 1190000/2579741 tos=0 (6542s)
  [passA] 1190500/2579741 tos=0 (6542s)
  [passA] 1191000/2579741 tos=0 (6542s)
  [passA] 1191500/2579741 tos=0 (6542s)
  [passA] 1192000/2579741 tos=0 (6542s)
  [passA] 1192500/2579741 tos=0 (6543s)
  [passA] 1193000/2579741 tos=0 (6543s)
  [passA] 1193500/2579741 tos=0 (6543s)
  [passA] 1194000/2579741 tos=0 (6543s)
  [passA] 1194500/2579741 tos=0 (6543s)
  [passA] 1195000/2579741 tos=0 (6543s)
  [passA] 1195500/2579741 tos=0 (6543s)
  [passA] 1196000/2579741 tos=0 (6543s)
  [passA] 1196500/2579741 tos=0 (6543s)
  [passA] 1197000/2579741 tos=0 (6544s)
  [passA] 1197500/2579741 tos=0 (6544s)
  [passA] 1198000/2579741 tos=0 (6544s)
  [passA] 1198500/2579741 tos=0 (6544s)
  [passA] 1199000/2579741 tos=0 (6544s)
  [passA] 1199500/2579741 tos=0 (6544s)
  [passA] 1200000/2579741 tos=0 (6544s)
  [passA] 1200500/2579741 tos=0 (6544s)
  [passA] 1201000/2579741 tos=0 (6544s)
  [passA] 1201500/2579741 tos=0 (6544s)
  [passA] 1202000/2579741 tos=0 (6545s)
  [passA] 1202500/2579741 tos=0 (6545s)
  [passA] 1203000/2579741 tos=0 (6545s)
  [passA] 1203500/2579741 tos=0 (6545s)
  [passA] 1204000/2579741 tos=0 (6545s)
  [passA] 1204500/2579741 tos=0 (6545s)
  [passA] 1205000/2579741 tos=0 (6545s)
  [passA] 1205500/2579741 tos=0 (6545s)
  [passA] 1206000/2579741 tos=0 (6545s)
  [passA] 1206500/2579741 tos=0 (6545s)
  [passA] 1207000/2579741 tos=0 (6545s)
  [passA] 1207500/2579741 tos=0 (6546s)
  [passA] 1208000/2579741 tos=0 (6546s)
  [passA] 1208500/2579741 tos=0 (6546s)
  [passA] 1209000/2579741 tos=0 (6546s)
  [passA] 1209500/2579741 tos=0 (6546s)
  [passA] 1210000/2579741 tos=0 (6546s)
  [passA] 1210500/2579741 tos=0 (6546s)
  [passA] 1211000/2579741 tos=0 (6546s)
  [passA] 1211500/2579741 tos=0 (6546s)
  [passA] 1212000/2579741 tos=0 (6546s)
  [passA] 1212500/2579741 tos=0 (6546s)
  [passA] 1213000/2579741 tos=0 (6547s)
  [passA] 1213500/2579741 tos=0 (6547s)
  [passA] 1214000/2579741 tos=0 (6547s)
  [passA] 1214500/2579741 tos=0 (6547s)
  [passA] 1215000/2579741 tos=0 (6547s)
  [passA] 1215500/2579741 tos=0 (6547s)
  [passA] 1216000/2579741 tos=0 (6547s)
  [passA] 1216500/2579741 tos=0 (6547s)
  [passA] 1217000/2579741 tos=0 (6547s)
  [passA] 1217500/2579741 tos=0 (6548s)
  [passA] 1218000/2579741 tos=0 (6548s)
  [passA] 1218500/2579741 tos=0 (6548s)
  [passA] 1219000/2579741 tos=0 (6548s)
  [passA] 1219500/2579741 tos=0 (6548s)
  [passA] 1220000/2579741 tos=0 (6548s)
  [passA] 1220500/2579741 tos=0 (6548s)
  [passA] 1221000/2579741 tos=0 (6548s)
  [passA] 1221500/2579741 tos=0 (6548s)
  [passA] 1222000/2579741 tos=0 (6548s)
  [passA] 1222500/2579741 tos=0 (6548s)
  [passA] 1223000/2579741 tos=0 (6549s)
  [passA] 1223500/2579741 tos=0 (6549s)
  [passA] 1224000/2579741 tos=0 (6549s)
  [passA] 1224500/2579741 tos=0 (6549s)
  [passA] 1225000/2579741 tos=0 (6549s)
  [passA] 1225500/2579741 tos=0 (6549s)
  [passA] 1226000/2579741 tos=0 (6549s)
  [passA] 1226500/2579741 tos=0 (6549s)
  [passA] 1227000/2579741 tos=0 (6549s)
  [passA] 1227500/2579741 tos=0 (6549s)
  [passA] 1228000/2579741 tos=0 (6549s)
  [passA] 1228500/2579741 tos=0 (6550s)
  [passA] 1229000/2579741 tos=0 (6550s)
  [passA] 1229500/2579741 tos=0 (6550s)
  [passA] 1230000/2579741 tos=0 (6550s)
  [passA] 1230500/2579741 tos=0 (6550s)
  [passA] 1231000/2579741 tos=0 (6550s)
  [passA] 1231500/2579741 tos=0 (6550s)
  [passA] 1232000/2579741 tos=0 (6550s)
  [passA] 1232500/2579741 tos=0 (6550s)
  [passA] 1233000/2579741 tos=0 (6550s)
  [passA] 1233500/2579741 tos=0 (6550s)
  [passA] 1234000/2579741 tos=0 (6551s)
  [passA] 1234500/2579741 tos=0 (6551s)
  [passA] 1235000/2579741 tos=0 (6551s)
  [passA] 1235500/2579741 tos=0 (6551s)
  [passA] 1236000/2579741 tos=0 (6551s)
  [passA] 1236500/2579741 tos=0 (6551s)
  [passA] 1237000/2579741 tos=0 (6551s)
  [passA] 1237500/2579741 tos=0 (6551s)
  [passA] 1238000/2579741 tos=0 (6551s)
  [passA] 1238500/2579741 tos=0 (6551s)
  [passA] 1239000/2579741 tos=0 (6551s)
  [passA] 1239500/2579741 tos=0 (6551s)
  [passA] 1240000/2579741 tos=0 (6552s)
  [passA] 1240500/2579741 tos=0 (6552s)
  [passA] 1241000/2579741 tos=0 (6552s)
  [passA] 1241500/2579741 tos=0 (6552s)
  [passA] 1242000/2579741 tos=0 (6552s)
  [passA] 1242500/2579741 tos=0 (6552s)
  [passA] 1243000/2579741 tos=0 (6552s)
  [passA] 1243500/2579741 tos=0 (6552s)
  [passA] 1244000/2579741 tos=0 (6552s)
  [passA] 1244500/2579741 tos=0 (6553s)
  [passA] 1245000/2579741 tos=0 (6553s)
  [passA] 1245500/2579741 tos=0 (6553s)
  [passA] 1246000/2579741 tos=0 (6553s)
  [passA] 1246500/2579741 tos=0 (6553s)
  [passA] 1247000/2579741 tos=0 (6553s)
  [passA] 1247500/2579741 tos=0 (6553s)
  [passA] 1248000/2579741 tos=0 (6553s)
  [passA] 1248500/2579741 tos=0 (6554s)
  [passA] 1249000/2579741 tos=0 (6554s)
  [passA] 1249500/2579741 tos=0 (6554s)
  [passA] 1250000/2579741 tos=0 (6554s)
  [passA] 1250500/2579741 tos=0 (6554s)
  [passA] 1251000/2579741 tos=0 (6554s)
  [passA] 1251500/2579741 tos=0 (6554s)
  [passA] 1252000/2579741 tos=0 (6554s)
  [passA] 1252500/2579741 tos=0 (6554s)
  [passA] 1253000/2579741 tos=0 (6555s)
  [passA] 1253500/2579741 tos=0 (6555s)
  [passA] 1254000/2579741 tos=0 (6555s)
  [passA] 1254500/2579741 tos=0 (6555s)
  [passA] 1255000/2579741 tos=0 (6555s)
  [passA] 1255500/2579741 tos=0 (6555s)
  [passA] 1256000/2579741 tos=0 (6555s)
  [passA] 1256500/2579741 tos=0 (6555s)
  [passA] 1257000/2579741 tos=0 (6555s)
  [passA] 1257500/2579741 tos=0 (6555s)
  [passA] 1258000/2579741 tos=0 (6555s)
  [passA] 1258500/2579741 tos=0 (6555s)
  [passA] 1259000/2579741 tos=0 (6556s)
  [passA] 1259500/2579741 tos=0 (6556s)
  [passA] 1260000/2579741 tos=0 (6556s)
  [passA] 1260500/2579741 tos=0 (6556s)
  [passA] 1261000/2579741 tos=0 (6556s)
  [passA] 1261500/2579741 tos=0 (6556s)
  [passA] 1262000/2579741 tos=0 (6556s)
  [passA] 1262500/2579741 tos=0 (6556s)
  [passA] 1263000/2579741 tos=0 (6556s)
  [passA] 1263500/2579741 tos=0 (6556s)
  [passA] 1264000/2579741 tos=0 (6556s)
  [passA] 1264500/2579741 tos=0 (6556s)
  [passA] 1265000/2579741 tos=0 (6557s)
  [passA] 1265500/2579741 tos=0 (6557s)
  [passA] 1266000/2579741 tos=0 (6557s)
  [passA] 1266500/2579741 tos=0 (6557s)
  [passA] 1267000/2579741 tos=0 (6557s)
  [passA] 1267500/2579741 tos=0 (6557s)
  [passA] 1268000/2579741 tos=0 (6557s)
  [passA] 1268500/2579741 tos=0 (6557s)
  [passA] 1269000/2579741 tos=0 (6557s)
  [passA] 1269500/2579741 tos=0 (6557s)
  [passA] 1270000/2579741 tos=0 (6558s)
  [passA] 1270500/2579741 tos=0 (6558s)
  [passA] 1271000/2579741 tos=0 (6558s)
  [passA] 1271500/2579741 tos=0 (6558s)
  [passA] 1272000/2579741 tos=0 (6558s)
  [passA] 1272500/2579741 tos=0 (6558s)
  [passA] 1273000/2579741 tos=0 (6558s)
  [passA] 1273500/2579741 tos=0 (6558s)
  [passA] 1274000/2579741 tos=0 (6558s)
  [passA] 1274500/2579741 tos=0 (6559s)
  [passA] 1275000/2579741 tos=0 (6559s)
  [passA] 1275500/2579741 tos=0 (6559s)
  [passA] 1276000/2579741 tos=0 (6559s)
  [passA] 1276500/2579741 tos=0 (6559s)
  [passA] 1277000/2579741 tos=0 (6559s)
  [passA] 1277500/2579741 tos=0 (6559s)
  [passA] 1278000/2579741 tos=0 (6559s)
  [passA] 1278500/2579741 tos=0 (6559s)
  [passA] 1279000/2579741 tos=0 (6559s)
  [passA] 1279500/2579741 tos=0 (6559s)
  [passA] 1280000/2579741 tos=0 (6560s)
  [passA] 1280500/2579741 tos=0 (6560s)
  [passA] 1281000/2579741 tos=0 (6560s)
  [passA] 1281500/2579741 tos=0 (6560s)
  [passA] 1282000/2579741 tos=0 (6560s)
  [passA] 1282500/2579741 tos=0 (6560s)
  [passA] 1283000/2579741 tos=0 (6560s)
  [passA] 1283500/2579741 tos=0 (6560s)
  [passA] 1284000/2579741 tos=0 (6560s)
  [passA] 1284500/2579741 tos=0 (6560s)
  [passA] 1285000/2579741 tos=0 (6560s)
  [passA] 1285500/2579741 tos=0 (6560s)
  [passA] 1286000/2579741 tos=0 (6560s)
  [passA] 1286500/2579741 tos=0 (6561s)
  [passA] 1287000/2579741 tos=0 (6561s)
  [passA] 1287500/2579741 tos=0 (6561s)
  [passA] 1288000/2579741 tos=0 (6561s)
  [passA] 1288500/2579741 tos=0 (6561s)
  [passA] 1289000/2579741 tos=0 (6561s)
  [passA] 1289500/2579741 tos=0 (6561s)
  [passA] 1290000/2579741 tos=0 (6561s)
  [passA] 1290500/2579741 tos=0 (6562s)
  [passA] 1291000/2579741 tos=0 (6562s)
  [passA] 1291500/2579741 tos=0 (6562s)
  [passA] 1292000/2579741 tos=0 (6562s)
  [passA] 1292500/2579741 tos=0 (6562s)
  [passA] 1293000/2579741 tos=0 (6562s)
  [passA] 1293500/2579741 tos=0 (6562s)
  [passA] 1294000/2579741 tos=0 (6562s)
  [passA] 1294500/2579741 tos=0 (6562s)
  [passA] 1295000/2579741 tos=0 (6562s)
  [passA] 1295500/2579741 tos=0 (6562s)
  [passA] 1296000/2579741 tos=0 (6562s)
  [passA] 1296500/2579741 tos=0 (6562s)
  [passA] 1297000/2579741 tos=0 (6563s)
  [passA] 1297500/2579741 tos=0 (6563s)
  [passA] 1298000/2579741 tos=0 (6563s)
  [passA] 1298500/2579741 tos=0 (6563s)
  [passA] 1299000/2579741 tos=0 (6563s)
  [passA] 1299500/2579741 tos=0 (6563s)
  [passA] 1300000/2579741 tos=0 (6563s)
  [passA] 1300500/2579741 tos=0 (6563s)
  [passA] 1301000/2579741 tos=0 (6563s)
  [passA] 1301500/2579741 tos=0 (6563s)
  [passA] 1302000/2579741 tos=0 (6563s)
  [passA] 1302500/2579741 tos=0 (6563s)
  [passA] 1303000/2579741 tos=0 (6563s)
  [passA] 1303500/2579741 tos=0 (6563s)
  [passA] 1304000/2579741 tos=0 (6563s)
  [passA] 1304500/2579741 tos=0 (6564s)
  [passA] 1305000/2579741 tos=0 (6564s)
  [passA] 1305500/2579741 tos=0 (6564s)
  [passA] 1306000/2579741 tos=0 (6564s)
  [passA] 1306500/2579741 tos=0 (6564s)
  [passA] 1307000/2579741 tos=0 (6564s)
  [passA] 1307500/2579741 tos=0 (6564s)
  [passA] 1308000/2579741 tos=0 (6564s)
  [passA] 1308500/2579741 tos=0 (6564s)
  [passA] 1309000/2579741 tos=0 (6564s)
  [passA] 1309500/2579741 tos=0 (6564s)
  [passA] 1310000/2579741 tos=0 (6564s)
  [passA] 1310500/2579741 tos=0 (6565s)
  [passA] 1311000/2579741 tos=0 (6565s)
  [passA] 1311500/2579741 tos=0 (6565s)
  [passA] 1312000/2579741 tos=0 (6565s)
  [passA] 1312500/2579741 tos=0 (6565s)
  [passA] 1313000/2579741 tos=0 (6565s)
  [passA] 1313500/2579741 tos=0 (6565s)
  [passA] 1314000/2579741 tos=0 (6565s)
  [passA] 1314500/2579741 tos=0 (6565s)
  [passA] 1315000/2579741 tos=0 (6565s)
  [passA] 1315500/2579741 tos=0 (6565s)
  [passA] 1316000/2579741 tos=0 (6565s)
  [passA] 1316500/2579741 tos=0 (6565s)
  [passA] 1317000/2579741 tos=0 (6566s)
  [passA] 1317500/2579741 tos=0 (6566s)
  [passA] 1318000/2579741 tos=0 (6566s)
  [passA] 1318500/2579741 tos=0 (6566s)
  [passA] 1319000/2579741 tos=0 (6566s)
  [passA] 1319500/2579741 tos=0 (6566s)
  [passA] 1320000/2579741 tos=0 (6566s)
  [passA] 1320500/2579741 tos=0 (6566s)
  [passA] 1321000/2579741 tos=0 (6566s)
  [passA] 1321500/2579741 tos=0 (6566s)
  [passA] 1322000/2579741 tos=0 (6566s)
  [passA] 1322500/2579741 tos=0 (6566s)
  [passA] 1323000/2579741 tos=0 (6566s)
  [passA] 1323500/2579741 tos=0 (6567s)
  [passA] 1324000/2579741 tos=0 (6567s)
  [passA] 1324500/2579741 tos=0 (6567s)
  [passA] 1325000/2579741 tos=0 (6567s)
  [passA] 1325500/2579741 tos=0 (6567s)
  [passA] 1326000/2579741 tos=0 (6567s)
  [passA] 1326500/2579741 tos=0 (6567s)
  [passA] 1327000/2579741 tos=0 (6567s)
  [passA] 1327500/2579741 tos=0 (6567s)
  [passA] 1328000/2579741 tos=0 (6567s)
  [passA] 1328500/2579741 tos=0 (6567s)
  [passA] 1329000/2579741 tos=0 (6567s)
  [passA] 1329500/2579741 tos=0 (6568s)
  [passA] 1330000/2579741 tos=0 (6568s)
  [passA] 1330500/2579741 tos=0 (6568s)
  [passA] 1331000/2579741 tos=0 (6568s)
  [passA] 1331500/2579741 tos=0 (6568s)
  [passA] 1332000/2579741 tos=0 (6568s)
  [passA] 1332500/2579741 tos=0 (6568s)
  [passA] 1333000/2579741 tos=0 (6568s)
  [passA] 1333500/2579741 tos=0 (6568s)
  [passA] 1334000/2579741 tos=0 (6568s)
  [passA] 1334500/2579741 tos=0 (6568s)
  [passA] 1335000/2579741 tos=0 (6568s)
  [passA] 1335500/2579741 tos=0 (6569s)
  [passA] 1336000/2579741 tos=0 (6569s)
  [passA] 1336500/2579741 tos=0 (6569s)
  [passA] 1337000/2579741 tos=0 (6569s)
  [passA] 1337500/2579741 tos=0 (6569s)
  [passA] 1338000/2579741 tos=0 (6569s)
  [passA] 1338500/2579741 tos=0 (6569s)
  [passA] 1339000/2579741 tos=0 (6569s)
  [passA] 1339500/2579741 tos=0 (6569s)
  [passA] 1340000/2579741 tos=0 (6569s)
  [passA] 1340500/2579741 tos=0 (6569s)
  [passA] 1341000/2579741 tos=0 (6569s)
  [passA] 1341500/2579741 tos=0 (6570s)
  [passA] 1342000/2579741 tos=0 (6570s)
  [passA] 1342500/2579741 tos=0 (6570s)
  [passA] 1343000/2579741 tos=0 (6570s)
  [passA] 1343500/2579741 tos=0 (6570s)
  [passA] 1344000/2579741 tos=0 (6570s)
  [passA] 1344500/2579741 tos=0 (6570s)
  [passA] 1345000/2579741 tos=0 (6570s)
  [passA] 1345500/2579741 tos=0 (6570s)
  [passA] 1346000/2579741 tos=0 (6570s)
  [passA] 1346500/2579741 tos=0 (6570s)
  [passA] 1347000/2579741 tos=0 (6570s)
  [passA] 1347500/2579741 tos=0 (6571s)
  [passA] 1348000/2579741 tos=0 (6571s)
  [passA] 1348500/2579741 tos=0 (6571s)
  [passA] 1349000/2579741 tos=0 (6571s)
  [passA] 1349500/2579741 tos=0 (6571s)
  [passA] 1350000/2579741 tos=0 (6571s)
  [passA] 1350500/2579741 tos=0 (6571s)
  [passA] 1351000/2579741 tos=0 (6571s)
  [passA] 1351500/2579741 tos=0 (6571s)
  [passA] 1352000/2579741 tos=0 (6571s)
  [passA] 1352500/2579741 tos=0 (6571s)
  [passA] 1353000/2579741 tos=0 (6572s)
  [passA] 1353500/2579741 tos=0 (6572s)
  [passA] 1354000/2579741 tos=0 (6572s)
  [passA] 1354500/2579741 tos=0 (6572s)
  [passA] 1355000/2579741 tos=0 (6572s)
  [passA] 1355500/2579741 tos=0 (6572s)
  [passA] 1356000/2579741 tos=0 (6572s)
  [passA] 1356500/2579741 tos=0 (6572s)
  [passA] 1357000/2579741 tos=0 (6572s)
  [passA] 1357500/2579741 tos=0 (6572s)
  [passA] 1358000/2579741 tos=0 (6572s)
  [passA] 1358500/2579741 tos=0 (6572s)
  [passA] 1359000/2579741 tos=0 (6572s)
  [passA] 1359500/2579741 tos=0 (6573s)
  [passA] 1360000/2579741 tos=0 (6573s)
  [passA] 1360500/2579741 tos=0 (6573s)
  [passA] 1361000/2579741 tos=0 (6573s)
  [passA] 1361500/2579741 tos=0 (6573s)
  [passA] 1362000/2579741 tos=0 (6573s)
  [passA] 1362500/2579741 tos=0 (6573s)
  [passA] 1363000/2579741 tos=0 (6573s)
  [passA] 1363500/2579741 tos=0 (6573s)
  [passA] 1364000/2579741 tos=0 (6573s)
  [passA] 1364500/2579741 tos=0 (6573s)
  [passA] 1365000/2579741 tos=0 (6573s)
  [passA] 1365500/2579741 tos=0 (6573s)
  [passA] 1366000/2579741 tos=0 (6574s)
  [passA] 1366500/2579741 tos=0 (6574s)
  [passA] 1367000/2579741 tos=0 (6574s)
  [passA] 1367500/2579741 tos=0 (6574s)
  [passA] 1368000/2579741 tos=0 (6574s)
  [passA] 1368500/2579741 tos=0 (6574s)
  [passA] 1369000/2579741 tos=0 (6574s)
  [passA] 1369500/2579741 tos=0 (6574s)
  [passA] 1370000/2579741 tos=0 (6574s)
  [passA] 1370500/2579741 tos=0 (6574s)
  [passA] 1371000/2579741 tos=0 (6574s)
  [passA] 1371500/2579741 tos=0 (6574s)
  [passA] 1372000/2579741 tos=0 (6574s)
  [passA] 1372500/2579741 tos=0 (6574s)
  [passA] 1373000/2579741 tos=0 (6574s)
  [passA] 1373500/2579741 tos=0 (6574s)
  [passA] 1374000/2579741 tos=0 (6575s)
  [passA] 1374500/2579741 tos=0 (6575s)
  [passA] 1375000/2579741 tos=0 (6575s)
  [passA] 1375500/2579741 tos=0 (6575s)
  [passA] 1376000/2579741 tos=0 (6575s)
  [passA] 1376500/2579741 tos=0 (6575s)
  [passA] 1377000/2579741 tos=0 (6575s)
  [passA] 1377500/2579741 tos=0 (6575s)
  [passA] 1378000/2579741 tos=0 (6575s)
  [passA] 1378500/2579741 tos=0 (6575s)
  [passA] 1379000/2579741 tos=0 (6575s)
  [passA] 1379500/2579741 tos=0 (6575s)
  [passA] 1380000/2579741 tos=0 (6575s)
  [passA] 1380500/2579741 tos=0 (6576s)
  [passA] 1381000/2579741 tos=0 (6576s)
  [passA] 1381500/2579741 tos=0 (6576s)
  [passA] 1382000/2579741 tos=0 (6576s)
  [passA] 1382500/2579741 tos=0 (6576s)
  [passA] 1383000/2579741 tos=0 (6576s)
  [passA] 1383500/2579741 tos=0 (6576s)
  [passA] 1384000/2579741 tos=0 (6576s)
  [passA] 1384500/2579741 tos=0 (6576s)
  [passA] 1385000/2579741 tos=0 (6576s)
  [passA] 1385500/2579741 tos=0 (6576s)
  [passA] 1386000/2579741 tos=0 (6576s)
  [passA] 1386500/2579741 tos=0 (6576s)
  [passA] 1387000/2579741 tos=0 (6577s)
  [passA] 1387500/2579741 tos=0 (6577s)
  [passA] 1388000/2579741 tos=0 (6577s)
  [passA] 1388500/2579741 tos=0 (6577s)
  [passA] 1389000/2579741 tos=0 (6577s)
  [passA] 1389500/2579741 tos=0 (6577s)
  [passA] 1390000/2579741 tos=0 (6577s)
  [passA] 1390500/2579741 tos=0 (6577s)
  [passA] 1391000/2579741 tos=0 (6577s)
  [passA] 1391500/2579741 tos=0 (6577s)
  [passA] 1392000/2579741 tos=0 (6577s)
  [passA] 1392500/2579741 tos=0 (6577s)
  [passA] 1393000/2579741 tos=0 (6577s)
  [passA] 1393500/2579741 tos=0 (6577s)
  [passA] 1394000/2579741 tos=0 (6578s)
  [passA] 1394500/2579741 tos=0 (6578s)
  [passA] 1395000/2579741 tos=0 (6578s)
  [passA] 1395500/2579741 tos=0 (6578s)
  [passA] 1396000/2579741 tos=0 (6578s)
  [passA] 1396500/2579741 tos=0 (6578s)
  [passA] 1397000/2579741 tos=0 (6578s)
  [passA] 1397500/2579741 tos=0 (6578s)
  [passA] 1398000/2579741 tos=0 (6578s)
  [passA] 1398500/2579741 tos=0 (6578s)
  [passA] 1399000/2579741 tos=0 (6578s)
  [passA] 1399500/2579741 tos=0 (6578s)
  [passA] 1400000/2579741 tos=0 (6578s)
  [passA] 1400500/2579741 tos=0 (6578s)
  [passA] 1401000/2579741 tos=0 (6579s)
  [passA] 1401500/2579741 tos=0 (6579s)
  [passA] 1402000/2579741 tos=0 (6579s)
  [passA] 1402500/2579741 tos=0 (6579s)
  [passA] 1403000/2579741 tos=0 (6579s)
  [passA] 1403500/2579741 tos=0 (6579s)
  [passA] 1404000/2579741 tos=0 (6579s)
  [passA] 1404500/2579741 tos=0 (6579s)
  [passA] 1405000/2579741 tos=0 (6579s)
  [passA] 1405500/2579741 tos=0 (6579s)
  [passA] 1406000/2579741 tos=0 (6579s)
  [passA] 1406500/2579741 tos=0 (6579s)
  [passA] 1407000/2579741 tos=0 (6580s)
  [passA] 1407500/2579741 tos=0 (6580s)
  [passA] 1408000/2579741 tos=0 (6580s)
  [passA] 1408500/2579741 tos=0 (6580s)
  [passA] 1409000/2579741 tos=0 (6580s)
  [passA] 1409500/2579741 tos=0 (6580s)
  [passA] 1410000/2579741 tos=0 (6580s)
  [passA] 1410500/2579741 tos=0 (6580s)
  [passA] 1411000/2579741 tos=0 (6580s)
  [passA] 1411500/2579741 tos=0 (6580s)
  [passA] 1412000/2579741 tos=0 (6580s)
  [passA] 1412500/2579741 tos=0 (6580s)
  [passA] 1413000/2579741 tos=0 (6580s)
  [passA] 1413500/2579741 tos=0 (6581s)
  [passA] 1414000/2579741 tos=0 (6581s)
  [passA] 1414500/2579741 tos=0 (6581s)
  [passA] 1415000/2579741 tos=0 (6581s)
  [passA] 1415500/2579741 tos=0 (6581s)
  [passA] 1416000/2579741 tos=0 (6581s)
  [passA] 1416500/2579741 tos=0 (6581s)
  [passA] 1417000/2579741 tos=0 (6581s)
  [passA] 1417500/2579741 tos=0 (6581s)
  [passA] 1418000/2579741 tos=0 (6581s)
  [passA] 1418500/2579741 tos=0 (6581s)
  [passA] 1419000/2579741 tos=0 (6581s)
  [passA] 1419500/2579741 tos=0 (6581s)
  [passA] 1420000/2579741 tos=0 (6581s)
  [passA] 1420500/2579741 tos=0 (6582s)
  [passA] 1421000/2579741 tos=0 (6582s)
  [passA] 1421500/2579741 tos=0 (6582s)
  [passA] 1422000/2579741 tos=0 (6582s)
  [passA] 1422500/2579741 tos=0 (6582s)
  [passA] 1423000/2579741 tos=0 (6582s)
  [passA] 1423500/2579741 tos=0 (6582s)
  [passA] 1424000/2579741 tos=0 (6582s)
  [passA] 1424500/2579741 tos=0 (6582s)
  [passA] 1425000/2579741 tos=0 (6582s)
  [passA] 1425500/2579741 tos=0 (6582s)
  [passA] 1426000/2579741 tos=0 (6582s)
  [passA] 1426500/2579741 tos=0 (6582s)
  [passA] 1427000/2579741 tos=0 (6582s)
  [passA] 1427500/2579741 tos=0 (6582s)
  [passA] 1428000/2579741 tos=0 (6582s)
  [passA] 1428500/2579741 tos=0 (6583s)
  [passA] 1429000/2579741 tos=0 (6583s)
  [passA] 1429500/2579741 tos=0 (6583s)
  [passA] 1430000/2579741 tos=0 (6583s)
  [passA] 1430500/2579741 tos=0 (6583s)
  [passA] 1431000/2579741 tos=0 (6583s)
  [passA] 1431500/2579741 tos=0 (6583s)
  [passA] 1432000/2579741 tos=0 (6583s)
  [passA] 1432500/2579741 tos=0 (6583s)
  [passA] 1433000/2579741 tos=0 (6583s)
  [passA] 1433500/2579741 tos=0 (6583s)
  [passA] 1434000/2579741 tos=0 (6583s)
  [passA] 1434500/2579741 tos=0 (6584s)
  [passA] 1435000/2579741 tos=0 (6584s)
  [passA] 1435500/2579741 tos=0 (6584s)
  [passA] 1436000/2579741 tos=0 (6584s)
  [passA] 1436500/2579741 tos=0 (6584s)
  [passA] 1437000/2579741 tos=0 (6584s)
  [passA] 1437500/2579741 tos=0 (6584s)
  [passA] 1438000/2579741 tos=0 (6584s)
  [passA] 1438500/2579741 tos=0 (6584s)
  [passA] 1439000/2579741 tos=0 (6584s)
  [passA] 1439500/2579741 tos=0 (6584s)
  [passA] 1440000/2579741 tos=0 (6584s)
  [passA] 1440500/2579741 tos=0 (6584s)
  [passA] 1441000/2579741 tos=0 (6584s)
  [passA] 1441500/2579741 tos=0 (6584s)
  [passA] 1442000/2579741 tos=0 (6584s)
  [passA] 1442500/2579741 tos=0 (6584s)
  [passA] 1443000/2579741 tos=0 (6585s)
  [passA] 1443500/2579741 tos=0 (6585s)
  [passA] 1444000/2579741 tos=0 (6585s)
  [passA] 1444500/2579741 tos=0 (6585s)
  [passA] 1445000/2579741 tos=0 (6585s)
  [passA] 1445500/2579741 tos=0 (6585s)
  [passA] 1446000/2579741 tos=0 (6585s)
  [passA] 1446500/2579741 tos=0 (6585s)
  [passA] 1447000/2579741 tos=0 (6585s)
  [passA] 1447500/2579741 tos=0 (6585s)
  [passA] 1448000/2579741 tos=0 (6585s)
  [passA] 1448500/2579741 tos=0 (6585s)
  [passA] 1449000/2579741 tos=0 (6585s)
  [passA] 1449500/2579741 tos=0 (6585s)
  [passA] 1450000/2579741 tos=0 (6586s)
  [passA] 1450500/2579741 tos=0 (6586s)
  [passA] 1451000/2579741 tos=0 (6586s)
  [passA] 1451500/2579741 tos=0 (6586s)
  [passA] 1452000/2579741 tos=0 (6586s)
  [passA] 1452500/2579741 tos=0 (6586s)
  [passA] 1453000/2579741 tos=0 (6586s)
  [passA] 1453500/2579741 tos=0 (6586s)
  [passA] 1454000/2579741 tos=0 (6586s)
  [passA] 1454500/2579741 tos=0 (6586s)
  [passA] 1455000/2579741 tos=0 (6586s)
  [passA] 1455500/2579741 tos=0 (6586s)
  [passA] 1456000/2579741 tos=0 (6586s)
  [passA] 1456500/2579741 tos=0 (6586s)
  [passA] 1457000/2579741 tos=0 (6586s)
  [passA] 1457500/2579741 tos=0 (6586s)
  [passA] 1458000/2579741 tos=0 (6587s)
  [passA] 1458500/2579741 tos=0 (6587s)
  [passA] 1459000/2579741 tos=0 (6587s)
  [passA] 1459500/2579741 tos=0 (6587s)
  [passA] 1460000/2579741 tos=0 (6587s)
  [passA] 1460500/2579741 tos=0 (6587s)
  [passA] 1461000/2579741 tos=0 (6587s)
  [passA] 1461500/2579741 tos=0 (6587s)
  [passA] 1462000/2579741 tos=0 (6587s)
  [passA] 1462500/2579741 tos=0 (6587s)
  [passA] 1463000/2579741 tos=0 (6587s)
  [passA] 1463500/2579741 tos=0 (6587s)
  [passA] 1464000/2579741 tos=0 (6587s)
  [passA] 1464500/2579741 tos=0 (6587s)
  [passA] 1465000/2579741 tos=0 (6587s)
  [passA] 1465500/2579741 tos=0 (6587s)
  [passA] 1466000/2579741 tos=0 (6588s)
  [passA] 1466500/2579741 tos=0 (6588s)
  [passA] 1467000/2579741 tos=0 (6588s)
  [passA] 1467500/2579741 tos=0 (6588s)
  [passA] 1468000/2579741 tos=0 (6588s)
  [passA] 1468500/2579741 tos=0 (6588s)
  [passA] 1469000/2579741 tos=0 (6588s)
  [passA] 1469500/2579741 tos=0 (6588s)
  [passA] 1470000/2579741 tos=0 (6588s)
  [passA] 1470500/2579741 tos=0 (6588s)
  [passA] 1471000/2579741 tos=0 (6588s)
  [passA] 1471500/2579741 tos=0 (6588s)
  [passA] 1472000/2579741 tos=0 (6588s)
  [passA] 1472500/2579741 tos=0 (6589s)
  [passA] 1473000/2579741 tos=0 (6589s)
  [passA] 1473500/2579741 tos=0 (6589s)
  [passA] 1474000/2579741 tos=0 (6589s)
  [passA] 1474500/2579741 tos=0 (6589s)
  [passA] 1475000/2579741 tos=0 (6589s)
  [passA] 1475500/2579741 tos=0 (6589s)
  [passA] 1476000/2579741 tos=0 (6589s)
  [passA] 1476500/2579741 tos=0 (6589s)
  [passA] 1477000/2579741 tos=0 (6589s)
  [passA] 1477500/2579741 tos=0 (6589s)
  [passA] 1478000/2579741 tos=0 (6589s)
  [passA] 1478500/2579741 tos=0 (6589s)
  [passA] 1479000/2579741 tos=0 (6589s)
  [passA] 1479500/2579741 tos=0 (6589s)
  [passA] 1480000/2579741 tos=0 (6589s)
  [passA] 1480500/2579741 tos=0 (6590s)
  [passA] 1481000/2579741 tos=0 (6590s)
  [passA] 1481500/2579741 tos=0 (6590s)
  [passA] 1482000/2579741 tos=0 (6590s)
  [passA] 1482500/2579741 tos=0 (6590s)
  [passA] 1483000/2579741 tos=0 (6590s)
  [passA] 1483500/2579741 tos=0 (6590s)
  [passA] 1484000/2579741 tos=0 (6590s)
  [passA] 1484500/2579741 tos=0 (6590s)
  [passA] 1485000/2579741 tos=0 (6590s)
  [passA] 1485500/2579741 tos=0 (6590s)
  [passA] 1486000/2579741 tos=0 (6590s)
  [passA] 1486500/2579741 tos=0 (6590s)
  [passA] 1487000/2579741 tos=0 (6590s)
  [passA] 1487500/2579741 tos=0 (6590s)
  [passA] 1488000/2579741 tos=0 (6590s)
  [passA] 1488500/2579741 tos=0 (6590s)
  [passA] 1489000/2579741 tos=0 (6591s)
  [passA] 1489500/2579741 tos=0 (6591s)
  [passA] 1490000/2579741 tos=0 (6591s)
  [passA] 1490500/2579741 tos=0 (6591s)
  [passA] 1491000/2579741 tos=0 (6591s)
  [passA] 1491500/2579741 tos=0 (6591s)
  [passA] 1492000/2579741 tos=0 (6591s)
  [passA] 1492500/2579741 tos=0 (6591s)
  [passA] 1493000/2579741 tos=0 (6591s)
  [passA] 1493500/2579741 tos=0 (6591s)
  [passA] 1494000/2579741 tos=0 (6591s)
  [passA] 1494500/2579741 tos=0 (6591s)
  [passA] 1495000/2579741 tos=0 (6591s)
  [passA] 1495500/2579741 tos=0 (6592s)
  [passA] 1496000/2579741 tos=0 (6592s)
  [passA] 1496500/2579741 tos=0 (6592s)
  [passA] 1497000/2579741 tos=0 (6592s)
  [passA] 1497500/2579741 tos=0 (6592s)
  [passA] 1498000/2579741 tos=0 (6592s)
  [passA] 1498500/2579741 tos=0 (6592s)
  [passA] 1499000/2579741 tos=0 (6592s)
  [passA] 1499500/2579741 tos=0 (6592s)
  [passA] 1500000/2579741 tos=0 (6592s)
  [passA] 1500500/2579741 tos=0 (6592s)
  [passA] 1501000/2579741 tos=0 (6592s)
  [passA] 1501500/2579741 tos=0 (6592s)
  [passA] 1502000/2579741 tos=0 (6592s)
  [passA] 1502500/2579741 tos=0 (6592s)
  [passA] 1503000/2579741 tos=0 (6592s)
  [passA] 1503500/2579741 tos=0 (6592s)
  [passA] 1504000/2579741 tos=0 (6592s)
  [passA] 1504500/2579741 tos=0 (6593s)
  [passA] 1505000/2579741 tos=0 (6593s)
  [passA] 1505500/2579741 tos=0 (6593s)
  [passA] 1506000/2579741 tos=0 (6593s)
  [passA] 1506500/2579741 tos=0 (6593s)
  [passA] 1507000/2579741 tos=0 (6593s)
  [passA] 1507500/2579741 tos=0 (6593s)
  [passA] 1508000/2579741 tos=0 (6593s)
  [passA] 1508500/2579741 tos=0 (6593s)
  [passA] 1509000/2579741 tos=0 (6593s)
  [passA] 1509500/2579741 tos=0 (6593s)
  [passA] 1510000/2579741 tos=0 (6593s)
  [passA] 1510500/2579741 tos=0 (6593s)
  [passA] 1511000/2579741 tos=0 (6593s)
  [passA] 1511500/2579741 tos=0 (6594s)
  [passA] 1512000/2579741 tos=0 (6594s)
  [passA] 1512500/2579741 tos=0 (6594s)
  [passA] 1513000/2579741 tos=0 (6594s)
  [passA] 1513500/2579741 tos=0 (6594s)
  [passA] 1514000/2579741 tos=0 (6594s)
  [passA] 1514500/2579741 tos=0 (6594s)
  [passA] 1515000/2579741 tos=0 (6594s)
  [passA] 1515500/2579741 tos=0 (6594s)
  [passA] 1516000/2579741 tos=0 (6594s)
  [passA] 1516500/2579741 tos=0 (6594s)
  [passA] 1517000/2579741 tos=0 (6594s)
  [passA] 1517500/2579741 tos=0 (6594s)
  [passA] 1518000/2579741 tos=0 (6594s)
  [passA] 1518500/2579741 tos=0 (6594s)
  [passA] 1519000/2579741 tos=0 (6594s)
  [passA] 1519500/2579741 tos=0 (6594s)
  [passA] 1520000/2579741 tos=0 (6595s)
  [passA] 1520500/2579741 tos=0 (6595s)
  [passA] 1521000/2579741 tos=0 (6595s)
  [passA] 1521500/2579741 tos=0 (6595s)
  [passA] 1522000/2579741 tos=0 (6595s)
  [passA] 1522500/2579741 tos=0 (6595s)
  [passA] 1523000/2579741 tos=0 (6595s)
  [passA] 1523500/2579741 tos=0 (6595s)
  [passA] 1524000/2579741 tos=0 (6595s)
  [passA] 1524500/2579741 tos=0 (6595s)
  [passA] 1525000/2579741 tos=0 (6595s)
  [passA] 1525500/2579741 tos=0 (6595s)
  [passA] 1526000/2579741 tos=0 (6595s)
  [passA] 1526500/2579741 tos=0 (6595s)
  [passA] 1527000/2579741 tos=0 (6595s)
  [passA] 1527500/2579741 tos=0 (6595s)
  [passA] 1528000/2579741 tos=0 (6595s)
  [passA] 1528500/2579741 tos=0 (6595s)
  [passA] 1529000/2579741 tos=0 (6596s)
  [passA] 1529500/2579741 tos=0 (6596s)
  [passA] 1530000/2579741 tos=0 (6596s)
  [passA] 1530500/2579741 tos=0 (6596s)
  [passA] 1531000/2579741 tos=0 (6596s)
  [passA] 1531500/2579741 tos=0 (6596s)
  [passA] 1532000/2579741 tos=0 (6596s)
  [passA] 1532500/2579741 tos=0 (6596s)
  [passA] 1533000/2579741 tos=0 (6596s)
  [passA] 1533500/2579741 tos=0 (6596s)
  [passA] 1534000/2579741 tos=0 (6596s)
  [passA] 1534500/2579741 tos=0 (6596s)
  [passA] 1535000/2579741 tos=0 (6596s)
  [passA] 1535500/2579741 tos=0 (6596s)
  [passA] 1536000/2579741 tos=0 (6596s)
  [passA] 1536500/2579741 tos=0 (6596s)
  [passA] 1537000/2579741 tos=0 (6597s)
  [passA] 1537500/2579741 tos=0 (6597s)
  [passA] 1538000/2579741 tos=0 (6597s)
  [passA] 1538500/2579741 tos=0 (6597s)
  [passA] 1539000/2579741 tos=0 (6597s)
  [passA] 1539500/2579741 tos=0 (6597s)
  [passA] 1540000/2579741 tos=0 (6597s)
  [passA] 1540500/2579741 tos=0 (6597s)
  [passA] 1541000/2579741 tos=0 (6597s)
  [passA] 1541500/2579741 tos=0 (6597s)
  [passA] 1542000/2579741 tos=0 (6597s)
  [passA] 1542500/2579741 tos=0 (6597s)
  [passA] 1543000/2579741 tos=0 (6597s)
  [passA] 1543500/2579741 tos=0 (6597s)
  [passA] 1544000/2579741 tos=0 (6597s)
  [passA] 1544500/2579741 tos=0 (6597s)
  [passA] 1545000/2579741 tos=0 (6597s)
  [passA] 1545500/2579741 tos=0 (6598s)
  [passA] 1546000/2579741 tos=0 (6598s)
  [passA] 1546500/2579741 tos=0 (6598s)
  [passA] 1547000/2579741 tos=0 (6598s)
  [passA] 1547500/2579741 tos=0 (6598s)
  [passA] 1548000/2579741 tos=0 (6598s)
  [passA] 1548500/2579741 tos=0 (6598s)
  [passA] 1549000/2579741 tos=0 (6598s)
  [passA] 1549500/2579741 tos=0 (6598s)
  [passA] 1550000/2579741 tos=0 (6598s)
  [passA] 1550500/2579741 tos=0 (6598s)
  [passA] 1551000/2579741 tos=0 (6598s)
  [passA] 1551500/2579741 tos=0 (6598s)
  [passA] 1552000/2579741 tos=0 (6598s)
  [passA] 1552500/2579741 tos=0 (6598s)
  [passA] 1553000/2579741 tos=0 (6598s)
  [passA] 1553500/2579741 tos=0 (6598s)
  [passA] 1554000/2579741 tos=0 (6599s)
  [passA] 1554500/2579741 tos=0 (6599s)
  [passA] 1555000/2579741 tos=0 (6599s)
  [passA] 1555500/2579741 tos=0 (6599s)
  [passA] 1556000/2579741 tos=0 (6599s)
  [passA] 1556500/2579741 tos=0 (6599s)
  [passA] 1557000/2579741 tos=0 (6599s)
  [passA] 1557500/2579741 tos=0 (6599s)
  [passA] 1558000/2579741 tos=0 (6599s)
  [passA] 1558500/2579741 tos=0 (6599s)
  [passA] 1559000/2579741 tos=0 (6599s)
  [passA] 1559500/2579741 tos=0 (6599s)
  [passA] 1560000/2579741 tos=0 (6599s)
  [passA] 1560500/2579741 tos=0 (6599s)
  [passA] 1561000/2579741 tos=0 (6599s)
  [passA] 1561500/2579741 tos=0 (6600s)
  [passA] 1562000/2579741 tos=0 (6600s)
  [passA] 1562500/2579741 tos=0 (6600s)
  [passA] 1563000/2579741 tos=0 (6600s)
  [passA] 1563500/2579741 tos=0 (6600s)
  [passA] 1564000/2579741 tos=0 (6600s)
  [passA] 1564500/2579741 tos=0 (6600s)
  [passA] 1565000/2579741 tos=0 (6600s)
  [passA] 1565500/2579741 tos=0 (6600s)
  [passA] 1566000/2579741 tos=0 (6600s)
  [passA] 1566500/2579741 tos=0 (6600s)
  [passA] 1567000/2579741 tos=0 (6600s)
  [passA] 1567500/2579741 tos=0 (6600s)
  [passA] 1568000/2579741 tos=0 (6600s)
  [passA] 1568500/2579741 tos=0 (6600s)
  [passA] 1569000/2579741 tos=0 (6600s)
  [passA] 1569500/2579741 tos=0 (6600s)
  [passA] 1570000/2579741 tos=0 (6600s)
  [passA] 1570500/2579741 tos=0 (6600s)
  [passA] 1571000/2579741 tos=0 (6601s)
  [passA] 1571500/2579741 tos=0 (6601s)
  [passA] 1572000/2579741 tos=0 (6601s)
  [passA] 1572500/2579741 tos=0 (6601s)
  [passA] 1573000/2579741 tos=0 (6601s)
  [passA] 1573500/2579741 tos=0 (6601s)
  [passA] 1574000/2579741 tos=0 (6601s)
  [passA] 1574500/2579741 tos=0 (6601s)
  [passA] 1575000/2579741 tos=0 (6601s)
  [passA] 1575500/2579741 tos=0 (6601s)
  [passA] 1576000/2579741 tos=0 (6601s)
  [passA] 1576500/2579741 tos=0 (6601s)
  [passA] 1577000/2579741 tos=0 (6601s)
  [passA] 1577500/2579741 tos=0 (6601s)
  [passA] 1578000/2579741 tos=0 (6601s)
  [passA] 1578500/2579741 tos=0 (6602s)
  [passA] 1579000/2579741 tos=0 (6602s)
  [passA] 1579500/2579741 tos=0 (6602s)
  [passA] 1580000/2579741 tos=0 (6602s)
  [passA] 1580500/2579741 tos=0 (6602s)
  [passA] 1581000/2579741 tos=0 (6602s)
  [passA] 1581500/2579741 tos=0 (6602s)
  [passA] 1582000/2579741 tos=0 (6602s)
  [passA] 1582500/2579741 tos=0 (6602s)
  [passA] 1583000/2579741 tos=0 (6602s)
  [passA] 1583500/2579741 tos=0 (6602s)
  [passA] 1584000/2579741 tos=0 (6602s)
  [passA] 1584500/2579741 tos=0 (6602s)
  [passA] 1585000/2579741 tos=0 (6602s)
  [passA] 1585500/2579741 tos=0 (6602s)
  [passA] 1586000/2579741 tos=0 (6602s)
  [passA] 1586500/2579741 tos=0 (6602s)
  [passA] 1587000/2579741 tos=0 (6603s)
  [passA] 1587500/2579741 tos=0 (6603s)
  [passA] 1588000/2579741 tos=0 (6603s)
  [passA] 1588500/2579741 tos=0 (6603s)
  [passA] 1589000/2579741 tos=0 (6603s)
  [passA] 1589500/2579741 tos=0 (6603s)
  [passA] 1590000/2579741 tos=0 (6603s)
  [passA] 1590500/2579741 tos=0 (6603s)
  [passA] 1591000/2579741 tos=0 (6603s)
  [passA] 1591500/2579741 tos=0 (6603s)
  [passA] 1592000/2579741 tos=0 (6603s)
  [passA] 1592500/2579741 tos=0 (6603s)
  [passA] 1593000/2579741 tos=0 (6603s)
  [passA] 1593500/2579741 tos=0 (6603s)
  [passA] 1594000/2579741 tos=0 (6603s)
  [passA] 1594500/2579741 tos=0 (6603s)
  [passA] 1595000/2579741 tos=0 (6603s)
  [passA] 1595500/2579741 tos=0 (6603s)
  [passA] 1596000/2579741 tos=0 (6604s)
  [passA] 1596500/2579741 tos=0 (6604s)
  [passA] 1597000/2579741 tos=0 (6604s)
  [passA] 1597500/2579741 tos=0 (6604s)
  [passA] 1598000/2579741 tos=0 (6604s)
  [passA] 1598500/2579741 tos=0 (6604s)
  [passA] 1599000/2579741 tos=0 (6604s)
  [passA] 1599500/2579741 tos=0 (6604s)
  [passA] 1600000/2579741 tos=0 (6604s)
  [passA] 1600500/2579741 tos=0 (6604s)
  [passA] 1601000/2579741 tos=0 (6604s)
  [passA] 1601500/2579741 tos=0 (6604s)
  [passA] 1602000/2579741 tos=0 (6604s)
  [passA] 1602500/2579741 tos=0 (6604s)
  [passA] 1603000/2579741 tos=0 (6604s)
  [passA] 1603500/2579741 tos=0 (6604s)
  [passA] 1604000/2579741 tos=0 (6605s)
  [passA] 1604500/2579741 tos=0 (6605s)
  [passA] 1605000/2579741 tos=0 (6605s)
  [passA] 1605500/2579741 tos=0 (6605s)
  [passA] 1606000/2579741 tos=0 (6605s)
  [passA] 1606500/2579741 tos=0 (6605s)
  [passA] 1607000/2579741 tos=0 (6605s)
  [passA] 1607500/2579741 tos=0 (6605s)
  [passA] 1608000/2579741 tos=0 (6605s)
  [passA] 1608500/2579741 tos=0 (6605s)
  [passA] 1609000/2579741 tos=0 (6605s)
  [passA] 1609500/2579741 tos=0 (6605s)
  [passA] 1610000/2579741 tos=0 (6605s)
  [passA] 1610500/2579741 tos=0 (6605s)
  [passA] 1611000/2579741 tos=0 (6605s)
  [passA] 1611500/2579741 tos=0 (6605s)
  [passA] 1612000/2579741 tos=0 (6605s)
  [passA] 1612500/2579741 tos=0 (6606s)
  [passA] 1613000/2579741 tos=0 (6606s)
  [passA] 1613500/2579741 tos=0 (6606s)
  [passA] 1614000/2579741 tos=0 (6606s)
  [passA] 1614500/2579741 tos=0 (6606s)
  [passA] 1615000/2579741 tos=0 (6606s)
  [passA] 1615500/2579741 tos=0 (6606s)
  [passA] 1616000/2579741 tos=0 (6606s)
  [passA] 1616500/2579741 tos=0 (6606s)
  [passA] 1617000/2579741 tos=0 (6606s)
  [passA] 1617500/2579741 tos=0 (6606s)
  [passA] 1618000/2579741 tos=0 (6606s)
  [passA] 1618500/2579741 tos=0 (6606s)
  [passA] 1619000/2579741 tos=0 (6606s)
  [passA] 1619500/2579741 tos=0 (6606s)
  [passA] 1620000/2579741 tos=0 (6606s)
  [passA] 1620500/2579741 tos=0 (6606s)
  [passA] 1621000/2579741 tos=0 (6607s)
  [passA] 1621500/2579741 tos=0 (6607s)
  [passA] 1622000/2579741 tos=0 (6607s)
  [passA] 1622500/2579741 tos=0 (6607s)
  [passA] 1623000/2579741 tos=0 (6607s)
  [passA] 1623500/2579741 tos=0 (6607s)
  [passA] 1624000/2579741 tos=0 (6607s)
  [passA] 1624500/2579741 tos=0 (6607s)
  [passA] 1625000/2579741 tos=0 (6607s)
  [passA] 1625500/2579741 tos=0 (6607s)
  [passA] 1626000/2579741 tos=0 (6607s)
  [passA] 1626500/2579741 tos=0 (6607s)
  [passA] 1627000/2579741 tos=0 (6607s)
  [passA] 1627500/2579741 tos=0 (6607s)
  [passA] 1628000/2579741 tos=0 (6607s)
  [passA] 1628500/2579741 tos=0 (6607s)
  [passA] 1629000/2579741 tos=0 (6607s)
  [passA] 1629500/2579741 tos=0 (6608s)
  [passA] 1630000/2579741 tos=0 (6608s)
  [passA] 1630500/2579741 tos=0 (6608s)
  [passA] 1631000/2579741 tos=0 (6608s)
  [passA] 1631500/2579741 tos=0 (6608s)
  [passA] 1632000/2579741 tos=0 (6608s)
  [passA] 1632500/2579741 tos=0 (6608s)
  [passA] 1633000/2579741 tos=0 (6608s)
  [passA] 1633500/2579741 tos=0 (6608s)
  [passA] 1634000/2579741 tos=0 (6608s)
  [passA] 1634500/2579741 tos=0 (6608s)
  [passA] 1635000/2579741 tos=0 (6608s)
  [passA] 1635500/2579741 tos=0 (6608s)
  [passA] 1636000/2579741 tos=0 (6608s)
  [passA] 1636500/2579741 tos=0 (6608s)
  [passA] 1637000/2579741 tos=0 (6608s)
  [passA] 1637500/2579741 tos=0 (6608s)
  [passA] 1638000/2579741 tos=0 (6608s)
  [passA] 1638500/2579741 tos=0 (6608s)
  [passA] 1639000/2579741 tos=0 (6609s)
  [passA] 1639500/2579741 tos=0 (6609s)
  [passA] 1640000/2579741 tos=0 (6609s)
  [passA] 1640500/2579741 tos=0 (6609s)
  [passA] 1641000/2579741 tos=0 (6609s)
  [passA] 1641500/2579741 tos=0 (6609s)
  [passA] 1642000/2579741 tos=0 (6609s)
  [passA] 1642500/2579741 tos=0 (6609s)
  [passA] 1643000/2579741 tos=0 (6609s)
  [passA] 1643500/2579741 tos=0 (6609s)
  [passA] 1644000/2579741 tos=0 (6609s)
  [passA] 1644500/2579741 tos=0 (6609s)
  [passA] 1645000/2579741 tos=0 (6609s)
  [passA] 1645500/2579741 tos=0 (6609s)
  [passA] 1646000/2579741 tos=0 (6609s)
  [passA] 1646500/2579741 tos=0 (6609s)
  [passA] 1647000/2579741 tos=0 (6609s)
  [passA] 1647500/2579741 tos=0 (6609s)
  [passA] 1648000/2579741 tos=0 (6610s)
  [passA] 1648500/2579741 tos=0 (6610s)
  [passA] 1649000/2579741 tos=0 (6610s)
  [passA] 1649500/2579741 tos=0 (6610s)
  [passA] 1650000/2579741 tos=0 (6610s)
  [passA] 1650500/2579741 tos=0 (6610s)
  [passA] 1651000/2579741 tos=0 (6610s)
  [passA] 1651500/2579741 tos=0 (6610s)
  [passA] 1652000/2579741 tos=0 (6610s)
  [passA] 1652500/2579741 tos=0 (6610s)
  [passA] 1653000/2579741 tos=0 (6610s)
  [passA] 1653500/2579741 tos=0 (6610s)
  [passA] 1654000/2579741 tos=0 (6610s)
  [passA] 1654500/2579741 tos=0 (6610s)
  [passA] 1655000/2579741 tos=0 (6610s)
  [passA] 1655500/2579741 tos=0 (6610s)
  [passA] 1656000/2579741 tos=0 (6610s)
  [passA] 1656500/2579741 tos=0 (6610s)
  [passA] 1657000/2579741 tos=0 (6611s)
  [passA] 1657500/2579741 tos=0 (6611s)
  [passA] 1658000/2579741 tos=0 (6611s)
  [passA] 1658500/2579741 tos=0 (6611s)
  [passA] 1659000/2579741 tos=0 (6611s)
  [passA] 1659500/2579741 tos=0 (6611s)
  [passA] 1660000/2579741 tos=0 (6611s)
  [passA] 1660500/2579741 tos=0 (6611s)
  [passA] 1661000/2579741 tos=0 (6611s)
  [passA] 1661500/2579741 tos=0 (6611s)
  [passA] 1662000/2579741 tos=0 (6611s)
  [passA] 1662500/2579741 tos=0 (6611s)
  [passA] 1663000/2579741 tos=0 (6611s)
  [passA] 1663500/2579741 tos=0 (6611s)
  [passA] 1664000/2579741 tos=0 (6611s)
  [passA] 1664500/2579741 tos=0 (6611s)
  [passA] 1665000/2579741 tos=0 (6611s)
  [passA] 1665500/2579741 tos=0 (6612s)
  [passA] 1666000/2579741 tos=0 (6612s)
  [passA] 1666500/2579741 tos=0 (6612s)
  [passA] 1667000/2579741 tos=0 (6612s)
  [passA] 1667500/2579741 tos=0 (6612s)
  [passA] 1668000/2579741 tos=0 (6612s)
  [passA] 1668500/2579741 tos=0 (6612s)
  [passA] 1669000/2579741 tos=0 (6612s)
  [passA] 1669500/2579741 tos=0 (6612s)
  [passA] 1670000/2579741 tos=0 (6612s)
  [passA] 1670500/2579741 tos=0 (6612s)
  [passA] 1671000/2579741 tos=0 (6612s)
  [passA] 1671500/2579741 tos=0 (6612s)
  [passA] 1672000/2579741 tos=0 (6612s)
  [passA] 1672500/2579741 tos=0 (6612s)
  [passA] 1673000/2579741 tos=0 (6612s)
  [passA] 1673500/2579741 tos=0 (6612s)
  [passA] 1674000/2579741 tos=0 (6612s)
  [passA] 1674500/2579741 tos=0 (6612s)
  [passA] 1675000/2579741 tos=0 (6613s)
  [passA] 1675500/2579741 tos=0 (6613s)
  [passA] 1676000/2579741 tos=0 (6613s)
  [passA] 1676500/2579741 tos=0 (6613s)
  [passA] 1677000/2579741 tos=0 (6613s)
  [passA] 1677500/2579741 tos=0 (6613s)
  [passA] 1678000/2579741 tos=0 (6613s)
  [passA] 1678500/2579741 tos=0 (6613s)
  [passA] 1679000/2579741 tos=0 (6613s)
  [passA] 1679500/2579741 tos=0 (6613s)
  [passA] 1680000/2579741 tos=0 (6613s)
  [passA] 1680500/2579741 tos=0 (6613s)
  [passA] 1681000/2579741 tos=0 (6613s)
  [passA] 1681500/2579741 tos=0 (6613s)
  [passA] 1682000/2579741 tos=0 (6613s)
  [passA] 1682500/2579741 tos=0 (6613s)
  [passA] 1683000/2579741 tos=0 (6614s)
  [passA] 1683500/2579741 tos=0 (6614s)
  [passA] 1684000/2579741 tos=0 (6614s)
  [passA] 1684500/2579741 tos=0 (6614s)
  [passA] 1685000/2579741 tos=0 (6614s)
  [passA] 1685500/2579741 tos=0 (6614s)
  [passA] 1686000/2579741 tos=0 (6614s)
  [passA] 1686500/2579741 tos=0 (6614s)
  [passA] 1687000/2579741 tos=0 (6614s)
  [passA] 1687500/2579741 tos=0 (6614s)
  [passA] 1688000/2579741 tos=0 (6614s)
  [passA] 1688500/2579741 tos=0 (6614s)
  [passA] 1689000/2579741 tos=0 (6614s)
  [passA] 1689500/2579741 tos=0 (6614s)
  [passA] 1690000/2579741 tos=0 (6614s)
  [passA] 1690500/2579741 tos=0 (6614s)
  [passA] 1691000/2579741 tos=0 (6614s)
  [passA] 1691500/2579741 tos=0 (6614s)
  [passA] 1692000/2579741 tos=0 (6615s)
  [passA] 1692500/2579741 tos=0 (6615s)
  [passA] 1693000/2579741 tos=0 (6615s)
  [passA] 1693500/2579741 tos=0 (6615s)
  [passA] 1694000/2579741 tos=0 (6615s)
  [passA] 1694500/2579741 tos=0 (6615s)
  [passA] 1695000/2579741 tos=0 (6615s)
  [passA] 1695500/2579741 tos=0 (6615s)
  [passA] 1696000/2579741 tos=0 (6615s)
  [passA] 1696500/2579741 tos=0 (6615s)
  [passA] 1697000/2579741 tos=0 (6615s)
  [passA] 1697500/2579741 tos=0 (6615s)
  [passA] 1698000/2579741 tos=0 (6615s)
  [passA] 1698500/2579741 tos=0 (6615s)
  [passA] 1699000/2579741 tos=0 (6615s)
  [passA] 1699500/2579741 tos=0 (6615s)
  [passA] 1700000/2579741 tos=0 (6615s)
  [passA] 1700500/2579741 tos=0 (6616s)
  [passA] 1701000/2579741 tos=0 (6616s)
  [passA] 1701500/2579741 tos=0 (6616s)
  [passA] 1702000/2579741 tos=0 (6616s)
  [passA] 1702500/2579741 tos=0 (6616s)
  [passA] 1703000/2579741 tos=0 (6616s)
  [passA] 1703500/2579741 tos=0 (6616s)
  [passA] 1704000/2579741 tos=0 (6616s)
  [passA] 1704500/2579741 tos=0 (6616s)
  [passA] 1705000/2579741 tos=0 (6616s)
  [passA] 1705500/2579741 tos=0 (6616s)
  [passA] 1706000/2579741 tos=0 (6616s)
  [passA] 1706500/2579741 tos=0 (6616s)
  [passA] 1707000/2579741 tos=0 (6616s)
  [passA] 1707500/2579741 tos=0 (6616s)
  [passA] 1708000/2579741 tos=0 (6616s)
  [passA] 1708500/2579741 tos=0 (6616s)
  [passA] 1709000/2579741 tos=0 (6616s)
  [passA] 1709500/2579741 tos=0 (6617s)
  [passA] 1710000/2579741 tos=0 (6617s)
  [passA] 1710500/2579741 tos=0 (6617s)
  [passA] 1711000/2579741 tos=0 (6617s)
  [passA] 1711500/2579741 tos=0 (6617s)
  [passA] 1712000/2579741 tos=0 (6617s)
  [passA] 1712500/2579741 tos=0 (6617s)
  [passA] 1713000/2579741 tos=0 (6617s)
  [passA] 1713500/2579741 tos=0 (6617s)
  [passA] 1714000/2579741 tos=0 (6617s)
  [passA] 1714500/2579741 tos=0 (6617s)
  [passA] 1715000/2579741 tos=0 (6617s)
  [passA] 1715500/2579741 tos=0 (6617s)
  [passA] 1716000/2579741 tos=0 (6617s)
  [passA] 1716500/2579741 tos=0 (6617s)
  [passA] 1717000/2579741 tos=0 (6617s)
  [passA] 1717500/2579741 tos=0 (6617s)
  [passA] 1718000/2579741 tos=0 (6617s)
  [passA] 1718500/2579741 tos=0 (6617s)
  [passA] 1719000/2579741 tos=0 (6618s)
  [passA] 1719500/2579741 tos=0 (6618s)
  [passA] 1720000/2579741 tos=0 (6618s)
  [passA] 1720500/2579741 tos=0 (6618s)
  [passA] 1721000/2579741 tos=0 (6618s)
  [passA] 1721500/2579741 tos=0 (6618s)
  [passA] 1722000/2579741 tos=0 (6618s)
  [passA] 1722500/2579741 tos=0 (6618s)
  [passA] 1723000/2579741 tos=0 (6618s)
  [passA] 1723500/2579741 tos=0 (6618s)
  [passA] 1724000/2579741 tos=0 (6618s)
  [passA] 1724500/2579741 tos=0 (6618s)
  [passA] 1725000/2579741 tos=0 (6618s)
  [passA] 1725500/2579741 tos=0 (6618s)
  [passA] 1726000/2579741 tos=0 (6618s)
  [passA] 1726500/2579741 tos=0 (6618s)
  [passA] 1727000/2579741 tos=0 (6618s)
  [passA] 1727500/2579741 tos=0 (6618s)
  [passA] 1728000/2579741 tos=0 (6618s)
  [passA] 1728500/2579741 tos=0 (6619s)
  [passA] 1729000/2579741 tos=0 (6619s)
  [passA] 1729500/2579741 tos=0 (6619s)
  [passA] 1730000/2579741 tos=0 (6619s)
  [passA] 1730500/2579741 tos=0 (6619s)
  [passA] 1731000/2579741 tos=0 (6619s)
  [passA] 1731500/2579741 tos=0 (6619s)
  [passA] 1732000/2579741 tos=0 (6619s)
  [passA] 1732500/2579741 tos=0 (6619s)
  [passA] 1733000/2579741 tos=0 (6619s)
  [passA] 1733500/2579741 tos=0 (6619s)
  [passA] 1734000/2579741 tos=0 (6619s)
  [passA] 1734500/2579741 tos=0 (6619s)
  [passA] 1735000/2579741 tos=0 (6619s)
  [passA] 1735500/2579741 tos=0 (6619s)
  [passA] 1736000/2579741 tos=0 (6620s)
  [passA] 1736500/2579741 tos=0 (6620s)
  [passA] 1737000/2579741 tos=0 (6620s)
  [passA] 1737500/2579741 tos=0 (6620s)
  [passA] 1738000/2579741 tos=0 (6620s)
  [passA] 1738500/2579741 tos=0 (6620s)
  [passA] 1739000/2579741 tos=0 (6620s)
  [passA] 1739500/2579741 tos=0 (6620s)
  [passA] 1740000/2579741 tos=0 (6620s)
  [passA] 1740500/2579741 tos=0 (6620s)
  [passA] 1741000/2579741 tos=0 (6620s)
  [passA] 1741500/2579741 tos=0 (6620s)
  [passA] 1742000/2579741 tos=0 (6620s)
  [passA] 1742500/2579741 tos=0 (6620s)
  [passA] 1743000/2579741 tos=0 (6620s)
  [passA] 1743500/2579741 tos=0 (6620s)
  [passA] 1744000/2579741 tos=0 (6620s)
  [passA] 1744500/2579741 tos=0 (6620s)
  [passA] 1745000/2579741 tos=0 (6620s)
  [passA] 1745500/2579741 tos=0 (6621s)
  [passA] 1746000/2579741 tos=0 (6621s)
  [passA] 1746500/2579741 tos=0 (6621s)
  [passA] 1747000/2579741 tos=0 (6621s)
  [passA] 1747500/2579741 tos=0 (6621s)
  [passA] 1748000/2579741 tos=0 (6621s)
  [passA] 1748500/2579741 tos=0 (6621s)
  [passA] 1749000/2579741 tos=0 (6621s)
  [passA] 1749500/2579741 tos=0 (6621s)
  [passA] 1750000/2579741 tos=0 (6621s)
  [passA] 1750500/2579741 tos=0 (6621s)
  [passA] 1751000/2579741 tos=0 (6621s)
  [passA] 1751500/2579741 tos=0 (6621s)
  [passA] 1752000/2579741 tos=0 (6621s)
  [passA] 1752500/2579741 tos=0 (6622s)
  [passA] 1753000/2579741 tos=0 (6622s)
  [passA] 1753500/2579741 tos=0 (6622s)
  [passA] 1754000/2579741 tos=0 (6622s)
  [passA] 1754500/2579741 tos=0 (6622s)
  [passA] 1755000/2579741 tos=0 (6622s)
  [passA] 1755500/2579741 tos=0 (6622s)
  [passA] 1756000/2579741 tos=0 (6622s)
  [passA] 1756500/2579741 tos=0 (6622s)
  [passA] 1757000/2579741 tos=0 (6622s)
  [passA] 1757500/2579741 tos=0 (6622s)
  [passA] 1758000/2579741 tos=0 (6622s)
  [passA] 1758500/2579741 tos=0 (6622s)
  [passA] 1759000/2579741 tos=0 (6622s)
  [passA] 1759500/2579741 tos=0 (6622s)
  [passA] 1760000/2579741 tos=0 (6622s)
  [passA] 1760500/2579741 tos=0 (6622s)
  [passA] 1761000/2579741 tos=0 (6622s)
  [passA] 1761500/2579741 tos=0 (6622s)
  [passA] 1762000/2579741 tos=0 (6622s)
  [passA] 1762500/2579741 tos=0 (6622s)
  [passA] 1763000/2579741 tos=0 (6622s)
  [passA] 1763500/2579741 tos=0 (6622s)
  [passA] 1764000/2579741 tos=0 (6623s)
  [passA] 1764500/2579741 tos=0 (6623s)
  [passA] 1765000/2579741 tos=0 (6623s)
  [passA] 1765500/2579741 tos=0 (6623s)
  [passA] 1766000/2579741 tos=0 (6623s)
  [passA] 1766500/2579741 tos=0 (6623s)
  [passA] 1767000/2579741 tos=0 (6623s)
  [passA] 1767500/2579741 tos=0 (6623s)
  [passA] 1768000/2579741 tos=0 (6623s)
  [passA] 1768500/2579741 tos=0 (6623s)
  [passA] 1769000/2579741 tos=0 (6623s)
  [passA] 1769500/2579741 tos=0 (6623s)
  [passA] 1770000/2579741 tos=0 (6623s)
  [passA] 1770500/2579741 tos=0 (6623s)
  [passA] 1771000/2579741 tos=0 (6623s)
  [passA] 1771500/2579741 tos=0 (6623s)
  [passA] 1772000/2579741 tos=0 (6624s)
  [passA] 1772500/2579741 tos=0 (6624s)
  [passA] 1773000/2579741 tos=0 (6624s)
  [passA] 1773500/2579741 tos=0 (6624s)
  [passA] 1774000/2579741 tos=0 (6624s)
  [passA] 1774500/2579741 tos=0 (6624s)
  [passA] 1775000/2579741 tos=0 (6624s)
  [passA] 1775500/2579741 tos=0 (6624s)
  [passA] 1776000/2579741 tos=0 (6624s)
  [passA] 1776500/2579741 tos=0 (6624s)
  [passA] 1777000/2579741 tos=0 (6624s)
  [passA] 1777500/2579741 tos=0 (6624s)
  [passA] 1778000/2579741 tos=0 (6624s)
  [passA] 1778500/2579741 tos=0 (6624s)
  [passA] 1779000/2579741 tos=0 (6624s)
  [passA] 1779500/2579741 tos=0 (6624s)
  [passA] 1780000/2579741 tos=0 (6624s)
  [passA] 1780500/2579741 tos=0 (6624s)
  [passA] 1781000/2579741 tos=0 (6625s)
  [passA] 1781500/2579741 tos=0 (6625s)
  [passA] 1782000/2579741 tos=0 (6625s)
  [passA] 1782500/2579741 tos=0 (6625s)
  [passA] 1783000/2579741 tos=0 (6625s)
  [passA] 1783500/2579741 tos=0 (6625s)
  [passA] 1784000/2579741 tos=0 (6625s)
  [passA] 1784500/2579741 tos=0 (6625s)
  [passA] 1785000/2579741 tos=0 (6625s)
  [passA] 1785500/2579741 tos=0 (6625s)
  [passA] 1786000/2579741 tos=0 (6625s)
  [passA] 1786500/2579741 tos=0 (6625s)
  [passA] 1787000/2579741 tos=0 (6625s)
  [passA] 1787500/2579741 tos=0 (6625s)
  [passA] 1788000/2579741 tos=0 (6625s)
  [passA] 1788500/2579741 tos=0 (6625s)
  [passA] 1789000/2579741 tos=0 (6625s)
  [passA] 1789500/2579741 tos=0 (6625s)
  [passA] 1790000/2579741 tos=0 (6625s)
  [passA] 1790500/2579741 tos=0 (6626s)
  [passA] 1791000/2579741 tos=0 (6626s)
  [passA] 1791500/2579741 tos=0 (6626s)
  [passA] 1792000/2579741 tos=0 (6626s)
  [passA] 1792500/2579741 tos=0 (6626s)
  [passA] 1793000/2579741 tos=0 (6626s)
  [passA] 1793500/2579741 tos=0 (6626s)
  [passA] 1794000/2579741 tos=0 (6626s)
  [passA] 1794500/2579741 tos=0 (6626s)
  [passA] 1795000/2579741 tos=0 (6626s)
  [passA] 1795500/2579741 tos=0 (6626s)
  [passA] 1796000/2579741 tos=0 (6626s)
  [passA] 1796500/2579741 tos=0 (6626s)
  [passA] 1797000/2579741 tos=0 (6626s)
  [passA] 1797500/2579741 tos=0 (6626s)
  [passA] 1798000/2579741 tos=0 (6626s)
  [passA] 1798500/2579741 tos=0 (6626s)
  [passA] 1799000/2579741 tos=0 (6626s)
  [passA] 1799500/2579741 tos=0 (6627s)
  [passA] 1800000/2579741 tos=0 (6627s)
  [passA] 1800500/2579741 tos=0 (6627s)
  [passA] 1801000/2579741 tos=0 (6627s)
  [passA] 1801500/2579741 tos=0 (6627s)
  [passA] 1802000/2579741 tos=0 (6627s)
  [passA] 1802500/2579741 tos=0 (6627s)
  [passA] 1803000/2579741 tos=0 (6627s)
  [passA] 1803500/2579741 tos=0 (6627s)
  [passA] 1804000/2579741 tos=0 (6627s)
  [passA] 1804500/2579741 tos=0 (6627s)
  [passA] 1805000/2579741 tos=0 (6627s)
  [passA] 1805500/2579741 tos=0 (6627s)
  [passA] 1806000/2579741 tos=0 (6627s)
  [passA] 1806500/2579741 tos=0 (6627s)
  [passA] 1807000/2579741 tos=0 (6627s)
  [passA] 1807500/2579741 tos=0 (6627s)
  [passA] 1808000/2579741 tos=0 (6627s)
  [passA] 1808500/2579741 tos=0 (6627s)
  [passA] 1809000/2579741 tos=0 (6628s)
  [passA] 1809500/2579741 tos=0 (6628s)
  [passA] 1810000/2579741 tos=0 (6628s)
  [passA] 1810500/2579741 tos=0 (6628s)
  [passA] 1811000/2579741 tos=0 (6628s)
  [passA] 1811500/2579741 tos=0 (6628s)
  [passA] 1812000/2579741 tos=0 (6628s)
  [passA] 1812500/2579741 tos=0 (6628s)
  [passA] 1813000/2579741 tos=0 (6628s)
  [passA] 1813500/2579741 tos=0 (6628s)
  [passA] 1814000/2579741 tos=0 (6628s)
  [passA] 1814500/2579741 tos=0 (6628s)
  [passA] 1815000/2579741 tos=0 (6628s)
  [passA] 1815500/2579741 tos=0 (6628s)
  [passA] 1816000/2579741 tos=0 (6628s)
  [passA] 1816500/2579741 tos=0 (6628s)
  [passA] 1817000/2579741 tos=0 (6628s)
  [passA] 1817500/2579741 tos=0 (6629s)
  [passA] 1818000/2579741 tos=0 (6629s)
  [passA] 1818500/2579741 tos=0 (6629s)
  [passA] 1819000/2579741 tos=0 (6629s)
  [passA] 1819500/2579741 tos=0 (6629s)
  [passA] 1820000/2579741 tos=0 (6629s)
  [passA] 1820500/2579741 tos=0 (6629s)
  [passA] 1821000/2579741 tos=0 (6629s)
  [passA] 1821500/2579741 tos=0 (6629s)
  [passA] 1822000/2579741 tos=0 (6629s)
  [passA] 1822500/2579741 tos=0 (6629s)
  [passA] 1823000/2579741 tos=0 (6629s)
  [passA] 1823500/2579741 tos=0 (6629s)
  [passA] 1824000/2579741 tos=0 (6629s)
  [passA] 1824500/2579741 tos=0 (6629s)
  [passA] 1825000/2579741 tos=0 (6629s)
  [passA] 1825500/2579741 tos=0 (6629s)
  [passA] 1826000/2579741 tos=0 (6629s)
  [passA] 1826500/2579741 tos=0 (6630s)
  [passA] 1827000/2579741 tos=0 (6630s)
  [passA] 1827500/2579741 tos=0 (6630s)
  [passA] 1828000/2579741 tos=0 (6630s)
  [passA] 1828500/2579741 tos=0 (6630s)
  [passA] 1829000/2579741 tos=0 (6630s)
  [passA] 1829500/2579741 tos=0 (6630s)
  [passA] 1830000/2579741 tos=0 (6630s)
  [passA] 1830500/2579741 tos=0 (6630s)
  [passA] 1831000/2579741 tos=0 (6630s)
  [passA] 1831500/2579741 tos=0 (6630s)
  [passA] 1832000/2579741 tos=0 (6630s)
  [passA] 1832500/2579741 tos=0 (6630s)
  [passA] 1833000/2579741 tos=0 (6630s)
  [passA] 1833500/2579741 tos=0 (6630s)
  [passA] 1834000/2579741 tos=0 (6630s)
  [passA] 1834500/2579741 tos=0 (6630s)
  [passA] 1835000/2579741 tos=0 (6630s)
  [passA] 1835500/2579741 tos=0 (6630s)
  [passA] 1836000/2579741 tos=0 (6631s)
  [passA] 1836500/2579741 tos=0 (6631s)
  [passA] 1837000/2579741 tos=0 (6631s)
  [passA] 1837500/2579741 tos=0 (6631s)
  [passA] 1838000/2579741 tos=0 (6631s)
  [passA] 1838500/2579741 tos=0 (6631s)
  [passA] 1839000/2579741 tos=0 (6631s)
  [passA] 1839500/2579741 tos=0 (6631s)
  [passA] 1840000/2579741 tos=0 (6631s)
  [passA] 1840500/2579741 tos=0 (6631s)
  [passA] 1841000/2579741 tos=0 (6631s)
  [passA] 1841500/2579741 tos=0 (6631s)
  [passA] 1842000/2579741 tos=0 (6631s)
  [passA] 1842500/2579741 tos=0 (6631s)
  [passA] 1843000/2579741 tos=0 (6631s)
  [passA] 1843500/2579741 tos=0 (6631s)
  [passA] 1844000/2579741 tos=0 (6631s)
  [passA] 1844500/2579741 tos=0 (6631s)
  [passA] 1845000/2579741 tos=0 (6631s)
  [passA] 1845500/2579741 tos=0 (6631s)
  [passA] 1846000/2579741 tos=0 (6632s)
  [passA] 1846500/2579741 tos=0 (6632s)
  [passA] 1847000/2579741 tos=0 (6632s)
  [passA] 1847500/2579741 tos=0 (6632s)
  [passA] 1848000/2579741 tos=0 (6632s)
  [passA] 1848500/2579741 tos=0 (6632s)
  [passA] 1849000/2579741 tos=0 (6632s)
  [passA] 1849500/2579741 tos=0 (6632s)
  [passA] 1850000/2579741 tos=0 (6632s)
  [passA] 1850500/2579741 tos=0 (6632s)
  [passA] 1851000/2579741 tos=0 (6632s)
  [passA] 1851500/2579741 tos=0 (6632s)
  [passA] 1852000/2579741 tos=0 (6632s)
  [passA] 1852500/2579741 tos=0 (6632s)
  [passA] 1853000/2579741 tos=0 (6632s)
  [passA] 1853500/2579741 tos=0 (6632s)
  [passA] 1854000/2579741 tos=0 (6633s)
  [passA] 1854500/2579741 tos=0 (6633s)
  [passA] 1855000/2579741 tos=0 (6633s)
  [passA] 1855500/2579741 tos=0 (6633s)
  [passA] 1856000/2579741 tos=0 (6633s)
  [passA] 1856500/2579741 tos=0 (6633s)
  [passA] 1857000/2579741 tos=0 (6633s)
  [passA] 1857500/2579741 tos=0 (6633s)
  [passA] 1858000/2579741 tos=0 (6633s)
  [passA] 1858500/2579741 tos=0 (6633s)
  [passA] 1859000/2579741 tos=0 (6633s)
  [passA] 1859500/2579741 tos=0 (6633s)
  [passA] 1860000/2579741 tos=0 (6633s)
  [passA] 1860500/2579741 tos=0 (6633s)
  [passA] 1861000/2579741 tos=0 (6633s)
  [passA] 1861500/2579741 tos=0 (6633s)
  [passA] 1862000/2579741 tos=0 (6633s)
  [passA] 1862500/2579741 tos=0 (6633s)
  [passA] 1863000/2579741 tos=0 (6633s)
  [passA] 1863500/2579741 tos=0 (6633s)
  [passA] 1864000/2579741 tos=0 (6634s)
  [passA] 1864500/2579741 tos=0 (6634s)
  [passA] 1865000/2579741 tos=0 (6634s)
  [passA] 1865500/2579741 tos=0 (6634s)
  [passA] 1866000/2579741 tos=0 (6634s)
  [passA] 1866500/2579741 tos=0 (6634s)
  [passA] 1867000/2579741 tos=0 (6634s)
  [passA] 1867500/2579741 tos=0 (6634s)
  [passA] 1868000/2579741 tos=0 (6634s)
  [passA] 1868500/2579741 tos=0 (6634s)
  [passA] 1869000/2579741 tos=0 (6634s)
  [passA] 1869500/2579741 tos=0 (6634s)
  [passA] 1870000/2579741 tos=0 (6634s)
  [passA] 1870500/2579741 tos=0 (6634s)
  [passA] 1871000/2579741 tos=0 (6634s)
  [passA] 1871500/2579741 tos=0 (6634s)
  [passA] 1872000/2579741 tos=0 (6634s)
  [passA] 1872500/2579741 tos=0 (6635s)
  [passA] 1873000/2579741 tos=0 (6635s)
  [passA] 1873500/2579741 tos=0 (6635s)
  [passA] 1874000/2579741 tos=0 (6635s)
  [passA] 1874500/2579741 tos=0 (6635s)
  [passA] 1875000/2579741 tos=0 (6635s)
  [passA] 1875500/2579741 tos=0 (6635s)
  [passA] 1876000/2579741 tos=0 (6635s)
  [passA] 1876500/2579741 tos=0 (6635s)
  [passA] 1877000/2579741 tos=0 (6635s)
  [passA] 1877500/2579741 tos=0 (6635s)
  [passA] 1878000/2579741 tos=0 (6635s)
  [passA] 1878500/2579741 tos=0 (6635s)
  [passA] 1879000/2579741 tos=0 (6635s)
  [passA] 1879500/2579741 tos=0 (6635s)
  [passA] 1880000/2579741 tos=0 (6635s)
  [passA] 1880500/2579741 tos=0 (6635s)
  [passA] 1881000/2579741 tos=0 (6635s)
  [passA] 1881500/2579741 tos=0 (6635s)
  [passA] 1882000/2579741 tos=0 (6635s)
  [passA] 1882500/2579741 tos=0 (6635s)
  [passA] 1883000/2579741 tos=0 (6636s)
  [passA] 1883500/2579741 tos=0 (6636s)
  [passA] 1884000/2579741 tos=0 (6636s)
  [passA] 1884500/2579741 tos=0 (6636s)
  [passA] 1885000/2579741 tos=0 (6636s)
  [passA] 1885500/2579741 tos=0 (6636s)
  [passA] 1886000/2579741 tos=0 (6636s)
  [passA] 1886500/2579741 tos=0 (6636s)
  [passA] 1887000/2579741 tos=0 (6636s)
  [passA] 1887500/2579741 tos=0 (6636s)
  [passA] 1888000/2579741 tos=0 (6636s)
  [passA] 1888500/2579741 tos=0 (6636s)
  [passA] 1889000/2579741 tos=0 (6636s)
  [passA] 1889500/2579741 tos=0 (6636s)
  [passA] 1890000/2579741 tos=0 (6636s)
  [passA] 1890500/2579741 tos=0 (6636s)
  [passA] 1891000/2579741 tos=0 (6637s)
  [passA] 1891500/2579741 tos=0 (6637s)
  [passA] 1892000/2579741 tos=0 (6637s)
  [passA] 1892500/2579741 tos=0 (6637s)
  [passA] 1893000/2579741 tos=0 (6637s)
  [passA] 1893500/2579741 tos=0 (6637s)
  [passA] 1894000/2579741 tos=0 (6637s)
  [passA] 1894500/2579741 tos=0 (6637s)
  [passA] 1895000/2579741 tos=0 (6637s)
  [passA] 1895500/2579741 tos=0 (6637s)
  [passA] 1896000/2579741 tos=0 (6637s)
  [passA] 1896500/2579741 tos=0 (6637s)
  [passA] 1897000/2579741 tos=0 (6637s)
  [passA] 1897500/2579741 tos=0 (6637s)
  [passA] 1898000/2579741 tos=0 (6637s)
  [passA] 1898500/2579741 tos=0 (6637s)
  [passA] 1899000/2579741 tos=0 (6637s)
  [passA] 1899500/2579741 tos=0 (6637s)
  [passA] 1900000/2579741 tos=0 (6637s)
  [passA] 1900500/2579741 tos=0 (6637s)
  [passA] 1901000/2579741 tos=0 (6637s)
  [passA] 1901500/2579741 tos=0 (6637s)
  [passA] 1902000/2579741 tos=0 (6638s)
  [passA] 1902500/2579741 tos=0 (6638s)
  [passA] 1903000/2579741 tos=0 (6638s)
  [passA] 1903500/2579741 tos=0 (6638s)
  [passA] 1904000/2579741 tos=0 (6638s)
  [passA] 1904500/2579741 tos=0 (6638s)
  [passA] 1905000/2579741 tos=0 (6638s)
  [passA] 1905500/2579741 tos=0 (6638s)
  [passA] 1906000/2579741 tos=0 (6638s)
  [passA] 1906500/2579741 tos=0 (6638s)
  [passA] 1907000/2579741 tos=0 (6638s)
  [passA] 1907500/2579741 tos=0 (6638s)
  [passA] 1908000/2579741 tos=0 (6638s)
  [passA] 1908500/2579741 tos=0 (6638s)
  [passA] 1909000/2579741 tos=0 (6638s)
  [passA] 1909500/2579741 tos=0 (6638s)
  [passA] 1910000/2579741 tos=0 (6639s)
  [passA] 1910500/2579741 tos=0 (6639s)
  [passA] 1911000/2579741 tos=0 (6639s)
  [passA] 1911500/2579741 tos=0 (6639s)
  [passA] 1912000/2579741 tos=0 (6639s)
  [passA] 1912500/2579741 tos=0 (6639s)
  [passA] 1913000/2579741 tos=0 (6639s)
  [passA] 1913500/2579741 tos=0 (6639s)
  [passA] 1914000/2579741 tos=0 (6639s)
  [passA] 1914500/2579741 tos=0 (6639s)
  [passA] 1915000/2579741 tos=0 (6639s)
  [passA] 1915500/2579741 tos=0 (6639s)
  [passA] 1916000/2579741 tos=0 (6639s)
  [passA] 1916500/2579741 tos=0 (6639s)
  [passA] 1917000/2579741 tos=0 (6639s)
  [passA] 1917500/2579741 tos=0 (6639s)
  [passA] 1918000/2579741 tos=0 (6639s)
  [passA] 1918500/2579741 tos=0 (6639s)
  [passA] 1919000/2579741 tos=0 (6639s)
  [passA] 1919500/2579741 tos=0 (6640s)
  [passA] 1920000/2579741 tos=0 (6640s)
  [passA] 1920500/2579741 tos=0 (6640s)
  [passA] 1921000/2579741 tos=0 (6640s)
  [passA] 1921500/2579741 tos=0 (6640s)
  [passA] 1922000/2579741 tos=0 (6640s)
  [passA] 1922500/2579741 tos=0 (6640s)
  [passA] 1923000/2579741 tos=0 (6640s)
  [passA] 1923500/2579741 tos=0 (6640s)
  [passA] 1924000/2579741 tos=0 (6640s)
  [passA] 1924500/2579741 tos=0 (6640s)
  [passA] 1925000/2579741 tos=0 (6640s)
  [passA] 1925500/2579741 tos=0 (6640s)
  [passA] 1926000/2579741 tos=0 (6640s)
  [passA] 1926500/2579741 tos=0 (6640s)
  [passA] 1927000/2579741 tos=0 (6640s)
  [passA] 1927500/2579741 tos=0 (6640s)
  [passA] 1928000/2579741 tos=0 (6640s)
  [passA] 1928500/2579741 tos=0 (6640s)
  [passA] 1929000/2579741 tos=0 (6641s)
  [passA] 1929500/2579741 tos=0 (6641s)
  [passA] 1930000/2579741 tos=0 (6641s)
  [passA] 1930500/2579741 tos=0 (6641s)
  [passA] 1931000/2579741 tos=0 (6641s)
  [passA] 1931500/2579741 tos=0 (6641s)
  [passA] 1932000/2579741 tos=0 (6641s)
  [passA] 1932500/2579741 tos=0 (6641s)
  [passA] 1933000/2579741 tos=0 (6641s)
  [passA] 1933500/2579741 tos=0 (6641s)
  [passA] 1934000/2579741 tos=0 (6641s)
  [passA] 1934500/2579741 tos=0 (6641s)
  [passA] 1935000/2579741 tos=0 (6641s)
  [passA] 1935500/2579741 tos=0 (6641s)
  [passA] 1936000/2579741 tos=0 (6641s)
  [passA] 1936500/2579741 tos=0 (6641s)
  [passA] 1937000/2579741 tos=0 (6641s)
  [passA] 1937500/2579741 tos=0 (6641s)
  [passA] 1938000/2579741 tos=0 (6642s)
  [passA] 1938500/2579741 tos=0 (6642s)
  [passA] 1939000/2579741 tos=0 (6642s)
  [passA] 1939500/2579741 tos=0 (6642s)
  [passA] 1940000/2579741 tos=0 (6642s)
  [passA] 1940500/2579741 tos=0 (6642s)
  [passA] 1941000/2579741 tos=0 (6642s)
  [passA] 1941500/2579741 tos=0 (6642s)
  [passA] 1942000/2579741 tos=0 (6642s)
  [passA] 1942500/2579741 tos=0 (6642s)
  [passA] 1943000/2579741 tos=0 (6642s)
  [passA] 1943500/2579741 tos=0 (6642s)
  [passA] 1944000/2579741 tos=0 (6642s)
  [passA] 1944500/2579741 tos=0 (6642s)
  [passA] 1945000/2579741 tos=0 (6642s)
  [passA] 1945500/2579741 tos=0 (6642s)
  [passA] 1946000/2579741 tos=0 (6642s)
  [passA] 1946500/2579741 tos=0 (6642s)
  [passA] 1947000/2579741 tos=0 (6642s)
  [passA] 1947500/2579741 tos=0 (6642s)
  [passA] 1948000/2579741 tos=0 (6643s)
  [passA] 1948500/2579741 tos=0 (6643s)
  [passA] 1949000/2579741 tos=0 (6643s)
  [passA] 1949500/2579741 tos=0 (6643s)
  [passA] 1950000/2579741 tos=0 (6643s)
  [passA] 1950500/2579741 tos=0 (6643s)
  [passA] 1951000/2579741 tos=0 (6643s)
  [passA] 1951500/2579741 tos=0 (6643s)
  [passA] 1952000/2579741 tos=0 (6643s)
  [passA] 1952500/2579741 tos=0 (6643s)
  [passA] 1953000/2579741 tos=0 (6643s)
  [passA] 1953500/2579741 tos=0 (6643s)
  [passA] 1954000/2579741 tos=0 (6643s)
  [passA] 1954500/2579741 tos=0 (6643s)
  [passA] 1955000/2579741 tos=0 (6643s)
  [passA] 1955500/2579741 tos=0 (6643s)
  [passA] 1956000/2579741 tos=0 (6643s)
  [passA] 1956500/2579741 tos=0 (6644s)
  [passA] 1957000/2579741 tos=0 (6644s)
  [passA] 1957500/2579741 tos=0 (6644s)
  [passA] 1958000/2579741 tos=0 (6644s)
  [passA] 1958500/2579741 tos=0 (6644s)
  [passA] 1959000/2579741 tos=0 (6644s)
  [passA] 1959500/2579741 tos=0 (6644s)
  [passA] 1960000/2579741 tos=0 (6644s)
  [passA] 1960500/2579741 tos=0 (6644s)
  [passA] 1961000/2579741 tos=0 (6644s)
  [passA] 1961500/2579741 tos=0 (6644s)
  [passA] 1962000/2579741 tos=0 (6644s)
  [passA] 1962500/2579741 tos=0 (6644s)
  [passA] 1963000/2579741 tos=0 (6644s)
  [passA] 1963500/2579741 tos=0 (6644s)
  [passA] 1964000/2579741 tos=0 (6644s)
  [passA] 1964500/2579741 tos=0 (6644s)
  [passA] 1965000/2579741 tos=0 (6644s)
  [passA] 1965500/2579741 tos=0 (6644s)
  [passA] 1966000/2579741 tos=0 (6644s)
  [passA] 1966500/2579741 tos=0 (6645s)
  [passA] 1967000/2579741 tos=0 (6645s)
  [passA] 1967500/2579741 tos=0 (6645s)
  [passA] 1968000/2579741 tos=0 (6645s)
  [passA] 1968500/2579741 tos=0 (6645s)
  [passA] 1969000/2579741 tos=0 (6645s)
  [passA] 1969500/2579741 tos=0 (6645s)
  [passA] 1970000/2579741 tos=0 (6645s)
  [passA] 1970500/2579741 tos=0 (6645s)
  [passA] 1971000/2579741 tos=0 (6645s)
  [passA] 1971500/2579741 tos=0 (6645s)
  [passA] 1972000/2579741 tos=0 (6645s)
  [passA] 1972500/2579741 tos=0 (6645s)
  [passA] 1973000/2579741 tos=0 (6645s)
  [passA] 1973500/2579741 tos=0 (6645s)
  [passA] 1974000/2579741 tos=0 (6645s)
  [passA] 1974500/2579741 tos=0 (6645s)
  [passA] 1975000/2579741 tos=0 (6646s)
  [passA] 1975500/2579741 tos=0 (6646s)
  [passA] 1976000/2579741 tos=0 (6646s)
  [passA] 1976500/2579741 tos=0 (6646s)
  [passA] 1977000/2579741 tos=0 (6646s)
  [passA] 1977500/2579741 tos=0 (6646s)
  [passA] 1978000/2579741 tos=0 (6646s)
  [passA] 1978500/2579741 tos=0 (6646s)
  [passA] 1979000/2579741 tos=0 (6646s)
  [passA] 1979500/2579741 tos=0 (6646s)
  [passA] 1980000/2579741 tos=0 (6646s)
  [passA] 1980500/2579741 tos=0 (6646s)
  [passA] 1981000/2579741 tos=0 (6646s)
  [passA] 1981500/2579741 tos=0 (6646s)
  [passA] 1982000/2579741 tos=0 (6646s)
  [passA] 1982500/2579741 tos=0 (6646s)
  [passA] 1983000/2579741 tos=0 (6646s)
  [passA] 1983500/2579741 tos=0 (6646s)
  [passA] 1984000/2579741 tos=0 (6646s)
  [passA] 1984500/2579741 tos=0 (6647s)
  [passA] 1985000/2579741 tos=0 (6647s)
  [passA] 1985500/2579741 tos=0 (6647s)
  [passA] 1986000/2579741 tos=0 (6647s)
  [passA] 1986500/2579741 tos=0 (6647s)
  [passA] 1987000/2579741 tos=0 (6647s)
  [passA] 1987500/2579741 tos=0 (6647s)
  [passA] 1988000/2579741 tos=0 (6647s)
  [passA] 1988500/2579741 tos=0 (6647s)
  [passA] 1989000/2579741 tos=0 (6647s)
  [passA] 1989500/2579741 tos=0 (6647s)
  [passA] 1990000/2579741 tos=0 (6647s)
  [passA] 1990500/2579741 tos=0 (6647s)
  [passA] 1991000/2579741 tos=0 (6647s)
  [passA] 1991500/2579741 tos=0 (6647s)
  [passA] 1992000/2579741 tos=0 (6647s)
  [passA] 1992500/2579741 tos=0 (6647s)
  [passA] 1993000/2579741 tos=0 (6647s)
  [passA] 1993500/2579741 tos=0 (6647s)
  [passA] 1994000/2579741 tos=0 (6647s)
  [passA] 1994500/2579741 tos=0 (6648s)
  [passA] 1995000/2579741 tos=0 (6648s)
  [passA] 1995500/2579741 tos=0 (6648s)
  [passA] 1996000/2579741 tos=0 (6648s)
  [passA] 1996500/2579741 tos=0 (6648s)
  [passA] 1997000/2579741 tos=0 (6648s)
  [passA] 1997500/2579741 tos=0 (6648s)
  [passA] 1998000/2579741 tos=0 (6648s)
  [passA] 1998500/2579741 tos=0 (6648s)
  [passA] 1999000/2579741 tos=0 (6648s)
  [passA] 1999500/2579741 tos=0 (6648s)
  [passA] 2000000/2579741 tos=0 (6648s)
  [passA] 2000500/2579741 tos=0 (6648s)
  [passA] 2001000/2579741 tos=0 (6648s)
  [passA] 2001500/2579741 tos=0 (6648s)
  [passA] 2002000/2579741 tos=0 (6648s)
  [passA] 2002500/2579741 tos=0 (6648s)
  [passA] 2003000/2579741 tos=0 (6648s)
  [passA] 2003500/2579741 tos=0 (6648s)
  [passA] 2004000/2579741 tos=0 (6648s)
  [passA] 2004500/2579741 tos=0 (6648s)
  [passA] 2005000/2579741 tos=0 (6649s)
  [passA] 2005500/2579741 tos=0 (6649s)
  [passA] 2006000/2579741 tos=0 (6649s)
  [passA] 2006500/2579741 tos=0 (6649s)
  [passA] 2007000/2579741 tos=0 (6649s)
  [passA] 2007500/2579741 tos=0 (6649s)
  [passA] 2008000/2579741 tos=0 (6649s)
  [passA] 2008500/2579741 tos=0 (6649s)
  [passA] 2009000/2579741 tos=0 (6649s)
  [passA] 2009500/2579741 tos=0 (6649s)
  [passA] 2010000/2579741 tos=0 (6649s)
  [passA] 2010500/2579741 tos=0 (6649s)
  [passA] 2011000/2579741 tos=0 (6649s)
  [passA] 2011500/2579741 tos=0 (6649s)
  [passA] 2012000/2579741 tos=0 (6649s)
  [passA] 2012500/2579741 tos=0 (6649s)
  [passA] 2013000/2579741 tos=0 (6649s)
  [passA] 2013500/2579741 tos=0 (6649s)
  [passA] 2014000/2579741 tos=0 (6650s)
  [passA] 2014500/2579741 tos=0 (6650s)
  [passA] 2015000/2579741 tos=0 (6650s)
  [passA] 2015500/2579741 tos=0 (6650s)
  [passA] 2016000/2579741 tos=0 (6650s)
  [passA] 2016500/2579741 tos=0 (6650s)
  [passA] 2017000/2579741 tos=0 (6650s)
  [passA] 2017500/2579741 tos=0 (6650s)
  [passA] 2018000/2579741 tos=0 (6650s)
  [passA] 2018500/2579741 tos=0 (6650s)
  [passA] 2019000/2579741 tos=0 (6650s)
  [passA] 2019500/2579741 tos=0 (6650s)
  [passA] 2020000/2579741 tos=0 (6650s)
  [passA] 2020500/2579741 tos=0 (6650s)
  [passA] 2021000/2579741 tos=0 (6650s)
  [passA] 2021500/2579741 tos=0 (6650s)
  [passA] 2022000/2579741 tos=0 (6650s)
  [passA] 2022500/2579741 tos=0 (6650s)
  [passA] 2023000/2579741 tos=0 (6650s)
  [passA] 2023500/2579741 tos=0 (6651s)
  [passA] 2024000/2579741 tos=0 (6651s)
  [passA] 2024500/2579741 tos=0 (6651s)
  [passA] 2025000/2579741 tos=0 (6651s)
  [passA] 2025500/2579741 tos=0 (6651s)
  [passA] 2026000/2579741 tos=0 (6651s)
  [passA] 2026500/2579741 tos=0 (6651s)
  [passA] 2027000/2579741 tos=0 (6651s)
  [passA] 2027500/2579741 tos=0 (6651s)
  [passA] 2028000/2579741 tos=0 (6651s)
  [passA] 2028500/2579741 tos=0 (6651s)
  [passA] 2029000/2579741 tos=0 (6651s)
  [passA] 2029500/2579741 tos=0 (6651s)
  [passA] 2030000/2579741 tos=0 (6651s)
  [passA] 2030500/2579741 tos=0 (6651s)
  [passA] 2031000/2579741 tos=0 (6651s)
  [passA] 2031500/2579741 tos=0 (6651s)
  [passA] 2032000/2579741 tos=0 (6651s)
  [passA] 2032500/2579741 tos=0 (6651s)
  [passA] 2033000/2579741 tos=0 (6652s)
  [passA] 2033500/2579741 tos=0 (6652s)
  [passA] 2034000/2579741 tos=0 (6652s)
  [passA] 2034500/2579741 tos=0 (6652s)
  [passA] 2035000/2579741 tos=0 (6652s)
  [passA] 2035500/2579741 tos=0 (6652s)
  [passA] 2036000/2579741 tos=0 (6652s)
  [passA] 2036500/2579741 tos=0 (6652s)
  [passA] 2037000/2579741 tos=0 (6652s)
  [passA] 2037500/2579741 tos=0 (6652s)
  [passA] 2038000/2579741 tos=0 (6652s)
  [passA] 2038500/2579741 tos=0 (6652s)
  [passA] 2039000/2579741 tos=0 (6652s)
  [passA] 2039500/2579741 tos=0 (6652s)
  [passA] 2040000/2579741 tos=0 (6652s)
  [passA] 2040500/2579741 tos=0 (6652s)
  [passA] 2041000/2579741 tos=0 (6652s)
  [passA] 2041500/2579741 tos=0 (6652s)
  [passA] 2042000/2579741 tos=0 (6653s)
  [passA] 2042500/2579741 tos=0 (6653s)
  [passA] 2043000/2579741 tos=0 (6653s)
  [passA] 2043500/2579741 tos=0 (6653s)
  [passA] 2044000/2579741 tos=0 (6653s)
  [passA] 2044500/2579741 tos=0 (6653s)
  [passA] 2045000/2579741 tos=0 (6653s)
  [passA] 2045500/2579741 tos=0 (6653s)
  [passA] 2046000/2579741 tos=0 (6653s)
  [passA] 2046500/2579741 tos=0 (6653s)
  [passA] 2047000/2579741 tos=0 (6653s)
  [passA] 2047500/2579741 tos=0 (6653s)
  [passA] 2048000/2579741 tos=0 (6653s)
  [passA] 2048500/2579741 tos=0 (6653s)
  [passA] 2049000/2579741 tos=0 (6653s)
  [passA] 2049500/2579741 tos=0 (6653s)
  [passA] 2050000/2579741 tos=0 (6653s)
  [passA] 2050500/2579741 tos=0 (6653s)
  [passA] 2051000/2579741 tos=0 (6653s)
  [passA] 2051500/2579741 tos=0 (6653s)
  [passA] 2052000/2579741 tos=0 (6653s)
  [passA] 2052500/2579741 tos=0 (6654s)
  [passA] 2053000/2579741 tos=0 (6654s)
  [passA] 2053500/2579741 tos=0 (6654s)
  [passA] 2054000/2579741 tos=0 (6654s)
  [passA] 2054500/2579741 tos=0 (6654s)
  [passA] 2055000/2579741 tos=0 (6654s)
  [passA] 2055500/2579741 tos=0 (6654s)
  [passA] 2056000/2579741 tos=0 (6654s)
  [passA] 2056500/2579741 tos=0 (6654s)
  [passA] 2057000/2579741 tos=0 (6654s)
  [passA] 2057500/2579741 tos=0 (6654s)
  [passA] 2058000/2579741 tos=0 (6654s)
  [passA] 2058500/2579741 tos=0 (6654s)
  [passA] 2059000/2579741 tos=0 (6654s)
  [passA] 2059500/2579741 tos=0 (6654s)
  [passA] 2060000/2579741 tos=0 (6654s)
  [passA] 2060500/2579741 tos=0 (6654s)
  [passA] 2061000/2579741 tos=0 (6655s)
  [passA] 2061500/2579741 tos=0 (6655s)
  [passA] 2062000/2579741 tos=0 (6655s)
  [passA] 2062500/2579741 tos=0 (6655s)
  [passA] 2063000/2579741 tos=0 (6655s)
  [passA] 2063500/2579741 tos=0 (6655s)
  [passA] 2064000/2579741 tos=0 (6655s)
  [passA] 2064500/2579741 tos=0 (6655s)
  [passA] 2065000/2579741 tos=0 (6655s)
  [passA] 2065500/2579741 tos=0 (6655s)
  [passA] 2066000/2579741 tos=0 (6655s)
  [passA] 2066500/2579741 tos=0 (6655s)
  [passA] 2067000/2579741 tos=0 (6655s)
  [passA] 2067500/2579741 tos=0 (6655s)
  [passA] 2068000/2579741 tos=0 (6655s)
  [passA] 2068500/2579741 tos=0 (6655s)
  [passA] 2069000/2579741 tos=0 (6655s)
  [passA] 2069500/2579741 tos=0 (6655s)
  [passA] 2070000/2579741 tos=0 (6655s)
  [passA] 2070500/2579741 tos=0 (6655s)
  [passA] 2071000/2579741 tos=0 (6656s)
  [passA] 2071500/2579741 tos=0 (6656s)
  [passA] 2072000/2579741 tos=0 (6656s)
  [passA] 2072500/2579741 tos=0 (6656s)
  [passA] 2073000/2579741 tos=0 (6656s)
  [passA] 2073500/2579741 tos=0 (6656s)
  [passA] 2074000/2579741 tos=0 (6656s)
  [passA] 2074500/2579741 tos=0 (6656s)
  [passA] 2075000/2579741 tos=0 (6656s)
  [passA] 2075500/2579741 tos=0 (6656s)
  [passA] 2076000/2579741 tos=0 (6656s)
  [passA] 2076500/2579741 tos=0 (6656s)
  [passA] 2077000/2579741 tos=0 (6656s)
  [passA] 2077500/2579741 tos=0 (6656s)
  [passA] 2078000/2579741 tos=0 (6656s)
  [passA] 2078500/2579741 tos=0 (6656s)
  [passA] 2079000/2579741 tos=0 (6656s)
  [passA] 2079500/2579741 tos=0 (6656s)
  [passA] 2080000/2579741 tos=0 (6656s)
  [passA] 2080500/2579741 tos=0 (6656s)
  [passA] 2081000/2579741 tos=0 (6657s)
  [passA] 2081500/2579741 tos=0 (6657s)
  [passA] 2082000/2579741 tos=0 (6657s)
  [passA] 2082500/2579741 tos=0 (6657s)
  [passA] 2083000/2579741 tos=0 (6657s)
  [passA] 2083500/2579741 tos=0 (6657s)
  [passA] 2084000/2579741 tos=0 (6657s)
  [passA] 2084500/2579741 tos=0 (6657s)
  [passA] 2085000/2579741 tos=0 (6657s)
  [passA] 2085500/2579741 tos=0 (6657s)
  [passA] 2086000/2579741 tos=0 (6657s)
  [passA] 2086500/2579741 tos=0 (6657s)
  [passA] 2087000/2579741 tos=0 (6657s)
  [passA] 2087500/2579741 tos=0 (6657s)
  [passA] 2088000/2579741 tos=0 (6657s)
  [passA] 2088500/2579741 tos=0 (6657s)
  [passA] 2089000/2579741 tos=0 (6657s)
  [passA] 2089500/2579741 tos=0 (6658s)
  [passA] 2090000/2579741 tos=0 (6658s)
  [passA] 2090500/2579741 tos=0 (6658s)
  [passA] 2091000/2579741 tos=0 (6658s)
  [passA] 2091500/2579741 tos=0 (6658s)
  [passA] 2092000/2579741 tos=0 (6658s)
  [passA] 2092500/2579741 tos=0 (6658s)
  [passA] 2093000/2579741 tos=0 (6658s)
  [passA] 2093500/2579741 tos=0 (6658s)
  [passA] 2094000/2579741 tos=0 (6658s)
  [passA] 2094500/2579741 tos=0 (6658s)
  [passA] 2095000/2579741 tos=0 (6658s)
  [passA] 2095500/2579741 tos=0 (6658s)
  [passA] 2096000/2579741 tos=0 (6658s)
  [passA] 2096500/2579741 tos=0 (6658s)
  [passA] 2097000/2579741 tos=0 (6658s)
  [passA] 2097500/2579741 tos=0 (6658s)
  [passA] 2098000/2579741 tos=0 (6658s)
  [passA] 2098500/2579741 tos=0 (6658s)
  [passA] 2099000/2579741 tos=0 (6658s)
  [passA] 2099500/2579741 tos=0 (6658s)
  [passA] 2100000/2579741 tos=0 (6658s)
  [passA] 2100500/2579741 tos=0 (6658s)
  [passA] 2101000/2579741 tos=0 (6659s)
  [passA] 2101500/2579741 tos=0 (6659s)
  [passA] 2102000/2579741 tos=0 (6659s)
  [passA] 2102500/2579741 tos=0 (6659s)
  [passA] 2103000/2579741 tos=0 (6659s)
  [passA] 2103500/2579741 tos=0 (6659s)
  [passA] 2104000/2579741 tos=0 (6659s)
  [passA] 2104500/2579741 tos=0 (6659s)
  [passA] 2105000/2579741 tos=0 (6659s)
  [passA] 2105500/2579741 tos=0 (6659s)
  [passA] 2106000/2579741 tos=0 (6659s)
  [passA] 2106500/2579741 tos=0 (6659s)
  [passA] 2107000/2579741 tos=0 (6659s)
  [passA] 2107500/2579741 tos=0 (6659s)
  [passA] 2108000/2579741 tos=0 (6659s)
  [passA] 2108500/2579741 tos=0 (6660s)
  [passA] 2109000/2579741 tos=0 (6660s)
  [passA] 2109500/2579741 tos=0 (6660s)
  [passA] 2110000/2579741 tos=0 (6660s)
  [passA] 2110500/2579741 tos=0 (6660s)
  [passA] 2111000/2579741 tos=0 (6660s)
  [passA] 2111500/2579741 tos=0 (6660s)
  [passA] 2112000/2579741 tos=0 (6660s)
  [passA] 2112500/2579741 tos=0 (6660s)
  [passA] 2113000/2579741 tos=0 (6660s)
  [passA] 2113500/2579741 tos=0 (6660s)
  [passA] 2114000/2579741 tos=0 (6660s)
  [passA] 2114500/2579741 tos=0 (6660s)
  [passA] 2115000/2579741 tos=0 (6660s)
  [passA] 2115500/2579741 tos=0 (6660s)
  [passA] 2116000/2579741 tos=0 (6660s)
  [passA] 2116500/2579741 tos=0 (6660s)
  [passA] 2117000/2579741 tos=0 (6660s)
  [passA] 2117500/2579741 tos=0 (6660s)
  [passA] 2118000/2579741 tos=0 (6660s)
  [passA] 2118500/2579741 tos=0 (6660s)
  [passA] 2119000/2579741 tos=0 (6660s)
  [passA] 2119500/2579741 tos=0 (6661s)
  [passA] 2120000/2579741 tos=0 (6661s)
  [passA] 2120500/2579741 tos=0 (6661s)
  [passA] 2121000/2579741 tos=0 (6661s)
  [passA] 2121500/2579741 tos=0 (6661s)
  [passA] 2122000/2579741 tos=0 (6661s)
  [passA] 2122500/2579741 tos=0 (6661s)
  [passA] 2123000/2579741 tos=0 (6661s)
  [passA] 2123500/2579741 tos=0 (6661s)
  [passA] 2124000/2579741 tos=0 (6661s)
  [passA] 2124500/2579741 tos=0 (6661s)
  [passA] 2125000/2579741 tos=0 (6661s)
  [passA] 2125500/2579741 tos=0 (6661s)
  [passA] 2126000/2579741 tos=0 (6661s)
  [passA] 2126500/2579741 tos=0 (6661s)
  [passA] 2127000/2579741 tos=0 (6661s)
  [passA] 2127500/2579741 tos=0 (6661s)
  [passA] 2128000/2579741 tos=0 (6661s)
  [passA] 2128500/2579741 tos=0 (6661s)
  [passA] 2129000/2579741 tos=0 (6662s)
  [passA] 2129500/2579741 tos=0 (6662s)
  [passA] 2130000/2579741 tos=0 (6662s)
  [passA] 2130500/2579741 tos=0 (6662s)
  [passA] 2131000/2579741 tos=0 (6662s)
  [passA] 2131500/2579741 tos=0 (6662s)
  [passA] 2132000/2579741 tos=0 (6662s)
  [passA] 2132500/2579741 tos=0 (6662s)
  [passA] 2133000/2579741 tos=0 (6662s)
  [passA] 2133500/2579741 tos=0 (6662s)
  [passA] 2134000/2579741 tos=0 (6662s)
  [passA] 2134500/2579741 tos=0 (6662s)
  [passA] 2135000/2579741 tos=0 (6662s)
  [passA] 2135500/2579741 tos=0 (6662s)
  [passA] 2136000/2579741 tos=0 (6662s)
  [passA] 2136500/2579741 tos=0 (6662s)
  [passA] 2137000/2579741 tos=0 (6662s)
  [passA] 2137500/2579741 tos=0 (6662s)
  [passA] 2138000/2579741 tos=0 (6662s)
  [passA] 2138500/2579741 tos=0 (6662s)
  [passA] 2139000/2579741 tos=0 (6662s)
  [passA] 2139500/2579741 tos=0 (6663s)
  [passA] 2140000/2579741 tos=0 (6663s)
  [passA] 2140500/2579741 tos=0 (6663s)
  [passA] 2141000/2579741 tos=0 (6663s)
  [passA] 2141500/2579741 tos=0 (6663s)
  [passA] 2142000/2579741 tos=0 (6663s)
  [passA] 2142500/2579741 tos=0 (6663s)
  [passA] 2143000/2579741 tos=0 (6663s)
  [passA] 2143500/2579741 tos=0 (6663s)
  [passA] 2144000/2579741 tos=0 (6663s)
  [passA] 2144500/2579741 tos=0 (6663s)
  [passA] 2145000/2579741 tos=0 (6663s)
  [passA] 2145500/2579741 tos=0 (6663s)
  [passA] 2146000/2579741 tos=0 (6663s)
  [passA] 2146500/2579741 tos=0 (6663s)
  [passA] 2147000/2579741 tos=0 (6663s)
  [passA] 2147500/2579741 tos=0 (6663s)
  [passA] 2148000/2579741 tos=0 (6663s)
  [passA] 2148500/2579741 tos=0 (6664s)
  [passA] 2149000/2579741 tos=0 (6664s)
  [passA] 2149500/2579741 tos=0 (6664s)
  [passA] 2150000/2579741 tos=0 (6664s)
  [passA] 2150500/2579741 tos=0 (6664s)
  [passA] 2151000/2579741 tos=0 (6664s)
  [passA] 2151500/2579741 tos=0 (6664s)
  [passA] 2152000/2579741 tos=0 (6664s)
  [passA] 2152500/2579741 tos=0 (6664s)
  [passA] 2153000/2579741 tos=0 (6664s)
  [passA] 2153500/2579741 tos=0 (6664s)
  [passA] 2154000/2579741 tos=0 (6664s)
  [passA] 2154500/2579741 tos=0 (6664s)
  [passA] 2155000/2579741 tos=0 (6664s)
  [passA] 2155500/2579741 tos=0 (6664s)
  [passA] 2156000/2579741 tos=0 (6664s)
  [passA] 2156500/2579741 tos=0 (6664s)
  [passA] 2157000/2579741 tos=0 (6664s)
  [passA] 2157500/2579741 tos=0 (6665s)
  [passA] 2158000/2579741 tos=0 (6665s)
  [passA] 2158500/2579741 tos=0 (6665s)
  [passA] 2159000/2579741 tos=0 (6665s)
  [passA] 2159500/2579741 tos=0 (6665s)
  [passA] 2160000/2579741 tos=0 (6665s)
  [passA] 2160500/2579741 tos=0 (6665s)
  [passA] 2161000/2579741 tos=0 (6665s)
  [passA] 2161500/2579741 tos=0 (6665s)
  [passA] 2162000/2579741 tos=0 (6665s)
  [passA] 2162500/2579741 tos=0 (6665s)
  [passA] 2163000/2579741 tos=0 (6665s)
  [passA] 2163500/2579741 tos=0 (6665s)
  [passA] 2164000/2579741 tos=0 (6665s)
  [passA] 2164500/2579741 tos=0 (6665s)
  [passA] 2165000/2579741 tos=0 (6665s)
  [passA] 2165500/2579741 tos=0 (6665s)
  [passA] 2166000/2579741 tos=0 (6665s)
  [passA] 2166500/2579741 tos=0 (6665s)
  [passA] 2167000/2579741 tos=0 (6665s)
  [passA] 2167500/2579741 tos=0 (6666s)
  [passA] 2168000/2579741 tos=0 (6666s)
  [passA] 2168500/2579741 tos=0 (6666s)
  [passA] 2169000/2579741 tos=0 (6666s)
  [passA] 2169500/2579741 tos=0 (6666s)
  [passA] 2170000/2579741 tos=0 (6666s)
  [passA] 2170500/2579741 tos=0 (6666s)
  [passA] 2171000/2579741 tos=0 (6666s)
  [passA] 2171500/2579741 tos=0 (6666s)
  [passA] 2172000/2579741 tos=0 (6666s)
  [passA] 2172500/2579741 tos=0 (6666s)
  [passA] 2173000/2579741 tos=0 (6666s)
  [passA] 2173500/2579741 tos=0 (6666s)
  [passA] 2174000/2579741 tos=0 (6666s)
  [passA] 2174500/2579741 tos=0 (6666s)
  [passA] 2175000/2579741 tos=0 (6666s)
  [passA] 2175500/2579741 tos=0 (6666s)
  [passA] 2176000/2579741 tos=0 (6666s)
  [passA] 2176500/2579741 tos=0 (6666s)
  [passA] 2177000/2579741 tos=0 (6666s)
  [passA] 2177500/2579741 tos=0 (6667s)
  [passA] 2178000/2579741 tos=0 (6667s)
  [passA] 2178500/2579741 tos=0 (6667s)
  [passA] 2179000/2579741 tos=0 (6667s)
  [passA] 2179500/2579741 tos=0 (6667s)
  [passA] 2180000/2579741 tos=0 (6667s)
  [passA] 2180500/2579741 tos=0 (6667s)
  [passA] 2181000/2579741 tos=0 (6667s)
  [passA] 2181500/2579741 tos=0 (6667s)
  [passA] 2182000/2579741 tos=0 (6667s)
  [passA] 2182500/2579741 tos=0 (6667s)
  [passA] 2183000/2579741 tos=0 (6667s)
  [passA] 2183500/2579741 tos=0 (6667s)
  [passA] 2184000/2579741 tos=0 (6667s)
  [passA] 2184500/2579741 tos=0 (6667s)
  [passA] 2185000/2579741 tos=0 (6667s)
  [passA] 2185500/2579741 tos=0 (6667s)
  [passA] 2186000/2579741 tos=0 (6667s)
  [passA] 2186500/2579741 tos=0 (6668s)
  [passA] 2187000/2579741 tos=0 (6668s)
  [passA] 2187500/2579741 tos=0 (6668s)
  [passA] 2188000/2579741 tos=0 (6668s)
  [passA] 2188500/2579741 tos=0 (6668s)
  [passA] 2189000/2579741 tos=0 (6668s)
  [passA] 2189500/2579741 tos=0 (6668s)
  [passA] 2190000/2579741 tos=0 (6668s)
  [passA] 2190500/2579741 tos=0 (6668s)
  [passA] 2191000/2579741 tos=0 (6668s)
  [passA] 2191500/2579741 tos=0 (6668s)
  [passA] 2192000/2579741 tos=0 (6668s)
  [passA] 2192500/2579741 tos=0 (6668s)
  [passA] 2193000/2579741 tos=0 (6668s)
  [passA] 2193500/2579741 tos=0 (6668s)
  [passA] 2194000/2579741 tos=0 (6668s)
  [passA] 2194500/2579741 tos=0 (6668s)
  [passA] 2195000/2579741 tos=0 (6668s)
  [passA] 2195500/2579741 tos=0 (6668s)
  [passA] 2196000/2579741 tos=0 (6668s)
  [passA] 2196500/2579741 tos=0 (6669s)
  [passA] 2197000/2579741 tos=0 (6669s)
  [passA] 2197500/2579741 tos=0 (6669s)
  [passA] 2198000/2579741 tos=0 (6669s)
  [passA] 2198500/2579741 tos=0 (6669s)
  [passA] 2199000/2579741 tos=0 (6669s)
  [passA] 2199500/2579741 tos=0 (6669s)
  [passA] 2200000/2579741 tos=0 (6669s)
  [passA] 2200500/2579741 tos=0 (6669s)
  [passA] 2201000/2579741 tos=0 (6669s)
  [passA] 2201500/2579741 tos=0 (6669s)
  [passA] 2202000/2579741 tos=0 (6669s)
  [passA] 2202500/2579741 tos=0 (6669s)
  [passA] 2203000/2579741 tos=0 (6669s)
  [passA] 2203500/2579741 tos=0 (6669s)
  [passA] 2204000/2579741 tos=0 (6669s)
  [passA] 2204500/2579741 tos=0 (6669s)
  [passA] 2205000/2579741 tos=0 (6670s)
  [passA] 2205500/2579741 tos=0 (6670s)
  [passA] 2206000/2579741 tos=0 (6670s)
  [passA] 2206500/2579741 tos=0 (6670s)
  [passA] 2207000/2579741 tos=0 (6670s)
  [passA] 2207500/2579741 tos=0 (6670s)
  [passA] 2208000/2579741 tos=0 (6670s)
  [passA] 2208500/2579741 tos=0 (6670s)
  [passA] 2209000/2579741 tos=0 (6670s)
  [passA] 2209500/2579741 tos=0 (6670s)
  [passA] 2210000/2579741 tos=0 (6670s)
  [passA] 2210500/2579741 tos=0 (6670s)
  [passA] 2211000/2579741 tos=0 (6670s)
  [passA] 2211500/2579741 tos=0 (6670s)
  [passA] 2212000/2579741 tos=0 (6670s)
  [passA] 2212500/2579741 tos=0 (6670s)
  [passA] 2213000/2579741 tos=0 (6670s)
  [passA] 2213500/2579741 tos=0 (6670s)
  [passA] 2214000/2579741 tos=0 (6670s)
  [passA] 2214500/2579741 tos=0 (6670s)
  [passA] 2215000/2579741 tos=0 (6671s)
  [passA] 2215500/2579741 tos=0 (6671s)
  [passA] 2216000/2579741 tos=0 (6671s)
  [passA] 2216500/2579741 tos=0 (6671s)
  [passA] 2217000/2579741 tos=0 (6671s)
  [passA] 2217500/2579741 tos=0 (6671s)
  [passA] 2218000/2579741 tos=0 (6671s)
  [passA] 2218500/2579741 tos=0 (6671s)
  [passA] 2219000/2579741 tos=0 (6671s)
  [passA] 2219500/2579741 tos=0 (6671s)
  [passA] 2220000/2579741 tos=0 (6671s)
  [passA] 2220500/2579741 tos=0 (6671s)
  [passA] 2221000/2579741 tos=0 (6671s)
  [passA] 2221500/2579741 tos=0 (6671s)
  [passA] 2222000/2579741 tos=0 (6671s)
  [passA] 2222500/2579741 tos=0 (6671s)
  [passA] 2223000/2579741 tos=0 (6671s)
  [passA] 2223500/2579741 tos=0 (6671s)
  [passA] 2224000/2579741 tos=0 (6671s)
  [passA] 2224500/2579741 tos=0 (6672s)
  [passA] 2225000/2579741 tos=0 (6672s)
  [passA] 2225500/2579741 tos=0 (6672s)
  [passA] 2226000/2579741 tos=0 (6672s)
  [passA] 2226500/2579741 tos=0 (6672s)
  [passA] 2227000/2579741 tos=0 (6672s)
  [passA] 2227500/2579741 tos=0 (6672s)
  [passA] 2228000/2579741 tos=0 (6672s)
  [passA] 2228500/2579741 tos=0 (6672s)
  [passA] 2229000/2579741 tos=0 (6672s)
  [passA] 2229500/2579741 tos=0 (6672s)
  [passA] 2230000/2579741 tos=0 (6672s)
  [passA] 2230500/2579741 tos=0 (6672s)
  [passA] 2231000/2579741 tos=0 (6672s)
  [passA] 2231500/2579741 tos=0 (6672s)
  [passA] 2232000/2579741 tos=0 (6672s)
  [passA] 2232500/2579741 tos=0 (6672s)
  [passA] 2233000/2579741 tos=0 (6672s)
  [passA] 2233500/2579741 tos=0 (6672s)
  [passA] 2234000/2579741 tos=0 (6673s)
  [passA] 2234500/2579741 tos=0 (6673s)
  [passA] 2235000/2579741 tos=0 (6673s)
  [passA] 2235500/2579741 tos=0 (6673s)
  [passA] 2236000/2579741 tos=0 (6673s)
  [passA] 2236500/2579741 tos=0 (6673s)
  [passA] 2237000/2579741 tos=0 (6673s)
  [passA] 2237500/2579741 tos=0 (6673s)
  [passA] 2238000/2579741 tos=0 (6673s)
  [passA] 2238500/2579741 tos=0 (6673s)
  [passA] 2239000/2579741 tos=0 (6673s)
  [passA] 2239500/2579741 tos=0 (6673s)
  [passA] 2240000/2579741 tos=0 (6673s)
  [passA] 2240500/2579741 tos=0 (6673s)
  [passA] 2241000/2579741 tos=0 (6673s)
  [passA] 2241500/2579741 tos=0 (6673s)
  [passA] 2242000/2579741 tos=0 (6673s)
  [passA] 2242500/2579741 tos=0 (6673s)
  [passA] 2243000/2579741 tos=0 (6673s)
  [passA] 2243500/2579741 tos=0 (6673s)
  [passA] 2244000/2579741 tos=0 (6673s)
  [passA] 2244500/2579741 tos=0 (6673s)
  [passA] 2245000/2579741 tos=0 (6673s)
  [passA] 2245500/2579741 tos=0 (6674s)
  [passA] 2246000/2579741 tos=0 (6674s)
  [passA] 2246500/2579741 tos=0 (6674s)
  [passA] 2247000/2579741 tos=0 (6674s)
  [passA] 2247500/2579741 tos=0 (6674s)
  [passA] 2248000/2579741 tos=0 (6674s)
  [passA] 2248500/2579741 tos=0 (6674s)
  [passA] 2249000/2579741 tos=0 (6674s)
  [passA] 2249500/2579741 tos=0 (6674s)
  [passA] 2250000/2579741 tos=0 (6674s)
  [passA] 2250500/2579741 tos=0 (6674s)
  [passA] 2251000/2579741 tos=0 (6674s)
  [passA] 2251500/2579741 tos=0 (6674s)
  [passA] 2252000/2579741 tos=0 (6674s)
  [passA] 2252500/2579741 tos=0 (6674s)
  [passA] 2253000/2579741 tos=0 (6674s)
  [passA] 2253500/2579741 tos=0 (6675s)
  [passA] 2254000/2579741 tos=0 (6675s)
  [passA] 2254500/2579741 tos=0 (6675s)
  [passA] 2255000/2579741 tos=0 (6675s)
  [passA] 2255500/2579741 tos=0 (6675s)
  [passA] 2256000/2579741 tos=0 (6675s)
  [passA] 2256500/2579741 tos=0 (6675s)
  [passA] 2257000/2579741 tos=0 (6675s)
  [passA] 2257500/2579741 tos=0 (6675s)
  [passA] 2258000/2579741 tos=0 (6675s)
  [passA] 2258500/2579741 tos=0 (6675s)
  [passA] 2259000/2579741 tos=0 (6675s)
  [passA] 2259500/2579741 tos=0 (6675s)
  [passA] 2260000/2579741 tos=0 (6675s)
  [passA] 2260500/2579741 tos=0 (6675s)
  [passA] 2261000/2579741 tos=0 (6675s)
  [passA] 2261500/2579741 tos=0 (6675s)
  [passA] 2262000/2579741 tos=0 (6675s)
  [passA] 2262500/2579741 tos=0 (6675s)
  [passA] 2263000/2579741 tos=0 (6675s)
  [passA] 2263500/2579741 tos=0 (6676s)
  [passA] 2264000/2579741 tos=0 (6676s)
  [passA] 2264500/2579741 tos=0 (6676s)
  [passA] 2265000/2579741 tos=0 (6676s)
  [passA] 2265500/2579741 tos=0 (6676s)
  [passA] 2266000/2579741 tos=0 (6676s)
  [passA] 2266500/2579741 tos=0 (6676s)
  [passA] 2267000/2579741 tos=0 (6676s)
  [passA] 2267500/2579741 tos=0 (6676s)
  [passA] 2268000/2579741 tos=0 (6676s)
  [passA] 2268500/2579741 tos=0 (6676s)
  [passA] 2269000/2579741 tos=0 (6676s)
  [passA] 2269500/2579741 tos=0 (6676s)
  [passA] 2270000/2579741 tos=0 (6676s)
  [passA] 2270500/2579741 tos=0 (6676s)
  [passA] 2271000/2579741 tos=0 (6676s)
  [passA] 2271500/2579741 tos=0 (6676s)
  [passA] 2272000/2579741 tos=0 (6676s)
  [passA] 2272500/2579741 tos=0 (6676s)
  [passA] 2273000/2579741 tos=0 (6677s)
  [passA] 2273500/2579741 tos=0 (6677s)
  [passA] 2274000/2579741 tos=0 (6677s)
  [passA] 2274500/2579741 tos=0 (6677s)
  [passA] 2275000/2579741 tos=0 (6677s)
  [passA] 2275500/2579741 tos=0 (6677s)
  [passA] 2276000/2579741 tos=0 (6677s)
  [passA] 2276500/2579741 tos=0 (6677s)
  [passA] 2277000/2579741 tos=0 (6677s)
  [passA] 2277500/2579741 tos=0 (6677s)
  [passA] 2278000/2579741 tos=0 (6677s)
  [passA] 2278500/2579741 tos=0 (6677s)
  [passA] 2279000/2579741 tos=0 (6677s)
  [passA] 2279500/2579741 tos=0 (6677s)
  [passA] 2280000/2579741 tos=0 (6677s)
  [passA] 2280500/2579741 tos=0 (6677s)
  [passA] 2281000/2579741 tos=0 (6677s)
  [passA] 2281500/2579741 tos=0 (6677s)
  [passA] 2282000/2579741 tos=0 (6677s)
  [passA] 2282500/2579741 tos=0 (6677s)
  [passA] 2283000/2579741 tos=0 (6677s)
  [passA] 2283500/2579741 tos=0 (6677s)
  [passA] 2284000/2579741 tos=0 (6678s)
  [passA] 2284500/2579741 tos=0 (6678s)
  [passA] 2285000/2579741 tos=0 (6678s)
  [passA] 2285500/2579741 tos=0 (6678s)
  [passA] 2286000/2579741 tos=0 (6678s)
  [passA] 2286500/2579741 tos=0 (6678s)
  [passA] 2287000/2579741 tos=0 (6678s)
  [passA] 2287500/2579741 tos=0 (6678s)
  [passA] 2288000/2579741 tos=0 (6678s)
  [passA] 2288500/2579741 tos=0 (6678s)
  [passA] 2289000/2579741 tos=0 (6678s)
  [passA] 2289500/2579741 tos=0 (6678s)
  [passA] 2290000/2579741 tos=0 (6678s)
  [passA] 2290500/2579741 tos=0 (6678s)
  [passA] 2291000/2579741 tos=0 (6678s)
  [passA] 2291500/2579741 tos=0 (6678s)
  [passA] 2292000/2579741 tos=0 (6678s)
  [passA] 2292500/2579741 tos=0 (6679s)
  [passA] 2293000/2579741 tos=0 (6679s)
  [passA] 2293500/2579741 tos=0 (6679s)
  [passA] 2294000/2579741 tos=0 (6679s)
  [passA] 2294500/2579741 tos=0 (6679s)
  [passA] 2295000/2579741 tos=0 (6679s)
  [passA] 2295500/2579741 tos=0 (6679s)
  [passA] 2296000/2579741 tos=0 (6679s)
  [passA] 2296500/2579741 tos=0 (6679s)
  [passA] 2297000/2579741 tos=0 (6679s)
  [passA] 2297500/2579741 tos=0 (6679s)
  [passA] 2298000/2579741 tos=0 (6679s)
  [passA] 2298500/2579741 tos=0 (6679s)
  [passA] 2299000/2579741 tos=0 (6679s)
  [passA] 2299500/2579741 tos=0 (6679s)
  [passA] 2300000/2579741 tos=0 (6679s)
  [passA] 2300500/2579741 tos=0 (6679s)
  [passA] 2301000/2579741 tos=0 (6679s)
  [passA] 2301500/2579741 tos=0 (6679s)
  [passA] 2302000/2579741 tos=0 (6679s)
  [passA] 2302500/2579741 tos=0 (6679s)
  [passA] 2303000/2579741 tos=0 (6680s)
  [passA] 2303500/2579741 tos=0 (6680s)
  [passA] 2304000/2579741 tos=0 (6680s)
  [passA] 2304500/2579741 tos=0 (6680s)
  [passA] 2305000/2579741 tos=0 (6680s)
  [passA] 2305500/2579741 tos=0 (6680s)
  [passA] 2306000/2579741 tos=0 (6680s)
  [passA] 2306500/2579741 tos=0 (6680s)
  [passA] 2307000/2579741 tos=0 (6680s)
  [passA] 2307500/2579741 tos=0 (6680s)
  [passA] 2308000/2579741 tos=0 (6680s)
  [passA] 2308500/2579741 tos=0 (6680s)
  [passA] 2309000/2579741 tos=0 (6680s)
  [passA] 2309500/2579741 tos=0 (6680s)
  [passA] 2310000/2579741 tos=0 (6680s)
  [passA] 2310500/2579741 tos=0 (6680s)
  [passA] 2311000/2579741 tos=0 (6680s)
  [passA] 2311500/2579741 tos=0 (6680s)
  [passA] 2312000/2579741 tos=0 (6680s)
  [passA] 2312500/2579741 tos=0 (6680s)
  [passA] 2313000/2579741 tos=0 (6681s)
  [passA] 2313500/2579741 tos=0 (6681s)
  [passA] 2314000/2579741 tos=0 (6681s)
  [passA] 2314500/2579741 tos=0 (6681s)
  [passA] 2315000/2579741 tos=0 (6681s)
  [passA] 2315500/2579741 tos=0 (6681s)
  [passA] 2316000/2579741 tos=0 (6681s)
  [passA] 2316500/2579741 tos=0 (6681s)
  [passA] 2317000/2579741 tos=0 (6681s)
  [passA] 2317500/2579741 tos=0 (6681s)
  [passA] 2318000/2579741 tos=0 (6681s)
  [passA] 2318500/2579741 tos=0 (6681s)
  [passA] 2319000/2579741 tos=0 (6681s)
  [passA] 2319500/2579741 tos=0 (6681s)
  [passA] 2320000/2579741 tos=0 (6681s)
  [passA] 2320500/2579741 tos=0 (6681s)
  [passA] 2321000/2579741 tos=0 (6681s)
  [passA] 2321500/2579741 tos=0 (6681s)
  [passA] 2322000/2579741 tos=0 (6681s)
  [passA] 2322500/2579741 tos=0 (6681s)
  [passA] 2323000/2579741 tos=0 (6682s)
  [passA] 2323500/2579741 tos=0 (6682s)
  [passA] 2324000/2579741 tos=0 (6682s)
  [passA] 2324500/2579741 tos=0 (6682s)
  [passA] 2325000/2579741 tos=0 (6682s)
  [passA] 2325500/2579741 tos=0 (6682s)
  [passA] 2326000/2579741 tos=0 (6682s)
  [passA] 2326500/2579741 tos=0 (6682s)
  [passA] 2327000/2579741 tos=0 (6682s)
  [passA] 2327500/2579741 tos=0 (6682s)
  [passA] 2328000/2579741 tos=0 (6682s)
  [passA] 2328500/2579741 tos=0 (6682s)
  [passA] 2329000/2579741 tos=0 (6682s)
  [passA] 2329500/2579741 tos=0 (6682s)
  [passA] 2330000/2579741 tos=0 (6682s)
  [passA] 2330500/2579741 tos=0 (6682s)
  [passA] 2331000/2579741 tos=0 (6682s)
  [passA] 2331500/2579741 tos=0 (6682s)
  [passA] 2332000/2579741 tos=0 (6683s)
  [passA] 2332500/2579741 tos=0 (6683s)
  [passA] 2333000/2579741 tos=0 (6683s)
  [passA] 2333500/2579741 tos=0 (6683s)
  [passA] 2334000/2579741 tos=0 (6683s)
  [passA] 2334500/2579741 tos=0 (6683s)
  [passA] 2335000/2579741 tos=0 (6683s)
  [passA] 2335500/2579741 tos=0 (6683s)
  [passA] 2336000/2579741 tos=0 (6683s)
  [passA] 2336500/2579741 tos=0 (6683s)
  [passA] 2337000/2579741 tos=0 (6683s)
  [passA] 2337500/2579741 tos=0 (6683s)
  [passA] 2338000/2579741 tos=0 (6683s)
  [passA] 2338500/2579741 tos=0 (6683s)
  [passA] 2339000/2579741 tos=0 (6683s)
  [passA] 2339500/2579741 tos=0 (6683s)
  [passA] 2340000/2579741 tos=0 (6683s)
  [passA] 2340500/2579741 tos=0 (6683s)
  [passA] 2341000/2579741 tos=0 (6683s)
  [passA] 2341500/2579741 tos=0 (6683s)
  [passA] 2342000/2579741 tos=0 (6684s)
  [passA] 2342500/2579741 tos=0 (6684s)
  [passA] 2343000/2579741 tos=0 (6684s)
  [passA] 2343500/2579741 tos=0 (6684s)
  [passA] 2344000/2579741 tos=0 (6684s)
  [passA] 2344500/2579741 tos=0 (6684s)
  [passA] 2345000/2579741 tos=0 (6684s)
  [passA] 2345500/2579741 tos=0 (6684s)
  [passA] 2346000/2579741 tos=0 (6684s)
  [passA] 2346500/2579741 tos=0 (6684s)
  [passA] 2347000/2579741 tos=0 (6684s)
  [passA] 2347500/2579741 tos=0 (6684s)
  [passA] 2348000/2579741 tos=0 (6684s)
  [passA] 2348500/2579741 tos=0 (6684s)
  [passA] 2349000/2579741 tos=0 (6684s)
  [passA] 2349500/2579741 tos=0 (6684s)
  [passA] 2350000/2579741 tos=0 (6684s)
  [passA] 2350500/2579741 tos=0 (6684s)
  [passA] 2351000/2579741 tos=0 (6684s)
  [passA] 2351500/2579741 tos=0 (6684s)
  [passA] 2352000/2579741 tos=0 (6684s)
  [passA] 2352500/2579741 tos=0 (6685s)
  [passA] 2353000/2579741 tos=0 (6685s)
  [passA] 2353500/2579741 tos=0 (6685s)
  [passA] 2354000/2579741 tos=0 (6685s)
  [passA] 2354500/2579741 tos=0 (6685s)
  [passA] 2355000/2579741 tos=0 (6685s)
  [passA] 2355500/2579741 tos=0 (6685s)
  [passA] 2356000/2579741 tos=0 (6685s)
  [passA] 2356500/2579741 tos=0 (6685s)
  [passA] 2357000/2579741 tos=0 (6685s)
  [passA] 2357500/2579741 tos=0 (6685s)
  [passA] 2358000/2579741 tos=0 (6685s)
  [passA] 2358500/2579741 tos=0 (6685s)
  [passA] 2359000/2579741 tos=0 (6685s)
  [passA] 2359500/2579741 tos=0 (6685s)
  [passA] 2360000/2579741 tos=0 (6685s)
  [passA] 2360500/2579741 tos=0 (6685s)
  [passA] 2361000/2579741 tos=0 (6685s)
  [passA] 2361500/2579741 tos=0 (6685s)
  [passA] 2362000/2579741 tos=0 (6686s)
  [passA] 2362500/2579741 tos=0 (6686s)
  [passA] 2363000/2579741 tos=0 (6686s)
  [passA] 2363500/2579741 tos=0 (6686s)
  [passA] 2364000/2579741 tos=0 (6686s)
  [passA] 2364500/2579741 tos=0 (6686s)
  [passA] 2365000/2579741 tos=0 (6686s)
  [passA] 2365500/2579741 tos=0 (6686s)
  [passA] 2366000/2579741 tos=0 (6686s)
  [passA] 2366500/2579741 tos=0 (6686s)
  [passA] 2367000/2579741 tos=0 (6686s)
  [passA] 2367500/2579741 tos=0 (6686s)
  [passA] 2368000/2579741 tos=0 (6686s)
  [passA] 2368500/2579741 tos=0 (6686s)
  [passA] 2369000/2579741 tos=0 (6686s)
  [passA] 2369500/2579741 tos=0 (6686s)
  [passA] 2370000/2579741 tos=0 (6686s)
  [passA] 2370500/2579741 tos=0 (6686s)
  [passA] 2371000/2579741 tos=0 (6686s)
  [passA] 2371500/2579741 tos=0 (6686s)
  [passA] 2372000/2579741 tos=0 (6687s)
  [passA] 2372500/2579741 tos=0 (6687s)
  [passA] 2373000/2579741 tos=0 (6687s)
  [passA] 2373500/2579741 tos=0 (6687s)
  [passA] 2374000/2579741 tos=0 (6687s)
  [passA] 2374500/2579741 tos=0 (6687s)
  [passA] 2375000/2579741 tos=0 (6687s)
  [passA] 2375500/2579741 tos=0 (6687s)
  [passA] 2376000/2579741 tos=0 (6687s)
  [passA] 2376500/2579741 tos=0 (6687s)
  [passA] 2377000/2579741 tos=0 (6687s)
  [passA] 2377500/2579741 tos=0 (6687s)
  [passA] 2378000/2579741 tos=0 (6687s)
  [passA] 2378500/2579741 tos=0 (6687s)
  [passA] 2379000/2579741 tos=0 (6687s)
  [passA] 2379500/2579741 tos=0 (6687s)
  [passA] 2380000/2579741 tos=0 (6687s)
  [passA] 2380500/2579741 tos=0 (6687s)
  [passA] 2381000/2579741 tos=0 (6687s)
  [passA] 2381500/2579741 tos=0 (6688s)
  [passA] 2382000/2579741 tos=0 (6688s)
  [passA] 2382500/2579741 tos=0 (6688s)
  [passA] 2383000/2579741 tos=0 (6688s)
  [passA] 2383500/2579741 tos=0 (6688s)
  [passA] 2384000/2579741 tos=0 (6688s)
  [passA] 2384500/2579741 tos=0 (6688s)
  [passA] 2385000/2579741 tos=0 (6688s)
  [passA] 2385500/2579741 tos=0 (6688s)
  [passA] 2386000/2579741 tos=0 (6688s)
  [passA] 2386500/2579741 tos=0 (6688s)
  [passA] 2387000/2579741 tos=0 (6688s)
  [passA] 2387500/2579741 tos=0 (6688s)
  [passA] 2388000/2579741 tos=0 (6688s)
  [passA] 2388500/2579741 tos=0 (6688s)
  [passA] 2389000/2579741 tos=0 (6688s)
  [passA] 2389500/2579741 tos=0 (6688s)
  [passA] 2390000/2579741 tos=0 (6688s)
  [passA] 2390500/2579741 tos=0 (6688s)
  [passA] 2391000/2579741 tos=0 (6688s)
  [passA] 2391500/2579741 tos=0 (6689s)
  [passA] 2392000/2579741 tos=0 (6689s)
  [passA] 2392500/2579741 tos=0 (6689s)
  [passA] 2393000/2579741 tos=0 (6689s)
  [passA] 2393500/2579741 tos=0 (6689s)
  [passA] 2394000/2579741 tos=0 (6689s)
  [passA] 2394500/2579741 tos=0 (6689s)
  [passA] 2395000/2579741 tos=0 (6689s)
  [passA] 2395500/2579741 tos=0 (6689s)
  [passA] 2396000/2579741 tos=0 (6689s)
  [passA] 2396500/2579741 tos=0 (6689s)
  [passA] 2397000/2579741 tos=0 (6689s)
  [passA] 2397500/2579741 tos=0 (6689s)
  [passA] 2398000/2579741 tos=0 (6689s)
  [passA] 2398500/2579741 tos=0 (6689s)
  [passA] 2399000/2579741 tos=0 (6689s)
  [passA] 2399500/2579741 tos=0 (6689s)
  [passA] 2400000/2579741 tos=0 (6689s)
  [passA] 2400500/2579741 tos=0 (6689s)
  [passA] 2401000/2579741 tos=0 (6690s)
  [passA] 2401500/2579741 tos=0 (6690s)
  [passA] 2402000/2579741 tos=0 (6690s)
  [passA] 2402500/2579741 tos=0 (6690s)
  [passA] 2403000/2579741 tos=0 (6690s)
  [passA] 2403500/2579741 tos=0 (6690s)
  [passA] 2404000/2579741 tos=0 (6690s)
  [passA] 2404500/2579741 tos=0 (6690s)
  [passA] 2405000/2579741 tos=0 (6690s)
  [passA] 2405500/2579741 tos=0 (6690s)
  [passA] 2406000/2579741 tos=0 (6690s)
  [passA] 2406500/2579741 tos=0 (6690s)
  [passA] 2407000/2579741 tos=0 (6690s)
  [passA] 2407500/2579741 tos=0 (6690s)
  [passA] 2408000/2579741 tos=0 (6690s)
  [passA] 2408500/2579741 tos=0 (6690s)
  [passA] 2409000/2579741 tos=0 (6690s)
  [passA] 2409500/2579741 tos=0 (6690s)
  [passA] 2410000/2579741 tos=0 (6690s)
  [passA] 2410500/2579741 tos=0 (6690s)
  [passA] 2411000/2579741 tos=0 (6691s)
  [passA] 2411500/2579741 tos=0 (6691s)
  [passA] 2412000/2579741 tos=0 (6691s)
  [passA] 2412500/2579741 tos=0 (6691s)
  [passA] 2413000/2579741 tos=0 (6691s)
  [passA] 2413500/2579741 tos=0 (6691s)
  [passA] 2414000/2579741 tos=0 (6691s)
  [passA] 2414500/2579741 tos=0 (6691s)
  [passA] 2415000/2579741 tos=0 (6691s)
  [passA] 2415500/2579741 tos=0 (6691s)
  [passA] 2416000/2579741 tos=0 (6691s)
  [passA] 2416500/2579741 tos=0 (6691s)
  [passA] 2417000/2579741 tos=0 (6691s)
  [passA] 2417500/2579741 tos=0 (6691s)
  [passA] 2418000/2579741 tos=0 (6691s)
  [passA] 2418500/2579741 tos=0 (6691s)
  [passA] 2419000/2579741 tos=0 (6691s)
  [passA] 2419500/2579741 tos=0 (6691s)
  [passA] 2420000/2579741 tos=0 (6691s)
  [passA] 2420500/2579741 tos=0 (6692s)
  [passA] 2421000/2579741 tos=0 (6692s)
  [passA] 2421500/2579741 tos=0 (6692s)
  [passA] 2422000/2579741 tos=0 (6692s)
  [passA] 2422500/2579741 tos=0 (6692s)
  [passA] 2423000/2579741 tos=0 (6692s)
  [passA] 2423500/2579741 tos=0 (6692s)
  [passA] 2424000/2579741 tos=0 (6692s)
  [passA] 2424500/2579741 tos=0 (6692s)
  [passA] 2425000/2579741 tos=0 (6692s)
  [passA] 2425500/2579741 tos=0 (6692s)
  [passA] 2426000/2579741 tos=0 (6692s)
  [passA] 2426500/2579741 tos=0 (6692s)
  [passA] 2427000/2579741 tos=0 (6692s)
  [passA] 2427500/2579741 tos=0 (6692s)
  [passA] 2428000/2579741 tos=0 (6692s)
  [passA] 2428500/2579741 tos=0 (6692s)
  [passA] 2429000/2579741 tos=0 (6692s)
  [passA] 2429500/2579741 tos=0 (6692s)
  [passA] 2430000/2579741 tos=0 (6692s)
  [passA] 2430500/2579741 tos=0 (6693s)
  [passA] 2431000/2579741 tos=0 (6693s)
  [passA] 2431500/2579741 tos=0 (6693s)
  [passA] 2432000/2579741 tos=0 (6693s)
  [passA] 2432500/2579741 tos=0 (6693s)
  [passA] 2433000/2579741 tos=0 (6693s)
  [passA] 2433500/2579741 tos=0 (6693s)
  [passA] 2434000/2579741 tos=0 (6693s)
  [passA] 2434500/2579741 tos=0 (6693s)
  [passA] 2435000/2579741 tos=0 (6693s)
  [passA] 2435500/2579741 tos=0 (6693s)
  [passA] 2436000/2579741 tos=0 (6693s)
  [passA] 2436500/2579741 tos=0 (6693s)
  [passA] 2437000/2579741 tos=0 (6693s)
  [passA] 2437500/2579741 tos=0 (6693s)
  [passA] 2438000/2579741 tos=0 (6693s)
  [passA] 2438500/2579741 tos=0 (6693s)
  [passA] 2439000/2579741 tos=0 (6693s)
  [passA] 2439500/2579741 tos=0 (6693s)
  [passA] 2440000/2579741 tos=0 (6694s)
  [passA] 2440500/2579741 tos=0 (6694s)
  [passA] 2441000/2579741 tos=0 (6694s)
  [passA] 2441500/2579741 tos=0 (6694s)
  [passA] 2442000/2579741 tos=0 (6694s)
  [passA] 2442500/2579741 tos=0 (6694s)
  [passA] 2443000/2579741 tos=0 (6694s)
  [passA] 2443500/2579741 tos=0 (6694s)
  [passA] 2444000/2579741 tos=0 (6694s)
  [passA] 2444500/2579741 tos=0 (6694s)
  [passA] 2445000/2579741 tos=0 (6694s)
  [passA] 2445500/2579741 tos=0 (6694s)
  [passA] 2446000/2579741 tos=0 (6694s)
  [passA] 2446500/2579741 tos=0 (6694s)
  [passA] 2447000/2579741 tos=0 (6694s)
  [passA] 2447500/2579741 tos=0 (6694s)
  [passA] 2448000/2579741 tos=0 (6694s)
  [passA] 2448500/2579741 tos=0 (6694s)
  [passA] 2449000/2579741 tos=0 (6694s)
  [passA] 2449500/2579741 tos=0 (6695s)
  [passA] 2450000/2579741 tos=0 (6695s)
  [passA] 2450500/2579741 tos=0 (6695s)
  [passA] 2451000/2579741 tos=0 (6695s)
  [passA] 2451500/2579741 tos=0 (6695s)
  [passA] 2452000/2579741 tos=0 (6695s)
  [passA] 2452500/2579741 tos=0 (6695s)
  [passA] 2453000/2579741 tos=0 (6695s)
  [passA] 2453500/2579741 tos=0 (6695s)
  [passA] 2454000/2579741 tos=0 (6695s)
  [passA] 2454500/2579741 tos=0 (6695s)
  [passA] 2455000/2579741 tos=0 (6695s)
  [passA] 2455500/2579741 tos=0 (6695s)
  [passA] 2456000/2579741 tos=0 (6695s)
  [passA] 2456500/2579741 tos=0 (6695s)
  [passA] 2457000/2579741 tos=0 (6695s)
  [passA] 2457500/2579741 tos=0 (6695s)
  [passA] 2458000/2579741 tos=0 (6695s)
  [passA] 2458500/2579741 tos=0 (6695s)
  [passA] 2459000/2579741 tos=0 (6695s)
  [passA] 2459500/2579741 tos=0 (6696s)
  [passA] 2460000/2579741 tos=0 (6696s)
  [passA] 2460500/2579741 tos=0 (6696s)
  [passA] 2461000/2579741 tos=0 (6696s)
  [passA] 2461500/2579741 tos=0 (6696s)
  [passA] 2462000/2579741 tos=0 (6696s)
  [passA] 2462500/2579741 tos=0 (6696s)
  [passA] 2463000/2579741 tos=0 (6696s)
  [passA] 2463500/2579741 tos=0 (6696s)
  [passA] 2464000/2579741 tos=0 (6696s)
  [passA] 2464500/2579741 tos=0 (6696s)
  [passA] 2465000/2579741 tos=0 (6696s)
  [passA] 2465500/2579741 tos=0 (6696s)
  [passA] 2466000/2579741 tos=0 (6696s)
  [passA] 2466500/2579741 tos=0 (6696s)
  [passA] 2467000/2579741 tos=0 (6696s)
  [passA] 2467500/2579741 tos=0 (6696s)
  [passA] 2468000/2579741 tos=0 (6696s)
  [passA] 2468500/2579741 tos=0 (6696s)
  [passA] 2469000/2579741 tos=0 (6696s)
  [passA] 2469500/2579741 tos=0 (6696s)
  [passA] 2470000/2579741 tos=0 (6697s)
  [passA] 2470500/2579741 tos=0 (6697s)
  [passA] 2471000/2579741 tos=0 (6697s)
  [passA] 2471500/2579741 tos=0 (6697s)
  [passA] 2472000/2579741 tos=0 (6697s)
  [passA] 2472500/2579741 tos=0 (6697s)
  [passA] 2473000/2579741 tos=0 (6697s)
  [passA] 2473500/2579741 tos=0 (6697s)
  [passA] 2474000/2579741 tos=0 (6697s)
  [passA] 2474500/2579741 tos=0 (6697s)
  [passA] 2475000/2579741 tos=0 (6697s)
  [passA] 2475500/2579741 tos=0 (6697s)
  [passA] 2476000/2579741 tos=0 (6697s)
  [passA] 2476500/2579741 tos=0 (6697s)
  [passA] 2477000/2579741 tos=0 (6697s)
  [passA] 2477500/2579741 tos=0 (6697s)
  [passA] 2478000/2579741 tos=0 (6697s)
  [passA] 2478500/2579741 tos=0 (6697s)
  [passA] 2479000/2579741 tos=0 (6698s)
  [passA] 2479500/2579741 tos=0 (6698s)
  [passA] 2480000/2579741 tos=0 (6698s)
  [passA] 2480500/2579741 tos=0 (6698s)
  [passA] 2481000/2579741 tos=0 (6698s)
  [passA] 2481500/2579741 tos=0 (6698s)
  [passA] 2482000/2579741 tos=0 (6698s)
  [passA] 2482500/2579741 tos=0 (6698s)
  [passA] 2483000/2579741 tos=0 (6698s)
  [passA] 2483500/2579741 tos=0 (6698s)
  [passA] 2484000/2579741 tos=0 (6698s)
  [passA] 2484500/2579741 tos=0 (6698s)
  [passA] 2485000/2579741 tos=0 (6698s)
  [passA] 2485500/2579741 tos=0 (6698s)
  [passA] 2486000/2579741 tos=0 (6698s)
  [passA] 2486500/2579741 tos=0 (6698s)
  [passA] 2487000/2579741 tos=0 (6698s)
  [passA] 2487500/2579741 tos=0 (6698s)
  [passA] 2488000/2579741 tos=0 (6698s)
  [passA] 2488500/2579741 tos=0 (6698s)
  [passA] 2489000/2579741 tos=0 (6698s)
  [passA] 2489500/2579741 tos=0 (6699s)
  [passA] 2490000/2579741 tos=0 (6699s)
  [passA] 2490500/2579741 tos=0 (6699s)
  [passA] 2491000/2579741 tos=0 (6699s)
  [passA] 2491500/2579741 tos=0 (6699s)
  [passA] 2492000/2579741 tos=0 (6699s)
  [passA] 2492500/2579741 tos=0 (6699s)
  [passA] 2493000/2579741 tos=0 (6699s)
  [passA] 2493500/2579741 tos=0 (6699s)
  [passA] 2494000/2579741 tos=0 (6699s)
  [passA] 2494500/2579741 tos=0 (6699s)
  [passA] 2495000/2579741 tos=0 (6699s)
  [passA] 2495500/2579741 tos=0 (6699s)
  [passA] 2496000/2579741 tos=0 (6699s)
  [passA] 2496500/2579741 tos=0 (6699s)
  [passA] 2497000/2579741 tos=0 (6699s)
  [passA] 2497500/2579741 tos=0 (6699s)
  [passA] 2498000/2579741 tos=0 (6699s)
  [passA] 2498500/2579741 tos=0 (6699s)
  [passA] 2499000/2579741 tos=0 (6699s)
  [passA] 2499500/2579741 tos=0 (6699s)
  [passA] 2500000/2579741 tos=0 (6699s)
  [passA] 2500500/2579741 tos=0 (6700s)
  [passA] 2501000/2579741 tos=0 (6700s)
  [passA] 2501500/2579741 tos=0 (6700s)
  [passA] 2502000/2579741 tos=0 (6700s)
  [passA] 2502500/2579741 tos=0 (6700s)
  [passA] 2503000/2579741 tos=0 (6700s)
  [passA] 2503500/2579741 tos=0 (6700s)
  [passA] 2504000/2579741 tos=0 (6700s)
  [passA] 2504500/2579741 tos=0 (6700s)
  [passA] 2505000/2579741 tos=0 (6700s)
  [passA] 2505500/2579741 tos=0 (6700s)
  [passA] 2506000/2579741 tos=0 (6700s)
  [passA] 2506500/2579741 tos=0 (6700s)
  [passA] 2507000/2579741 tos=0 (6700s)
  [passA] 2507500/2579741 tos=0 (6700s)
  [passA] 2508000/2579741 tos=0 (6700s)
  [passA] 2508500/2579741 tos=0 (6700s)
  [passA] 2509000/2579741 tos=0 (6700s)
  [passA] 2509500/2579741 tos=0 (6700s)
  [passA] 2510000/2579741 tos=0 (6700s)
  [passA] 2510500/2579741 tos=0 (6701s)
  [passA] 2511000/2579741 tos=0 (6701s)
  [passA] 2511500/2579741 tos=0 (6701s)
  [passA] 2512000/2579741 tos=0 (6701s)
  [passA] 2512500/2579741 tos=0 (6701s)
  [passA] 2513000/2579741 tos=0 (6701s)
  [passA] 2513500/2579741 tos=0 (6701s)
  [passA] 2514000/2579741 tos=0 (6701s)
  [passA] 2514500/2579741 tos=0 (6701s)
  [passA] 2515000/2579741 tos=0 (6701s)
  [passA] 2515500/2579741 tos=0 (6701s)
  [passA] 2516000/2579741 tos=0 (6701s)
  [passA] 2516500/2579741 tos=0 (6701s)
  [passA] 2517000/2579741 tos=0 (6701s)
  [passA] 2517500/2579741 tos=0 (6701s)
  [passA] 2518000/2579741 tos=0 (6701s)
  [passA] 2518500/2579741 tos=0 (6701s)
  [passA] 2519000/2579741 tos=0 (6701s)
  [passA] 2519500/2579741 tos=0 (6701s)
  [passA] 2520000/2579741 tos=0 (6702s)
  [passA] 2520500/2579741 tos=0 (6702s)
  [passA] 2521000/2579741 tos=0 (6702s)
  [passA] 2521500/2579741 tos=0 (6702s)
  [passA] 2522000/2579741 tos=0 (6702s)
  [passA] 2522500/2579741 tos=0 (6702s)
  [passA] 2523000/2579741 tos=0 (6702s)
  [passA] 2523500/2579741 tos=0 (6702s)
  [passA] 2524000/2579741 tos=0 (6702s)
  [passA] 2524500/2579741 tos=0 (6702s)
  [passA] 2525000/2579741 tos=0 (6702s)
  [passA] 2525500/2579741 tos=0 (6702s)
  [passA] 2526000/2579741 tos=0 (6702s)
  [passA] 2526500/2579741 tos=0 (6702s)
  [passA] 2527000/2579741 tos=0 (6702s)
  [passA] 2527500/2579741 tos=0 (6702s)
  [passA] 2528000/2579741 tos=0 (6702s)
  [passA] 2528500/2579741 tos=0 (6702s)
  [passA] 2529000/2579741 tos=0 (6702s)
  [passA] 2529500/2579741 tos=0 (6703s)
  [passA] 2530000/2579741 tos=0 (6703s)
  [passA] 2530500/2579741 tos=0 (6703s)
  [passA] 2531000/2579741 tos=0 (6703s)
  [passA] 2531500/2579741 tos=0 (6703s)
  [passA] 2532000/2579741 tos=0 (6703s)
  [passA] 2532500/2579741 tos=0 (6703s)
  [passA] 2533000/2579741 tos=0 (6703s)
  [passA] 2533500/2579741 tos=0 (6703s)
  [passA] 2534000/2579741 tos=0 (6703s)
  [passA] 2534500/2579741 tos=0 (6703s)
  [passA] 2535000/2579741 tos=0 (6703s)
  [passA] 2535500/2579741 tos=0 (6703s)
  [passA] 2536000/2579741 tos=0 (6703s)
  [passA] 2536500/2579741 tos=0 (6703s)
  [passA] 2537000/2579741 tos=0 (6703s)
  [passA] 2537500/2579741 tos=0 (6703s)
  [passA] 2538000/2579741 tos=0 (6703s)
  [passA] 2538500/2579741 tos=0 (6703s)
  [passA] 2539000/2579741 tos=0 (6703s)
  [passA] 2539500/2579741 tos=0 (6703s)
  [passA] 2540000/2579741 tos=0 (6703s)
  [passA] 2540500/2579741 tos=0 (6703s)
  [passA] 2541000/2579741 tos=0 (6704s)
  [passA] 2541500/2579741 tos=0 (6704s)
  [passA] 2542000/2579741 tos=0 (6704s)
  [passA] 2542500/2579741 tos=0 (6704s)
  [passA] 2543000/2579741 tos=0 (6704s)
  [passA] 2543500/2579741 tos=0 (6704s)
  [passA] 2544000/2579741 tos=0 (6704s)
  [passA] 2544500/2579741 tos=0 (6704s)
  [passA] 2545000/2579741 tos=0 (6704s)
  [passA] 2545500/2579741 tos=0 (6704s)
  [passA] 2546000/2579741 tos=0 (6704s)
  [passA] 2546500/2579741 tos=0 (6704s)
  [passA] 2547000/2579741 tos=0 (6704s)
  [passA] 2547500/2579741 tos=0 (6704s)
  [passA] 2548000/2579741 tos=0 (6704s)
  [passA] 2548500/2579741 tos=0 (6704s)
  [passA] 2549000/2579741 tos=0 (6704s)
  [passA] 2549500/2579741 tos=0 (6705s)
  [passA] 2550000/2579741 tos=0 (6705s)
  [passA] 2550500/2579741 tos=0 (6705s)
  [passA] 2551000/2579741 tos=0 (6705s)
  [passA] 2551500/2579741 tos=0 (6705s)
  [passA] 2552000/2579741 tos=0 (6705s)
  [passA] 2552500/2579741 tos=0 (6705s)
  [passA] 2553000/2579741 tos=0 (6705s)
  [passA] 2553500/2579741 tos=0 (6705s)
  [passA] 2554000/2579741 tos=0 (6705s)
  [passA] 2554500/2579741 tos=0 (6705s)
  [passA] 2555000/2579741 tos=0 (6705s)
  [passA] 2555500/2579741 tos=0 (6705s)
  [passA] 2556000/2579741 tos=0 (6705s)
  [passA] 2556500/2579741 tos=0 (6705s)
  [passA] 2557000/2579741 tos=0 (6705s)
  [passA] 2557500/2579741 tos=0 (6705s)
  [passA] 2558000/2579741 tos=0 (6705s)
  [passA] 2558500/2579741 tos=0 (6705s)
  [passA] 2559000/2579741 tos=0 (6705s)
  [passA] 2559500/2579741 tos=0 (6706s)
  [passA] 2560000/2579741 tos=0 (6706s)
  [passA] 2560500/2579741 tos=0 (6706s)
  [passA] 2561000/2579741 tos=0 (6706s)
  [passA] 2561500/2579741 tos=0 (6706s)
  [passA] 2562000/2579741 tos=0 (6706s)
  [passA] 2562500/2579741 tos=0 (6706s)
  [passA] 2563000/2579741 tos=0 (6706s)
  [passA] 2563500/2579741 tos=0 (6706s)
  [passA] 2564000/2579741 tos=0 (6706s)
  [passA] 2564500/2579741 tos=0 (6706s)
  [passA] 2565000/2579741 tos=0 (6706s)
  [passA] 2565500/2579741 tos=0 (6706s)
  [passA] 2566000/2579741 tos=0 (6706s)
  [passA] 2566500/2579741 tos=0 (6706s)
  [passA] 2567000/2579741 tos=0 (6706s)
  [passA] 2567500/2579741 tos=0 (6706s)
  [passA] 2568000/2579741 tos=0 (6706s)
  [passA] 2568500/2579741 tos=0 (6706s)
  [passA] 2569000/2579741 tos=0 (6706s)
  [passA] 2569500/2579741 tos=0 (6706s)
  [passA] 2570000/2579741 tos=0 (6706s)
  [passA] 2570500/2579741 tos=0 (6707s)
  [passA] 2571000/2579741 tos=0 (6707s)
  [passA] 2571500/2579741 tos=0 (6707s)
  [passA] 2572000/2579741 tos=0 (6707s)
  [passA] 2572500/2579741 tos=0 (6707s)
  [passA] 2573000/2579741 tos=0 (6707s)
  [passA] 2573500/2579741 tos=0 (6707s)
  [passA] 2574000/2579741 tos=0 (6707s)
  [passA] 2574500/2579741 tos=0 (6707s)
  [passA] 2575000/2579741 tos=0 (6707s)
  [passA] 2575500/2579741 tos=0 (6707s)
  [passA] 2576000/2579741 tos=0 (6707s)
  [passA] 2576500/2579741 tos=0 (6707s)
  [passA] 2577000/2579741 tos=0 (6707s)
  [passA] 2577500/2579741 tos=0 (6707s)
  [passA] 2578000/2579741 tos=0 (6707s)
  [passA] 2578241/2579741 tos=0 (6707s)
  [passA] 2578741/2579741 tos=0 (6707s)
  [passA] 2579241/2579741 tos=0 (6707s)
  [passA] 2579741/2579741 tos=0 (6707s)
  [passB] knapsack bound on 0 survivors
  [passB] knap-cut=0, residue=0 (6708s)
DONE in 6708s.  refuted=0
ledger: /home/bob/programming/scrabble4/experiments/results/certs/global_bouwfysicas/ledger.json
verdicts: /home/bob/programming/scrabble4/experiments/results/certs/global_bouwfysicas/verdicts.jsonl
Now run:  check /home/bob/programming/scrabble4/experiments/results/certs/global_bouwfysicas/ledger.json
